[streaming] Start replay year=2024, files=4, started_topic=nyc-taxi-trip-started, completed_topic=nyc-taxi-trip-completed, speed_multiplier=500.0, flush_every=100
[streaming] Reading full file into RAM: yellow_tripdata_2024-09.parquet
[streaming] Prepared file=yellow_tripdata_2024-09.parquet, rows_before=3633030, rows_after=3633027
[streaming] Sent=100 (started=88, completed=12), bad_ts=0, last_valid_ts=2024-09-01 00:00:51
[streaming] Progress: 100 events. kind=started, simulation_time=2024-09-01 00:00:52
[streaming] Sent=200 (started=184, completed=16), bad_ts=0, last_valid_ts=2024-09-01 00:02:01
[streaming] Progress: 200 events. kind=started, simulation_time=2024-09-01 00:02:01
[streaming] Sent=300 (started=282, completed=18), bad_ts=0, last_valid_ts=2024-09-01 00:03:13
[streaming] Progress: 300 events. kind=started, simulation_time=2024-09-01 00:03:13
[streaming] Sent=400 (started=375, completed=25), bad_ts=0, last_valid_ts=2024-09-01 00:04:21
[streaming] Progress: 400 events. kind=started, simulation_time=2024-09-01 00:04:23
[streaming] Sent=500 (started=469, completed=31), bad_ts=0, last_valid_ts=2024-09-01 00:05:37
[streaming] Progress: 500 events. kind=started, simulation_time=2024-09-01 00:05:38
[streaming] Sent=600 (started=547, completed=53), bad_ts=0, last_valid_ts=2024-09-01 00:06:44
[streaming] Progress: 600 events. kind=started, simulation_time=2024-09-01 00:06:45
[streaming] Sent=700 (started=628, completed=72), bad_ts=0, last_valid_ts=2024-09-01 00:08:05
[streaming] Progress: 700 events. kind=started, simulation_time=2024-09-01 00:08:05
[streaming] Sent=800 (started=706, completed=94), bad_ts=0, last_valid_ts=2024-09-01 00:09:00
[streaming] Progress: 800 events. kind=started, simulation_time=2024-09-01 00:09:01
[streaming] Sent=900 (started=773, completed=127), bad_ts=0, last_valid_ts=2024-09-01 00:10:05
[streaming] Progress: 900 events. kind=started, simulation_time=2024-09-01 00:10:06
[streaming] Sent=1000 (started=841, completed=159), bad_ts=0, last_valid_ts=2024-09-01 00:11:01
[streaming] Progress: 1000 events. kind=completed, simulation_time=2024-09-01 00:11:02
[streaming] Sent=1100 (started=908, completed=192), bad_ts=0, last_valid_ts=2024-09-01 00:12:05
[streaming] Progress: 1100 events. kind=started, simulation_time=2024-09-01 00:12:06
[streaming] Sent=1200 (started=970, completed=230), bad_ts=0, last_valid_ts=2024-09-01 00:13:02
[streaming] Progress: 1200 events. kind=started, simulation_time=2024-09-01 00:13:03
[streaming] Sent=1300 (started=1037, completed=263), bad_ts=0, last_valid_ts=2024-09-01 00:13:51
[streaming] Progress: 1300 events. kind=started, simulation_time=2024-09-01 00:13:52
[streaming] Sent=1400 (started=1101, completed=299), bad_ts=0, last_valid_ts=2024-09-01 00:14:42
[streaming] Progress: 1400 events. kind=started, simulation_time=2024-09-01 00:14:42
[streaming] Sent=1500 (started=1167, completed=333), bad_ts=0, last_valid_ts=2024-09-01 00:15:30
[streaming] Progress: 1500 events. kind=started, simulation_time=2024-09-01 00:15:31
[streaming] Sent=1600 (started=1229, completed=371), bad_ts=0, last_valid_ts=2024-09-01 00:16:21
[streaming] Progress: 1600 events. kind=started, simulation_time=2024-09-01 00:16:21
[streaming] Sent=1700 (started=1287, completed=413), bad_ts=0, last_valid_ts=2024-09-01 00:17:26
[streaming] Progress: 1700 events. kind=started, simulation_time=2024-09-01 00:17:26
[streaming] Sent=1800 (started=1346, completed=454), bad_ts=0, last_valid_ts=2024-09-01 00:18:13
[streaming] Progress: 1800 events. kind=started, simulation_time=2024-09-01 00:18:14
[streaming] Sent=1900 (started=1398, completed=502), bad_ts=0, last_valid_ts=2024-09-01 00:19:01
[streaming] Progress: 1900 events. kind=completed, simulation_time=2024-09-01 00:19:02
[streaming] Sent=2000 (started=1449, completed=551), bad_ts=0, last_valid_ts=2024-09-01 00:19:57
[streaming] Progress: 2000 events. kind=started, simulation_time=2024-09-01 00:19:58
[streaming] Sent=2100 (started=1499, completed=601), bad_ts=0, last_valid_ts=2024-09-01 00:20:51
[streaming] Progress: 2100 events. kind=completed, simulation_time=2024-09-01 00:20:52
[streaming] Sent=2200 (started=1559, completed=641), bad_ts=0, last_valid_ts=2024-09-01 00:21:36
[streaming] Progress: 2200 events. kind=started, simulation_time=2024-09-01 00:21:36
[streaming] Sent=2300 (started=1617, completed=683), bad_ts=0, last_valid_ts=2024-09-01 00:22:29
[streaming] Progress: 2300 events. kind=started, simulation_time=2024-09-01 00:22:29
[streaming] Sent=2400 (started=1677, completed=723), bad_ts=0, last_valid_ts=2024-09-01 00:23:17
[streaming] Progress: 2400 events. kind=completed, simulation_time=2024-09-01 00:23:18
[streaming] Sent=2500 (started=1741, completed=759), bad_ts=0, last_valid_ts=2024-09-01 00:24:00
[streaming] Progress: 2500 events. kind=started, simulation_time=2024-09-01 00:24:00
[streaming] Sent=2600 (started=1792, completed=808), bad_ts=0, last_valid_ts=2024-09-01 00:24:44
[streaming] Progress: 2600 events. kind=completed, simulation_time=2024-09-01 00:24:44
[streaming] Sent=2700 (started=1854, completed=846), bad_ts=0, last_valid_ts=2024-09-01 00:25:28
[streaming] Progress: 2700 events. kind=started, simulation_time=2024-09-01 00:25:28
[streaming] Sent=2800 (started=1919, completed=881), bad_ts=0, last_valid_ts=2024-09-01 00:26:12
[streaming] Progress: 2800 events. kind=started, simulation_time=2024-09-01 00:26:13
[streaming] Sent=2900 (started=1965, completed=935), bad_ts=0, last_valid_ts=2024-09-01 00:27:00
[streaming] Progress: 2900 events. kind=completed, simulation_time=2024-09-01 00:27:00
[streaming] Sent=3000 (started=2023, completed=977), bad_ts=0, last_valid_ts=2024-09-01 00:27:39
[streaming] Progress: 3000 events. kind=started, simulation_time=2024-09-01 00:27:39
[streaming] Sent=3100 (started=2067, completed=1033), bad_ts=0, last_valid_ts=2024-09-01 00:28:24
[streaming] Progress: 3100 events. kind=started, simulation_time=2024-09-01 00:28:24
[streaming] Sent=3200 (started=2114, completed=1086), bad_ts=0, last_valid_ts=2024-09-01 00:29:06
[streaming] Progress: 3200 events. kind=completed, simulation_time=2024-09-01 00:29:06
[streaming] Sent=3300 (started=2167, completed=1133), bad_ts=0, last_valid_ts=2024-09-01 00:29:48
[streaming] Progress: 3300 events. kind=started, simulation_time=2024-09-01 00:29:48
[streaming] Sent=3400 (started=2220, completed=1180), bad_ts=0, last_valid_ts=2024-09-01 00:30:35
[streaming] Progress: 3400 events. kind=completed, simulation_time=2024-09-01 00:30:36
[streaming] Sent=3500 (started=2267, completed=1233), bad_ts=0, last_valid_ts=2024-09-01 00:31:18
[streaming] Progress: 3500 events. kind=completed, simulation_time=2024-09-01 00:31:19
[streaming] Sent=3600 (started=2325, completed=1275), bad_ts=0, last_valid_ts=2024-09-01 00:32:07
[streaming] Progress: 3600 events. kind=started, simulation_time=2024-09-01 00:32:07
[streaming] Sent=3700 (started=2374, completed=1326), bad_ts=0, last_valid_ts=2024-09-01 00:33:00
[streaming] Progress: 3700 events. kind=started, simulation_time=2024-09-01 00:33:00
[streaming] Sent=3800 (started=2426, completed=1374), bad_ts=0, last_valid_ts=2024-09-01 00:33:44
[streaming] Progress: 3800 events. kind=completed, simulation_time=2024-09-01 00:33:45
[streaming] Sent=3900 (started=2476, completed=1424), bad_ts=0, last_valid_ts=2024-09-01 00:34:30
[streaming] Progress: 3900 events. kind=completed, simulation_time=2024-09-01 00:34:30
[streaming] Sent=4000 (started=2514, completed=1486), bad_ts=0, last_valid_ts=2024-09-01 00:35:08
[streaming] Progress: 4000 events. kind=completed, simulation_time=2024-09-01 00:35:09
[streaming] Sent=4100 (started=2558, completed=1542), bad_ts=0, last_valid_ts=2024-09-01 00:35:54
[streaming] Progress: 4100 events. kind=started, simulation_time=2024-09-01 00:35:54
[streaming] Sent=4200 (started=2612, completed=1588), bad_ts=0, last_valid_ts=2024-09-01 00:36:36
[streaming] Progress: 4200 events. kind=started, simulation_time=2024-09-01 00:36:36
[streaming] Sent=4300 (started=2662, completed=1638), bad_ts=0, last_valid_ts=2024-09-01 00:37:20
[streaming] Progress: 4300 events. kind=completed, simulation_time=2024-09-01 00:37:21
[streaming] Sent=4400 (started=2716, completed=1684), bad_ts=0, last_valid_ts=2024-09-01 00:37:57
[streaming] Progress: 4400 events. kind=completed, simulation_time=2024-09-01 00:37:57
[streaming] Sent=4500 (started=2764, completed=1736), bad_ts=0, last_valid_ts=2024-09-01 00:38:42
[streaming] Progress: 4500 events. kind=started, simulation_time=2024-09-01 00:38:42
[streaming] Sent=4600 (started=2808, completed=1792), bad_ts=0, last_valid_ts=2024-09-01 00:39:20
[streaming] Progress: 4600 events. kind=completed, simulation_time=2024-09-01 00:39:20
[streaming] Sent=4700 (started=2858, completed=1842), bad_ts=0, last_valid_ts=2024-09-01 00:40:07
[streaming] Progress: 4700 events. kind=started, simulation_time=2024-09-01 00:40:07
[streaming] Sent=4800 (started=2900, completed=1900), bad_ts=0, last_valid_ts=2024-09-01 00:40:52
[streaming] Progress: 4800 events. kind=started, simulation_time=2024-09-01 00:40:53
[streaming] Sent=4900 (started=2948, completed=1952), bad_ts=0, last_valid_ts=2024-09-01 00:41:30
[streaming] Progress: 4900 events. kind=started, simulation_time=2024-09-01 00:41:30
[streaming] Sent=5000 (started=2997, completed=2003), bad_ts=0, last_valid_ts=2024-09-01 00:42:07
[streaming] Progress: 5000 events. kind=started, simulation_time=2024-09-01 00:42:07
[streaming] Sent=5100 (started=3046, completed=2054), bad_ts=0, last_valid_ts=2024-09-01 00:42:48
[streaming] Progress: 5100 events. kind=completed, simulation_time=2024-09-01 00:42:48
[streaming] Sent=5200 (started=3098, completed=2102), bad_ts=0, last_valid_ts=2024-09-01 00:43:25
[streaming] Progress: 5200 events. kind=started, simulation_time=2024-09-01 00:43:25
[streaming] Sent=5300 (started=3145, completed=2155), bad_ts=0, last_valid_ts=2024-09-01 00:44:14
[streaming] Progress: 5300 events. kind=completed, simulation_time=2024-09-01 00:44:15
[streaming] Sent=5400 (started=3196, completed=2204), bad_ts=0, last_valid_ts=2024-09-01 00:44:53
[streaming] Progress: 5400 events. kind=started, simulation_time=2024-09-01 00:44:53
[streaming] Sent=5500 (started=3239, completed=2261), bad_ts=0, last_valid_ts=2024-09-01 00:45:34
[streaming] Progress: 5500 events. kind=started, simulation_time=2024-09-01 00:45:34
[streaming] Sent=5600 (started=3288, completed=2312), bad_ts=0, last_valid_ts=2024-09-01 00:46:26
[streaming] Progress: 5600 events. kind=started, simulation_time=2024-09-01 00:46:26
[streaming] Sent=5700 (started=3340, completed=2360), bad_ts=0, last_valid_ts=2024-09-01 00:47:07
[streaming] Progress: 5700 events. kind=started, simulation_time=2024-09-01 00:47:07
[streaming] Sent=5800 (started=3399, completed=2401), bad_ts=0, last_valid_ts=2024-09-01 00:47:51
[streaming] Progress: 5800 events. kind=started, simulation_time=2024-09-01 00:47:51
[streaming] Sent=5900 (started=3439, completed=2461), bad_ts=0, last_valid_ts=2024-09-01 00:48:27
[streaming] Progress: 5900 events. kind=completed, simulation_time=2024-09-01 00:48:27
[streaming] Sent=6000 (started=3495, completed=2505), bad_ts=0, last_valid_ts=2024-09-01 00:49:05
[streaming] Progress: 6000 events. kind=started, simulation_time=2024-09-01 00:49:05
[streaming] Sent=6100 (started=3545, completed=2555), bad_ts=0, last_valid_ts=2024-09-01 00:49:47
[streaming] Progress: 6100 events. kind=started, simulation_time=2024-09-01 00:49:47
[streaming] Sent=6200 (started=3584, completed=2616), bad_ts=0, last_valid_ts=2024-09-01 00:50:35
[streaming] Progress: 6200 events. kind=started, simulation_time=2024-09-01 00:50:37
[streaming] Sent=6300 (started=3639, completed=2661), bad_ts=0, last_valid_ts=2024-09-01 00:51:22
[streaming] Progress: 6300 events. kind=completed, simulation_time=2024-09-01 00:51:23
[streaming] Sent=6400 (started=3686, completed=2714), bad_ts=0, last_valid_ts=2024-09-01 00:52:02
[streaming] Progress: 6400 events. kind=completed, simulation_time=2024-09-01 00:52:02
[streaming] Sent=6500 (started=3736, completed=2764), bad_ts=0, last_valid_ts=2024-09-01 00:52:51
[streaming] Progress: 6500 events. kind=completed, simulation_time=2024-09-01 00:52:52
[streaming] Sent=6600 (started=3791, completed=2809), bad_ts=0, last_valid_ts=2024-09-01 00:53:38
[streaming] Progress: 6600 events. kind=started, simulation_time=2024-09-01 00:53:38
[streaming] Sent=6700 (started=3842, completed=2858), bad_ts=0, last_valid_ts=2024-09-01 00:54:22
[streaming] Progress: 6700 events. kind=started, simulation_time=2024-09-01 00:54:22
[streaming] Sent=6800 (started=3895, completed=2905), bad_ts=0, last_valid_ts=2024-09-01 00:55:16
[streaming] Progress: 6800 events. kind=completed, simulation_time=2024-09-01 00:55:18
[streaming] Sent=6900 (started=3942, completed=2958), bad_ts=0, last_valid_ts=2024-09-01 00:55:59
[streaming] Progress: 6900 events. kind=completed, simulation_time=2024-09-01 00:56:00
[streaming] Sent=7000 (started=3988, completed=3012), bad_ts=0, last_valid_ts=2024-09-01 00:56:44
[streaming] Progress: 7000 events. kind=started, simulation_time=2024-09-01 00:56:44
[streaming] Sent=7100 (started=4043, completed=3057), bad_ts=0, last_valid_ts=2024-09-01 00:57:30
[streaming] Progress: 7100 events. kind=completed, simulation_time=2024-09-01 00:57:30
[streaming] Sent=7200 (started=4096, completed=3104), bad_ts=0, last_valid_ts=2024-09-01 00:58:05
[streaming] Progress: 7200 events. kind=started, simulation_time=2024-09-01 00:58:05
[streaming] Sent=7300 (started=4141, completed=3159), bad_ts=0, last_valid_ts=2024-09-01 00:58:41
[streaming] Progress: 7300 events. kind=completed, simulation_time=2024-09-01 00:58:41
[streaming] Sent=7400 (started=4184, completed=3216), bad_ts=0, last_valid_ts=2024-09-01 00:59:24
[streaming] Progress: 7400 events. kind=completed, simulation_time=2024-09-01 00:59:24
[streaming] Sent=7500 (started=4235, completed=3265), bad_ts=0, last_valid_ts=2024-09-01 01:00:10
[streaming] Progress: 7500 events. kind=started, simulation_time=2024-09-01 01:00:10
[streaming] Sent=7600 (started=4276, completed=3324), bad_ts=0, last_valid_ts=2024-09-01 01:00:53
[streaming] Progress: 7600 events. kind=completed, simulation_time=2024-09-01 01:00:54
[streaming] Sent=7700 (started=4318, completed=3382), bad_ts=0, last_valid_ts=2024-09-01 01:01:38
[streaming] Progress: 7700 events. kind=completed, simulation_time=2024-09-01 01:01:39
[streaming] Sent=7800 (started=4368, completed=3432), bad_ts=0, last_valid_ts=2024-09-01 01:02:29
[streaming] Progress: 7800 events. kind=started, simulation_time=2024-09-01 01:02:29
[streaming] Sent=7900 (started=4422, completed=3478), bad_ts=0, last_valid_ts=2024-09-01 01:03:10
[streaming] Progress: 7900 events. kind=started, simulation_time=2024-09-01 01:03:10
[streaming] Sent=8000 (started=4467, completed=3533), bad_ts=0, last_valid_ts=2024-09-01 01:04:00
[streaming] Progress: 8000 events. kind=started, simulation_time=2024-09-01 01:04:00
[streaming] Sent=8100 (started=4518, completed=3582), bad_ts=0, last_valid_ts=2024-09-01 01:04:41
[streaming] Progress: 8100 events. kind=started, simulation_time=2024-09-01 01:04:42
[streaming] Sent=8200 (started=4558, completed=3642), bad_ts=0, last_valid_ts=2024-09-01 01:05:26
[streaming] Progress: 8200 events. kind=started, simulation_time=2024-09-01 01:05:26
[streaming] Sent=8300 (started=4617, completed=3683), bad_ts=0, last_valid_ts=2024-09-01 01:06:11
[streaming] Progress: 8300 events. kind=completed, simulation_time=2024-09-01 01:06:12
[streaming] Sent=8400 (started=4662, completed=3738), bad_ts=0, last_valid_ts=2024-09-01 01:07:00
[streaming] Progress: 8400 events. kind=completed, simulation_time=2024-09-01 01:07:00
[streaming] Sent=8500 (started=4706, completed=3794), bad_ts=0, last_valid_ts=2024-09-01 01:07:42
[streaming] Progress: 8500 events. kind=completed, simulation_time=2024-09-01 01:07:43
[streaming] Sent=8600 (started=4760, completed=3840), bad_ts=0, last_valid_ts=2024-09-01 01:08:26
[streaming] Progress: 8600 events. kind=completed, simulation_time=2024-09-01 01:08:26
[streaming] Sent=8700 (started=4804, completed=3896), bad_ts=0, last_valid_ts=2024-09-01 01:09:08
[streaming] Progress: 8700 events. kind=started, simulation_time=2024-09-01 01:09:08
[streaming] Sent=8800 (started=4855, completed=3945), bad_ts=0, last_valid_ts=2024-09-01 01:09:58
[streaming] Progress: 8800 events. kind=started, simulation_time=2024-09-01 01:09:59
[streaming] Sent=8900 (started=4902, completed=3998), bad_ts=0, last_valid_ts=2024-09-01 01:10:51
[streaming] Progress: 8900 events. kind=completed, simulation_time=2024-09-01 01:10:51
[streaming] Sent=9000 (started=4945, completed=4055), bad_ts=0, last_valid_ts=2024-09-01 01:11:46
[streaming] Progress: 9000 events. kind=started, simulation_time=2024-09-01 01:11:46
[streaming] Sent=9100 (started=4993, completed=4107), bad_ts=0, last_valid_ts=2024-09-01 01:12:39
[streaming] Progress: 9100 events. kind=started, simulation_time=2024-09-01 01:12:39
[streaming] Sent=9200 (started=5038, completed=4162), bad_ts=0, last_valid_ts=2024-09-01 01:13:32
[streaming] Progress: 9200 events. kind=started, simulation_time=2024-09-01 01:13:32
[streaming] Sent=9300 (started=5085, completed=4215), bad_ts=0, last_valid_ts=2024-09-01 01:14:19
[streaming] Progress: 9300 events. kind=completed, simulation_time=2024-09-01 01:14:19
[streaming] Sent=9400 (started=5143, completed=4257), bad_ts=0, last_valid_ts=2024-09-01 01:15:04
[streaming] Progress: 9400 events. kind=started, simulation_time=2024-09-01 01:15:04
[streaming] Sent=9500 (started=5188, completed=4312), bad_ts=0, last_valid_ts=2024-09-01 01:15:53
[streaming] Progress: 9500 events. kind=completed, simulation_time=2024-09-01 01:15:54
[streaming] Sent=9600 (started=5228, completed=4372), bad_ts=0, last_valid_ts=2024-09-01 01:16:47
[streaming] Progress: 9600 events. kind=completed, simulation_time=2024-09-01 01:16:47
[streaming] Sent=9700 (started=5275, completed=4425), bad_ts=0, last_valid_ts=2024-09-01 01:17:30
[streaming] Progress: 9700 events. kind=started, simulation_time=2024-09-01 01:17:30
[streaming] Sent=9800 (started=5321, completed=4479), bad_ts=0, last_valid_ts=2024-09-01 01:18:31
[streaming] Progress: 9800 events. kind=completed, simulation_time=2024-09-01 01:18:31
[streaming] Sent=9900 (started=5377, completed=4523), bad_ts=0, last_valid_ts=2024-09-01 01:19:21
[streaming] Progress: 9900 events. kind=completed, simulation_time=2024-09-01 01:19:22
[streaming] Sent=10000 (started=5416, completed=4584), bad_ts=0, last_valid_ts=2024-09-01 01:20:06
[streaming] Progress: 10000 events. kind=completed, simulation_time=2024-09-01 01:20:06
[streaming] Sent=10100 (started=5462, completed=4638), bad_ts=0, last_valid_ts=2024-09-01 01:21:00
[streaming] Progress: 10100 events. kind=started, simulation_time=2024-09-01 01:21:00
[streaming] Sent=10200 (started=5513, completed=4687), bad_ts=0, last_valid_ts=2024-09-01 01:21:43
[streaming] Progress: 10200 events. kind=started, simulation_time=2024-09-01 01:21:43
[streaming] Sent=10300 (started=5562, completed=4738), bad_ts=0, last_valid_ts=2024-09-01 01:22:34
[streaming] Progress: 10300 events. kind=completed, simulation_time=2024-09-01 01:22:35
[streaming] Sent=10400 (started=5612, completed=4788), bad_ts=0, last_valid_ts=2024-09-01 01:23:32
[streaming] Progress: 10400 events. kind=started, simulation_time=2024-09-01 01:23:32
[streaming] Sent=10500 (started=5658, completed=4842), bad_ts=0, last_valid_ts=2024-09-01 01:24:20
[streaming] Progress: 10500 events. kind=completed, simulation_time=2024-09-01 01:24:20
[streaming] Sent=10600 (started=5716, completed=4884), bad_ts=0, last_valid_ts=2024-09-01 01:25:07
[streaming] Progress: 10600 events. kind=started, simulation_time=2024-09-01 01:25:08
[streaming] Sent=10700 (started=5774, completed=4926), bad_ts=0, last_valid_ts=2024-09-01 01:26:04
[streaming] Progress: 10700 events. kind=completed, simulation_time=2024-09-01 01:26:05
[streaming] Sent=10800 (started=5815, completed=4985), bad_ts=0, last_valid_ts=2024-09-01 01:26:52
[streaming] Progress: 10800 events. kind=completed, simulation_time=2024-09-01 01:26:53
[streaming] Sent=10900 (started=5857, completed=5043), bad_ts=0, last_valid_ts=2024-09-01 01:27:37
[streaming] Progress: 10900 events. kind=completed, simulation_time=2024-09-01 01:27:38
[streaming] Sent=11000 (started=5903, completed=5097), bad_ts=0, last_valid_ts=2024-09-01 01:28:32
[streaming] Progress: 11000 events. kind=completed, simulation_time=2024-09-01 01:28:33
[streaming] Sent=11100 (started=5948, completed=5152), bad_ts=0, last_valid_ts=2024-09-01 01:29:32
[streaming] Progress: 11100 events. kind=completed, simulation_time=2024-09-01 01:29:32
[streaming] Sent=11200 (started=5995, completed=5205), bad_ts=0, last_valid_ts=2024-09-01 01:30:25
[streaming] Progress: 11200 events. kind=started, simulation_time=2024-09-01 01:30:25
[streaming] Sent=11300 (started=6042, completed=5258), bad_ts=0, last_valid_ts=2024-09-01 01:31:14
[streaming] Progress: 11300 events. kind=started, simulation_time=2024-09-01 01:31:14
[streaming] Sent=11400 (started=6091, completed=5309), bad_ts=0, last_valid_ts=2024-09-01 01:32:12
[streaming] Progress: 11400 events. kind=started, simulation_time=2024-09-01 01:32:12
[streaming] Sent=11500 (started=6141, completed=5359), bad_ts=0, last_valid_ts=2024-09-01 01:33:08
[streaming] Progress: 11500 events. kind=completed, simulation_time=2024-09-01 01:33:08
[streaming] Sent=11600 (started=6188, completed=5412), bad_ts=0, last_valid_ts=2024-09-01 01:34:06
[streaming] Progress: 11600 events. kind=completed, simulation_time=2024-09-01 01:34:06
[streaming] Sent=11700 (started=6219, completed=5481), bad_ts=0, last_valid_ts=2024-09-01 01:34:55
[streaming] Progress: 11700 events. kind=started, simulation_time=2024-09-01 01:34:55
[streaming] Sent=11800 (started=6259, completed=5541), bad_ts=0, last_valid_ts=2024-09-01 01:35:54
[streaming] Progress: 11800 events. kind=completed, simulation_time=2024-09-01 01:35:54
[streaming] Sent=11900 (started=6312, completed=5588), bad_ts=0, last_valid_ts=2024-09-01 01:36:36
[streaming] Progress: 11900 events. kind=completed, simulation_time=2024-09-01 01:36:36
[streaming] Sent=12000 (started=6356, completed=5644), bad_ts=0, last_valid_ts=2024-09-01 01:37:28
[streaming] Progress: 12000 events. kind=started, simulation_time=2024-09-01 01:37:28
[streaming] Sent=12100 (started=6400, completed=5700), bad_ts=0, last_valid_ts=2024-09-01 01:38:21
[streaming] Progress: 12100 events. kind=started, simulation_time=2024-09-01 01:38:22
[streaming] Sent=12200 (started=6450, completed=5750), bad_ts=0, last_valid_ts=2024-09-01 01:39:13
[streaming] Progress: 12200 events. kind=started, simulation_time=2024-09-01 01:39:13
[streaming] Sent=12300 (started=6501, completed=5799), bad_ts=0, last_valid_ts=2024-09-01 01:40:01
[streaming] Progress: 12300 events. kind=started, simulation_time=2024-09-01 01:40:02
[streaming] Sent=12400 (started=6544, completed=5856), bad_ts=0, last_valid_ts=2024-09-01 01:40:49
[streaming] Progress: 12400 events. kind=started, simulation_time=2024-09-01 01:40:49
[streaming] Sent=12500 (started=6589, completed=5911), bad_ts=0, last_valid_ts=2024-09-01 01:41:48
[streaming] Progress: 12500 events. kind=completed, simulation_time=2024-09-01 01:41:48
[streaming] Sent=12600 (started=6640, completed=5960), bad_ts=0, last_valid_ts=2024-09-01 01:42:41
[streaming] Progress: 12600 events. kind=started, simulation_time=2024-09-01 01:42:41
[streaming] Sent=12700 (started=6689, completed=6011), bad_ts=0, last_valid_ts=2024-09-01 01:43:30
[streaming] Progress: 12700 events. kind=started, simulation_time=2024-09-01 01:43:31
[streaming] Sent=12800 (started=6742, completed=6058), bad_ts=0, last_valid_ts=2024-09-01 01:44:22
[streaming] Progress: 12800 events. kind=started, simulation_time=2024-09-01 01:44:25
[streaming] Sent=12900 (started=6790, completed=6110), bad_ts=0, last_valid_ts=2024-09-01 01:45:19
[streaming] Progress: 12900 events. kind=started, simulation_time=2024-09-01 01:45:19
[streaming] Sent=13000 (started=6830, completed=6170), bad_ts=0, last_valid_ts=2024-09-01 01:46:12
[streaming] Progress: 13000 events. kind=completed, simulation_time=2024-09-01 01:46:13
[streaming] Sent=13100 (started=6875, completed=6225), bad_ts=0, last_valid_ts=2024-09-01 01:47:06
[streaming] Progress: 13100 events. kind=started, simulation_time=2024-09-01 01:47:08
[streaming] Sent=13200 (started=6923, completed=6277), bad_ts=0, last_valid_ts=2024-09-01 01:48:06
[streaming] Progress: 13200 events. kind=started, simulation_time=2024-09-01 01:48:06
[streaming] Sent=13300 (started=6973, completed=6327), bad_ts=0, last_valid_ts=2024-09-01 01:49:04
[streaming] Progress: 13300 events. kind=completed, simulation_time=2024-09-01 01:49:04
[streaming] Sent=13400 (started=7017, completed=6383), bad_ts=0, last_valid_ts=2024-09-01 01:50:10
[streaming] Progress: 13400 events. kind=completed, simulation_time=2024-09-01 01:50:12
[streaming] Sent=13500 (started=7068, completed=6432), bad_ts=0, last_valid_ts=2024-09-01 01:51:10
[streaming] Progress: 13500 events. kind=started, simulation_time=2024-09-01 01:51:10
[streaming] Sent=13600 (started=7108, completed=6492), bad_ts=0, last_valid_ts=2024-09-01 01:52:16
[streaming] Progress: 13600 events. kind=completed, simulation_time=2024-09-01 01:52:16
[streaming] Sent=13700 (started=7150, completed=6550), bad_ts=0, last_valid_ts=2024-09-01 01:53:23
[streaming] Progress: 13700 events. kind=completed, simulation_time=2024-09-01 01:53:24
[streaming] Sent=13800 (started=7198, completed=6602), bad_ts=0, last_valid_ts=2024-09-01 01:54:23
[streaming] Progress: 13800 events. kind=started, simulation_time=2024-09-01 01:54:23
[streaming] Sent=13900 (started=7248, completed=6652), bad_ts=0, last_valid_ts=2024-09-01 01:55:30
[streaming] Progress: 13900 events. kind=started, simulation_time=2024-09-01 01:55:30
[streaming] Sent=14000 (started=7297, completed=6703), bad_ts=0, last_valid_ts=2024-09-01 01:56:35
[streaming] Progress: 14000 events. kind=started, simulation_time=2024-09-01 01:56:36
[streaming] Sent=14100 (started=7352, completed=6748), bad_ts=0, last_valid_ts=2024-09-01 01:57:37
[streaming] Progress: 14100 events. kind=completed, simulation_time=2024-09-01 01:57:37
[streaming] Sent=14200 (started=7396, completed=6804), bad_ts=0, last_valid_ts=2024-09-01 01:58:38
[streaming] Progress: 14200 events. kind=completed, simulation_time=2024-09-01 01:58:38
[streaming] Sent=14300 (started=7445, completed=6855), bad_ts=0, last_valid_ts=2024-09-01 01:59:40
[streaming] Progress: 14300 events. kind=completed, simulation_time=2024-09-01 01:59:41
[streaming] Sent=14400 (started=7505, completed=6895), bad_ts=0, last_valid_ts=2024-09-01 02:00:30
[streaming] Progress: 14400 events. kind=completed, simulation_time=2024-09-01 02:00:31
[streaming] Sent=14500 (started=7556, completed=6944), bad_ts=0, last_valid_ts=2024-09-01 02:01:43
[streaming] Progress: 14500 events. kind=started, simulation_time=2024-09-01 02:01:43
[streaming] Sent=14600 (started=7609, completed=6991), bad_ts=0, last_valid_ts=2024-09-01 02:02:47
[streaming] Progress: 14600 events. kind=completed, simulation_time=2024-09-01 02:02:47
[streaming] Sent=14700 (started=7654, completed=7046), bad_ts=0, last_valid_ts=2024-09-01 02:03:49
[streaming] Progress: 14700 events. kind=completed, simulation_time=2024-09-01 02:03:50
[streaming] Sent=14800 (started=7696, completed=7104), bad_ts=0, last_valid_ts=2024-09-01 02:04:47
[streaming] Progress: 14800 events. kind=completed, simulation_time=2024-09-01 02:04:48
[streaming] Sent=14900 (started=7749, completed=7151), bad_ts=0, last_valid_ts=2024-09-01 02:05:36
[streaming] Progress: 14900 events. kind=started, simulation_time=2024-09-01 02:05:37
[streaming] Sent=15000 (started=7792, completed=7208), bad_ts=0, last_valid_ts=2024-09-01 02:06:35
[streaming] Progress: 15000 events. kind=completed, simulation_time=2024-09-01 02:06:36
[streaming] Sent=15100 (started=7841, completed=7259), bad_ts=0, last_valid_ts=2024-09-01 02:07:39
[streaming] Progress: 15100 events. kind=completed, simulation_time=2024-09-01 02:07:39
[streaming] Sent=15200 (started=7900, completed=7300), bad_ts=0, last_valid_ts=2024-09-01 02:08:38
[streaming] Progress: 15200 events. kind=started, simulation_time=2024-09-01 02:08:39
[streaming] Sent=15300 (started=7950, completed=7350), bad_ts=0, last_valid_ts=2024-09-01 02:09:43
[streaming] Progress: 15300 events. kind=started, simulation_time=2024-09-01 02:09:44
[streaming] Sent=15400 (started=8009, completed=7391), bad_ts=0, last_valid_ts=2024-09-01 02:10:51
[streaming] Progress: 15400 events. kind=started, simulation_time=2024-09-01 02:10:51
[streaming] Sent=15500 (started=8058, completed=7442), bad_ts=0, last_valid_ts=2024-09-01 02:11:53
[streaming] Progress: 15500 events. kind=started, simulation_time=2024-09-01 02:11:53
[streaming] Sent=15600 (started=8106, completed=7494), bad_ts=0, last_valid_ts=2024-09-01 02:13:00
[streaming] Progress: 15600 events. kind=completed, simulation_time=2024-09-01 02:13:01
[streaming] Sent=15700 (started=8158, completed=7542), bad_ts=0, last_valid_ts=2024-09-01 02:14:02
[streaming] Progress: 15700 events. kind=started, simulation_time=2024-09-01 02:14:05
[streaming] Sent=15800 (started=8217, completed=7583), bad_ts=0, last_valid_ts=2024-09-01 02:15:07
[streaming] Progress: 15800 events. kind=completed, simulation_time=2024-09-01 02:15:08
[streaming] Sent=15900 (started=8263, completed=7637), bad_ts=0, last_valid_ts=2024-09-01 02:16:07
[streaming] Progress: 15900 events. kind=completed, simulation_time=2024-09-01 02:16:08
[streaming] Sent=16000 (started=8313, completed=7687), bad_ts=0, last_valid_ts=2024-09-01 02:17:03
[streaming] Progress: 16000 events. kind=completed, simulation_time=2024-09-01 02:17:04
[streaming] Sent=16100 (started=8363, completed=7737), bad_ts=0, last_valid_ts=2024-09-01 02:18:10
[streaming] Progress: 16100 events. kind=completed, simulation_time=2024-09-01 02:18:11
[streaming] Sent=16200 (started=8406, completed=7794), bad_ts=0, last_valid_ts=2024-09-01 02:19:20
[streaming] Progress: 16200 events. kind=completed, simulation_time=2024-09-01 02:19:21
[streaming] Sent=16300 (started=8451, completed=7849), bad_ts=0, last_valid_ts=2024-09-01 02:20:14
[streaming] Progress: 16300 events. kind=completed, simulation_time=2024-09-01 02:20:15
[streaming] Sent=16400 (started=8492, completed=7908), bad_ts=0, last_valid_ts=2024-09-01 02:21:27
[streaming] Progress: 16400 events. kind=started, simulation_time=2024-09-01 02:21:27
[streaming] Sent=16500 (started=8541, completed=7959), bad_ts=0, last_valid_ts=2024-09-01 02:22:32
[streaming] Progress: 16500 events. kind=started, simulation_time=2024-09-01 02:22:33
[streaming] Sent=16600 (started=8590, completed=8010), bad_ts=0, last_valid_ts=2024-09-01 02:23:40
[streaming] Progress: 16600 events. kind=started, simulation_time=2024-09-01 02:23:41
[streaming] Sent=16700 (started=8640, completed=8060), bad_ts=0, last_valid_ts=2024-09-01 02:24:52
[streaming] Progress: 16700 events. kind=completed, simulation_time=2024-09-01 02:24:54
[streaming] Sent=16800 (started=8674, completed=8126), bad_ts=0, last_valid_ts=2024-09-01 02:26:05
[streaming] Progress: 16800 events. kind=completed, simulation_time=2024-09-01 02:26:07
[streaming] Sent=16900 (started=8715, completed=8185), bad_ts=0, last_valid_ts=2024-09-01 02:27:11
[streaming] Progress: 16900 events. kind=started, simulation_time=2024-09-01 02:27:11
[streaming] Sent=17000 (started=8761, completed=8239), bad_ts=0, last_valid_ts=2024-09-01 02:28:22
[streaming] Progress: 17000 events. kind=completed, simulation_time=2024-09-01 02:28:23
[streaming] Sent=17100 (started=8812, completed=8288), bad_ts=0, last_valid_ts=2024-09-01 02:29:22
[streaming] Progress: 17100 events. kind=completed, simulation_time=2024-09-01 02:29:22
[streaming] Sent=17200 (started=8864, completed=8336), bad_ts=0, last_valid_ts=2024-09-01 02:30:31
[streaming] Progress: 17200 events. kind=completed, simulation_time=2024-09-01 02:30:32
[streaming] Sent=17300 (started=8918, completed=8382), bad_ts=0, last_valid_ts=2024-09-01 02:31:41
[streaming] Progress: 17300 events. kind=completed, simulation_time=2024-09-01 02:31:42
[streaming] Sent=17400 (started=8965, completed=8435), bad_ts=0, last_valid_ts=2024-09-01 02:32:59
[streaming] Progress: 17400 events. kind=completed, simulation_time=2024-09-01 02:32:59
[streaming] Sent=17500 (started=9010, completed=8490), bad_ts=0, last_valid_ts=2024-09-01 02:34:11
[streaming] Progress: 17500 events. kind=completed, simulation_time=2024-09-01 02:34:11
[streaming] Sent=17600 (started=9054, completed=8546), bad_ts=0, last_valid_ts=2024-09-01 02:35:19
[streaming] Progress: 17600 events. kind=started, simulation_time=2024-09-01 02:35:20
[streaming] Sent=17700 (started=9108, completed=8592), bad_ts=0, last_valid_ts=2024-09-01 02:36:50
[streaming] Progress: 17700 events. kind=started, simulation_time=2024-09-01 02:36:50
[streaming] Sent=17800 (started=9157, completed=8643), bad_ts=0, last_valid_ts=2024-09-01 02:37:56
[streaming] Progress: 17800 events. kind=completed, simulation_time=2024-09-01 02:37:58
[streaming] Sent=17900 (started=9205, completed=8695), bad_ts=0, last_valid_ts=2024-09-01 02:39:04
[streaming] Progress: 17900 events. kind=started, simulation_time=2024-09-01 02:39:05
[streaming] Sent=18000 (started=9262, completed=8738), bad_ts=0, last_valid_ts=2024-09-01 02:40:12
[streaming] Progress: 18000 events. kind=started, simulation_time=2024-09-01 02:40:12
[streaming] Sent=18100 (started=9310, completed=8790), bad_ts=0, last_valid_ts=2024-09-01 02:41:28
[streaming] Progress: 18100 events. kind=completed, simulation_time=2024-09-01 02:41:29
[streaming] Sent=18200 (started=9353, completed=8847), bad_ts=0, last_valid_ts=2024-09-01 02:42:37
[streaming] Progress: 18200 events. kind=completed, simulation_time=2024-09-01 02:42:39
[streaming] Sent=18300 (started=9404, completed=8896), bad_ts=0, last_valid_ts=2024-09-01 02:44:00
[streaming] Progress: 18300 events. kind=started, simulation_time=2024-09-01 02:44:00
[streaming] Sent=18400 (started=9454, completed=8946), bad_ts=0, last_valid_ts=2024-09-01 02:45:14
[streaming] Progress: 18400 events. kind=started, simulation_time=2024-09-01 02:45:14
[streaming] Sent=18500 (started=9499, completed=9001), bad_ts=0, last_valid_ts=2024-09-01 02:46:41
[streaming] Progress: 18500 events. kind=started, simulation_time=2024-09-01 02:46:41
[streaming] Sent=18600 (started=9547, completed=9053), bad_ts=0, last_valid_ts=2024-09-01 02:48:03
[streaming] Progress: 18600 events. kind=completed, simulation_time=2024-09-01 02:48:03
[streaming] Sent=18700 (started=9597, completed=9103), bad_ts=0, last_valid_ts=2024-09-01 02:49:13
[streaming] Progress: 18700 events. kind=completed, simulation_time=2024-09-01 02:49:15
[streaming] Sent=18800 (started=9656, completed=9144), bad_ts=0, last_valid_ts=2024-09-01 02:50:32
[streaming] Progress: 18800 events. kind=started, simulation_time=2024-09-01 02:50:32
[streaming] Sent=18900 (started=9700, completed=9200), bad_ts=0, last_valid_ts=2024-09-01 02:51:55
[streaming] Progress: 18900 events. kind=completed, simulation_time=2024-09-01 02:51:55
[streaming] Sent=19000 (started=9746, completed=9254), bad_ts=0, last_valid_ts=2024-09-01 02:53:21
[streaming] Progress: 19000 events. kind=started, simulation_time=2024-09-01 02:53:22
[streaming] Sent=19100 (started=9787, completed=9313), bad_ts=0, last_valid_ts=2024-09-01 02:54:30
[streaming] Progress: 19100 events. kind=completed, simulation_time=2024-09-01 02:54:30
[streaming] Sent=19200 (started=9834, completed=9366), bad_ts=0, last_valid_ts=2024-09-01 02:55:40
[streaming] Progress: 19200 events. kind=started, simulation_time=2024-09-01 02:55:40
[streaming] Sent=19300 (started=9886, completed=9414), bad_ts=0, last_valid_ts=2024-09-01 02:56:58
[streaming] Progress: 19300 events. kind=started, simulation_time=2024-09-01 02:56:58
[streaming] Sent=19400 (started=9937, completed=9463), bad_ts=0, last_valid_ts=2024-09-01 02:58:14
[streaming] Progress: 19400 events. kind=completed, simulation_time=2024-09-01 02:58:15
[streaming] Sent=19500 (started=9986, completed=9514), bad_ts=0, last_valid_ts=2024-09-01 02:59:31
[streaming] Progress: 19500 events. kind=started, simulation_time=2024-09-01 02:59:31
[streaming] Sent=19600 (started=10031, completed=9569), bad_ts=0, last_valid_ts=2024-09-01 03:00:36
[streaming] Progress: 19600 events. kind=completed, simulation_time=2024-09-01 03:00:37
[streaming] Sent=19700 (started=10085, completed=9615), bad_ts=0, last_valid_ts=2024-09-01 03:01:57
[streaming] Progress: 19700 events. kind=started, simulation_time=2024-09-01 03:01:57
[streaming] Sent=19800 (started=10136, completed=9664), bad_ts=0, last_valid_ts=2024-09-01 03:03:12
[streaming] Progress: 19800 events. kind=completed, simulation_time=2024-09-01 03:03:14
[streaming] Sent=19900 (started=10183, completed=9717), bad_ts=0, last_valid_ts=2024-09-01 03:04:22
[streaming] Progress: 19900 events. kind=started, simulation_time=2024-09-01 03:04:23
[streaming] Sent=20000 (started=10227, completed=9773), bad_ts=0, last_valid_ts=2024-09-01 03:05:32
[streaming] Progress: 20000 events. kind=started, simulation_time=2024-09-01 03:05:35
[streaming] Sent=20100 (started=10284, completed=9816), bad_ts=0, last_valid_ts=2024-09-01 03:06:57
[streaming] Progress: 20100 events. kind=started, simulation_time=2024-09-01 03:06:58
[streaming] Sent=20200 (started=10337, completed=9863), bad_ts=0, last_valid_ts=2024-09-01 03:08:22
[streaming] Progress: 20200 events. kind=started, simulation_time=2024-09-01 03:08:22
[streaming] Sent=20300 (started=10383, completed=9917), bad_ts=0, last_valid_ts=2024-09-01 03:09:42
[streaming] Progress: 20300 events. kind=completed, simulation_time=2024-09-01 03:09:43
[streaming] Sent=20400 (started=10422, completed=9978), bad_ts=0, last_valid_ts=2024-09-01 03:11:09
[streaming] Progress: 20400 events. kind=started, simulation_time=2024-09-01 03:11:10
[streaming] Sent=20500 (started=10461, completed=10039), bad_ts=0, last_valid_ts=2024-09-01 03:12:21
[streaming] Progress: 20500 events. kind=completed, simulation_time=2024-09-01 03:12:21
[streaming] Sent=20600 (started=10508, completed=10092), bad_ts=0, last_valid_ts=2024-09-01 03:13:57
[streaming] Progress: 20600 events. kind=started, simulation_time=2024-09-01 03:13:58
[streaming] Sent=20700 (started=10555, completed=10145), bad_ts=0, last_valid_ts=2024-09-01 03:15:23
[streaming] Progress: 20700 events. kind=started, simulation_time=2024-09-01 03:15:24
[streaming] Sent=20800 (started=10605, completed=10195), bad_ts=0, last_valid_ts=2024-09-01 03:16:45
[streaming] Progress: 20800 events. kind=completed, simulation_time=2024-09-01 03:16:45
[streaming] Sent=20900 (started=10650, completed=10250), bad_ts=0, last_valid_ts=2024-09-01 03:18:08
[streaming] Progress: 20900 events. kind=completed, simulation_time=2024-09-01 03:18:08
[streaming] Sent=21000 (started=10704, completed=10296), bad_ts=0, last_valid_ts=2024-09-01 03:19:33
[streaming] Progress: 21000 events. kind=completed, simulation_time=2024-09-01 03:19:34
[streaming] Sent=21100 (started=10743, completed=10357), bad_ts=0, last_valid_ts=2024-09-01 03:21:05
[streaming] Progress: 21100 events. kind=completed, simulation_time=2024-09-01 03:21:05
[streaming] Sent=21200 (started=10800, completed=10400), bad_ts=0, last_valid_ts=2024-09-01 03:22:47
[streaming] Progress: 21200 events. kind=started, simulation_time=2024-09-01 03:22:47
[streaming] Sent=21300 (started=10846, completed=10454), bad_ts=0, last_valid_ts=2024-09-01 03:24:29
[streaming] Progress: 21300 events. kind=started, simulation_time=2024-09-01 03:24:30
[streaming] Sent=21400 (started=10903, completed=10497), bad_ts=0, last_valid_ts=2024-09-01 03:25:55
[streaming] Progress: 21400 events. kind=completed, simulation_time=2024-09-01 03:25:56
[streaming] Sent=21500 (started=10951, completed=10549), bad_ts=0, last_valid_ts=2024-09-01 03:27:14
[streaming] Progress: 21500 events. kind=completed, simulation_time=2024-09-01 03:27:15
[streaming] Sent=21600 (started=11001, completed=10599), bad_ts=0, last_valid_ts=2024-09-01 03:28:41
[streaming] Progress: 21600 events. kind=completed, simulation_time=2024-09-01 03:28:42
[streaming] Sent=21700 (started=11044, completed=10656), bad_ts=0, last_valid_ts=2024-09-01 03:30:20
[streaming] Progress: 21700 events. kind=completed, simulation_time=2024-09-01 03:30:20
[streaming] Sent=21800 (started=11091, completed=10709), bad_ts=0, last_valid_ts=2024-09-01 03:32:04
[streaming] Progress: 21800 events. kind=started, simulation_time=2024-09-01 03:32:04
[streaming] Sent=21900 (started=11135, completed=10765), bad_ts=0, last_valid_ts=2024-09-01 03:34:00
[streaming] Progress: 21900 events. kind=completed, simulation_time=2024-09-01 03:34:01
[streaming] Sent=22000 (started=11182, completed=10818), bad_ts=0, last_valid_ts=2024-09-01 03:35:31
[streaming] Progress: 22000 events. kind=started, simulation_time=2024-09-01 03:35:34
[streaming] Sent=22100 (started=11230, completed=10870), bad_ts=0, last_valid_ts=2024-09-01 03:37:28
[streaming] Progress: 22100 events. kind=completed, simulation_time=2024-09-01 03:37:29
[streaming] Sent=22200 (started=11276, completed=10924), bad_ts=0, last_valid_ts=2024-09-01 03:39:10
[streaming] Progress: 22200 events. kind=completed, simulation_time=2024-09-01 03:39:12
[streaming] Sent=22300 (started=11323, completed=10977), bad_ts=0, last_valid_ts=2024-09-01 03:41:04
[streaming] Progress: 22300 events. kind=completed, simulation_time=2024-09-01 03:41:05
[streaming] Sent=22400 (started=11374, completed=11026), bad_ts=0, last_valid_ts=2024-09-01 03:42:36
[streaming] Progress: 22400 events. kind=started, simulation_time=2024-09-01 03:42:37
[streaming] Sent=22500 (started=11418, completed=11082), bad_ts=0, last_valid_ts=2024-09-01 03:44:40
[streaming] Progress: 22500 events. kind=completed, simulation_time=2024-09-01 03:44:41
[streaming] Sent=22600 (started=11467, completed=11133), bad_ts=0, last_valid_ts=2024-09-01 03:46:50
[streaming] Progress: 22600 events. kind=completed, simulation_time=2024-09-01 03:46:50
[streaming] Sent=22700 (started=11521, completed=11179), bad_ts=0, last_valid_ts=2024-09-01 03:48:10
[streaming] Progress: 22700 events. kind=completed, simulation_time=2024-09-01 03:48:10
[streaming] Sent=22800 (started=11576, completed=11224), bad_ts=0, last_valid_ts=2024-09-01 03:49:58
[streaming] Progress: 22800 events. kind=completed, simulation_time=2024-09-01 03:50:00
[streaming] Sent=22900 (started=11623, completed=11277), bad_ts=0, last_valid_ts=2024-09-01 03:51:43
[streaming] Progress: 22900 events. kind=started, simulation_time=2024-09-01 03:51:43
[streaming] Sent=23000 (started=11676, completed=11324), bad_ts=0, last_valid_ts=2024-09-01 03:53:38
[streaming] Progress: 23000 events. kind=completed, simulation_time=2024-09-01 03:53:38
[streaming] Sent=23100 (started=11721, completed=11379), bad_ts=0, last_valid_ts=2024-09-01 03:55:09
[streaming] Progress: 23100 events. kind=completed, simulation_time=2024-09-01 03:55:09
[streaming] Sent=23200 (started=11766, completed=11434), bad_ts=0, last_valid_ts=2024-09-01 03:56:57
[streaming] Progress: 23200 events. kind=started, simulation_time=2024-09-01 03:56:57
[streaming] Sent=23300 (started=11820, completed=11480), bad_ts=0, last_valid_ts=2024-09-01 03:58:44
[streaming] Progress: 23300 events. kind=started, simulation_time=2024-09-01 03:58:45
[streaming] Sent=23400 (started=11865, completed=11535), bad_ts=0, last_valid_ts=2024-09-01 04:00:37
[streaming] Progress: 23400 events. kind=started, simulation_time=2024-09-01 04:00:37
[streaming] Sent=23500 (started=11923, completed=11577), bad_ts=0, last_valid_ts=2024-09-01 04:02:21
[streaming] Progress: 23500 events. kind=started, simulation_time=2024-09-01 04:02:21
[streaming] Sent=23600 (started=11973, completed=11627), bad_ts=0, last_valid_ts=2024-09-01 04:03:55
[streaming] Progress: 23600 events. kind=started, simulation_time=2024-09-01 04:03:55
[streaming] Sent=23700 (started=12024, completed=11676), bad_ts=0, last_valid_ts=2024-09-01 04:05:44
[streaming] Progress: 23700 events. kind=started, simulation_time=2024-09-01 04:05:45
[streaming] Sent=23800 (started=12072, completed=11728), bad_ts=0, last_valid_ts=2024-09-01 04:07:36
[streaming] Progress: 23800 events. kind=completed, simulation_time=2024-09-01 04:07:37
[streaming] Sent=23900 (started=12128, completed=11772), bad_ts=0, last_valid_ts=2024-09-01 04:09:32
[streaming] Progress: 23900 events. kind=started, simulation_time=2024-09-01 04:09:34
[streaming] Sent=24000 (started=12176, completed=11824), bad_ts=0, last_valid_ts=2024-09-01 04:11:19
[streaming] Progress: 24000 events. kind=completed, simulation_time=2024-09-01 04:11:19
[streaming] Sent=24100 (started=12223, completed=11877), bad_ts=0, last_valid_ts=2024-09-01 04:13:08
[streaming] Progress: 24100 events. kind=started, simulation_time=2024-09-01 04:13:10
[streaming] Sent=24200 (started=12270, completed=11930), bad_ts=0, last_valid_ts=2024-09-01 04:15:09
[streaming] Progress: 24200 events. kind=started, simulation_time=2024-09-01 04:15:09
[streaming] Sent=24300 (started=12321, completed=11979), bad_ts=0, last_valid_ts=2024-09-01 04:17:26
[streaming] Progress: 24300 events. kind=completed, simulation_time=2024-09-01 04:17:30
[streaming] Sent=24400 (started=12362, completed=12038), bad_ts=0, last_valid_ts=2024-09-01 04:19:34
[streaming] Progress: 24400 events. kind=started, simulation_time=2024-09-01 04:19:35
[streaming] Sent=24500 (started=12407, completed=12093), bad_ts=0, last_valid_ts=2024-09-01 04:21:31
[streaming] Progress: 24500 events. kind=completed, simulation_time=2024-09-01 04:21:31
[streaming] Sent=24600 (started=12446, completed=12154), bad_ts=0, last_valid_ts=2024-09-01 04:23:48
[streaming] Progress: 24600 events. kind=started, simulation_time=2024-09-01 04:23:48
[streaming] Sent=24700 (started=12490, completed=12210), bad_ts=0, last_valid_ts=2024-09-01 04:26:20
[streaming] Progress: 24700 events. kind=started, simulation_time=2024-09-01 04:26:20
[streaming] Sent=24800 (started=12536, completed=12264), bad_ts=0, last_valid_ts=2024-09-01 04:28:49
[streaming] Progress: 24800 events. kind=completed, simulation_time=2024-09-01 04:28:50
[streaming] Sent=24900 (started=12581, completed=12319), bad_ts=0, last_valid_ts=2024-09-01 04:31:47
[streaming] Progress: 24900 events. kind=started, simulation_time=2024-09-01 04:31:52
[streaming] Sent=25000 (started=12627, completed=12373), bad_ts=0, last_valid_ts=2024-09-01 04:35:06
[streaming] Progress: 25000 events. kind=started, simulation_time=2024-09-01 04:35:06
[streaming] Sent=25100 (started=12674, completed=12426), bad_ts=0, last_valid_ts=2024-09-01 04:37:37
[streaming] Progress: 25100 events. kind=started, simulation_time=2024-09-01 04:37:39
[streaming] Sent=25200 (started=12718, completed=12482), bad_ts=0, last_valid_ts=2024-09-01 04:41:00
[streaming] Progress: 25200 events. kind=started, simulation_time=2024-09-01 04:41:00
[streaming] Sent=25300 (started=12767, completed=12533), bad_ts=0, last_valid_ts=2024-09-01 04:45:06
[streaming] Progress: 25300 events. kind=started, simulation_time=2024-09-01 04:45:06
[streaming] Sent=25400 (started=12805, completed=12595), bad_ts=0, last_valid_ts=2024-09-01 04:48:32
[streaming] Progress: 25400 events. kind=started, simulation_time=2024-09-01 04:48:33
[streaming] Sent=25500 (started=12847, completed=12653), bad_ts=0, last_valid_ts=2024-09-01 04:51:41
[streaming] Progress: 25500 events. kind=completed, simulation_time=2024-09-01 04:51:49
[streaming] Sent=25600 (started=12890, completed=12710), bad_ts=0, last_valid_ts=2024-09-01 04:55:46
[streaming] Progress: 25600 events. kind=started, simulation_time=2024-09-01 04:55:46
[streaming] Sent=25700 (started=12931, completed=12769), bad_ts=0, last_valid_ts=2024-09-01 04:59:25
[streaming] Progress: 25700 events. kind=completed, simulation_time=2024-09-01 04:59:26
[streaming] Sent=25800 (started=12987, completed=12813), bad_ts=0, last_valid_ts=2024-09-01 05:04:35
[streaming] Progress: 25800 events. kind=started, simulation_time=2024-09-01 05:04:35
[streaming] Sent=25900 (started=13026, completed=12874), bad_ts=0, last_valid_ts=2024-09-01 05:09:00
[streaming] Progress: 25900 events. kind=started, simulation_time=2024-09-01 05:09:00
[streaming] Sent=26000 (started=13074, completed=12926), bad_ts=0, last_valid_ts=2024-09-01 05:14:24
[streaming] Progress: 26000 events. kind=completed, simulation_time=2024-09-01 05:14:27
[streaming] Sent=26100 (started=13121, completed=12979), bad_ts=0, last_valid_ts=2024-09-01 05:19:42
[streaming] Progress: 26100 events. kind=started, simulation_time=2024-09-01 05:19:44
[streaming] Sent=26200 (started=13176, completed=13024), bad_ts=0, last_valid_ts=2024-09-01 05:25:49
[streaming] Progress: 26200 events. kind=completed, simulation_time=2024-09-01 05:25:50
[streaming] Sent=26300 (started=13225, completed=13075), bad_ts=0, last_valid_ts=2024-09-01 05:31:47
[streaming] Progress: 26300 events. kind=started, simulation_time=2024-09-01 05:31:47
[streaming] Sent=26400 (started=13275, completed=13125), bad_ts=0, last_valid_ts=2024-09-01 05:35:52
[streaming] Progress: 26400 events. kind=started, simulation_time=2024-09-01 05:35:52
[streaming] Sent=26500 (started=13322, completed=13178), bad_ts=0, last_valid_ts=2024-09-01 05:42:05
[streaming] Progress: 26500 events. kind=started, simulation_time=2024-09-01 05:42:09
[streaming] Sent=26600 (started=13378, completed=13222), bad_ts=0, last_valid_ts=2024-09-01 05:48:21
[streaming] Progress: 26600 events. kind=started, simulation_time=2024-09-01 05:48:31
[streaming] Sent=26700 (started=13423, completed=13277), bad_ts=0, last_valid_ts=2024-09-01 05:53:42
[streaming] Progress: 26700 events. kind=completed, simulation_time=2024-09-01 05:53:44
[streaming] Sent=26800 (started=13483, completed=13317), bad_ts=0, last_valid_ts=2024-09-01 05:58:32
[streaming] Progress: 26800 events. kind=started, simulation_time=2024-09-01 05:58:33
[streaming] Sent=26900 (started=13535, completed=13365), bad_ts=0, last_valid_ts=2024-09-01 06:03:38
[streaming] Progress: 26900 events. kind=completed, simulation_time=2024-09-01 06:03:39
[streaming] Sent=27000 (started=13594, completed=13406), bad_ts=0, last_valid_ts=2024-09-01 06:08:36
[streaming] Progress: 27000 events. kind=started, simulation_time=2024-09-01 06:08:37
[streaming] Sent=27100 (started=13640, completed=13460), bad_ts=0, last_valid_ts=2024-09-01 06:12:47
[streaming] Progress: 27100 events. kind=completed, simulation_time=2024-09-01 06:12:47
[streaming] Sent=27200 (started=13698, completed=13502), bad_ts=0, last_valid_ts=2024-09-01 06:17:11
[streaming] Progress: 27200 events. kind=completed, simulation_time=2024-09-01 06:17:17
[streaming] Sent=27300 (started=13758, completed=13542), bad_ts=0, last_valid_ts=2024-09-01 06:20:49
[streaming] Progress: 27300 events. kind=started, simulation_time=2024-09-01 06:20:50
[streaming] Sent=27400 (started=13806, completed=13594), bad_ts=0, last_valid_ts=2024-09-01 06:25:29
[streaming] Progress: 27400 events. kind=completed, simulation_time=2024-09-01 06:25:33
[streaming] Sent=27500 (started=13855, completed=13645), bad_ts=0, last_valid_ts=2024-09-01 06:28:45
[streaming] Progress: 27500 events. kind=started, simulation_time=2024-09-01 06:28:45
[streaming] Sent=27600 (started=13913, completed=13687), bad_ts=0, last_valid_ts=2024-09-01 06:32:44
[streaming] Progress: 27600 events. kind=completed, simulation_time=2024-09-01 06:32:45
[streaming] Sent=27700 (started=13965, completed=13735), bad_ts=0, last_valid_ts=2024-09-01 06:35:38
[streaming] Progress: 27700 events. kind=completed, simulation_time=2024-09-01 06:35:40
[streaming] Sent=27800 (started=14022, completed=13778), bad_ts=0, last_valid_ts=2024-09-01 06:38:57
[streaming] Progress: 27800 events. kind=completed, simulation_time=2024-09-01 06:39:00
[streaming] Sent=27900 (started=14081, completed=13819), bad_ts=0, last_valid_ts=2024-09-01 06:41:36
[streaming] Progress: 27900 events. kind=started, simulation_time=2024-09-01 06:41:38
[streaming] Sent=28000 (started=14127, completed=13873), bad_ts=0, last_valid_ts=2024-09-01 06:44:10
[streaming] Progress: 28000 events. kind=started, simulation_time=2024-09-01 06:44:10
[streaming] Sent=28100 (started=14176, completed=13924), bad_ts=0, last_valid_ts=2024-09-01 06:46:42
[streaming] Progress: 28100 events. kind=completed, simulation_time=2024-09-01 06:46:42
[streaming] Sent=28200 (started=14230, completed=13970), bad_ts=0, last_valid_ts=2024-09-01 06:49:52
[streaming] Progress: 28200 events. kind=completed, simulation_time=2024-09-01 06:49:54
[streaming] Sent=28300 (started=14282, completed=14018), bad_ts=0, last_valid_ts=2024-09-01 06:52:58
[streaming] Progress: 28300 events. kind=completed, simulation_time=2024-09-01 06:53:00
[streaming] Sent=28400 (started=14325, completed=14075), bad_ts=0, last_valid_ts=2024-09-01 06:56:04
[streaming] Progress: 28400 events. kind=completed, simulation_time=2024-09-01 06:56:05
[streaming] Sent=28500 (started=14374, completed=14126), bad_ts=0, last_valid_ts=2024-09-01 06:58:22
[streaming] Progress: 28500 events. kind=started, simulation_time=2024-09-01 06:58:24
[streaming] Sent=28600 (started=14414, completed=14186), bad_ts=0, last_valid_ts=2024-09-01 07:01:47
[streaming] Progress: 28600 events. kind=started, simulation_time=2024-09-01 07:01:47
[streaming] Sent=28700 (started=14469, completed=14231), bad_ts=0, last_valid_ts=2024-09-01 07:04:50
[streaming] Progress: 28700 events. kind=started, simulation_time=2024-09-01 07:04:51
[streaming] Sent=28800 (started=14518, completed=14282), bad_ts=0, last_valid_ts=2024-09-01 07:07:57
[streaming] Progress: 28800 events. kind=completed, simulation_time=2024-09-01 07:08:00
[streaming] Sent=28900 (started=14568, completed=14332), bad_ts=0, last_valid_ts=2024-09-01 07:11:07
[streaming] Progress: 28900 events. kind=started, simulation_time=2024-09-01 07:11:11
[streaming] Sent=29000 (started=14620, completed=14380), bad_ts=0, last_valid_ts=2024-09-01 07:14:17
[streaming] Progress: 29000 events. kind=completed, simulation_time=2024-09-01 07:14:19
[streaming] Sent=29100 (started=14669, completed=14431), bad_ts=0, last_valid_ts=2024-09-01 07:17:34
[streaming] Progress: 29100 events. kind=completed, simulation_time=2024-09-01 07:17:34
[streaming] Sent=29200 (started=14723, completed=14477), bad_ts=0, last_valid_ts=2024-09-01 07:20:21
[streaming] Progress: 29200 events. kind=started, simulation_time=2024-09-01 07:20:21
[streaming] Sent=29300 (started=14779, completed=14521), bad_ts=0, last_valid_ts=2024-09-01 07:23:13
[streaming] Progress: 29300 events. kind=completed, simulation_time=2024-09-01 07:23:16
[streaming] Sent=29400 (started=14820, completed=14580), bad_ts=0, last_valid_ts=2024-09-01 07:26:14
[streaming] Progress: 29400 events. kind=started, simulation_time=2024-09-01 07:26:14
[streaming] Sent=29500 (started=14867, completed=14633), bad_ts=0, last_valid_ts=2024-09-01 07:29:17
[streaming] Progress: 29500 events. kind=completed, simulation_time=2024-09-01 07:29:17
[streaming] Sent=29600 (started=14923, completed=14677), bad_ts=0, last_valid_ts=2024-09-01 07:32:17
[streaming] Progress: 29600 events. kind=completed, simulation_time=2024-09-01 07:32:18
[streaming] Sent=29700 (started=14961, completed=14739), bad_ts=0, last_valid_ts=2024-09-01 07:34:45
[streaming] Progress: 29700 events. kind=started, simulation_time=2024-09-01 07:34:46
[streaming] Sent=29800 (started=15004, completed=14796), bad_ts=0, last_valid_ts=2024-09-01 07:37:39
[streaming] Progress: 29800 events. kind=completed, simulation_time=2024-09-01 07:37:41
[streaming] Sent=29900 (started=15057, completed=14843), bad_ts=0, last_valid_ts=2024-09-01 07:40:22
[streaming] Progress: 29900 events. kind=started, simulation_time=2024-09-01 07:40:22
[streaming] Sent=30000 (started=15112, completed=14888), bad_ts=0, last_valid_ts=2024-09-01 07:43:14
[streaming] Progress: 30000 events. kind=completed, simulation_time=2024-09-01 07:43:16
[streaming] Sent=30100 (started=15165, completed=14935), bad_ts=0, last_valid_ts=2024-09-01 07:45:59
[streaming] Progress: 30100 events. kind=completed, simulation_time=2024-09-01 07:46:00
[streaming] Sent=30200 (started=15218, completed=14982), bad_ts=0, last_valid_ts=2024-09-01 07:48:34
[streaming] Progress: 30200 events. kind=completed, simulation_time=2024-09-01 07:48:34
[streaming] Sent=30300 (started=15281, completed=15019), bad_ts=0, last_valid_ts=2024-09-01 07:51:04
[streaming] Progress: 30300 events. kind=started, simulation_time=2024-09-01 07:51:06
[streaming] Sent=30400 (started=15335, completed=15065), bad_ts=0, last_valid_ts=2024-09-01 07:53:49
[streaming] Progress: 30400 events. kind=started, simulation_time=2024-09-01 07:53:50
[streaming] Sent=30500 (started=15393, completed=15107), bad_ts=0, last_valid_ts=2024-09-01 07:56:21
[streaming] Progress: 30500 events. kind=started, simulation_time=2024-09-01 07:56:22
[streaming] Sent=30600 (started=15447, completed=15153), bad_ts=0, last_valid_ts=2024-09-01 07:58:26
[streaming] Progress: 30600 events. kind=completed, simulation_time=2024-09-01 07:58:32
[streaming] Sent=30700 (started=15499, completed=15201), bad_ts=0, last_valid_ts=2024-09-01 08:00:57
[streaming] Progress: 30700 events. kind=started, simulation_time=2024-09-01 08:00:57
[streaming] Sent=30800 (started=15547, completed=15253), bad_ts=0, last_valid_ts=2024-09-01 08:03:14
[streaming] Progress: 30800 events. kind=completed, simulation_time=2024-09-01 08:03:15
[streaming] Sent=30900 (started=15605, completed=15295), bad_ts=0, last_valid_ts=2024-09-01 08:05:17
[streaming] Progress: 30900 events. kind=completed, simulation_time=2024-09-01 08:05:27
[streaming] Sent=31000 (started=15656, completed=15344), bad_ts=0, last_valid_ts=2024-09-01 08:07:26
[streaming] Progress: 31000 events. kind=started, simulation_time=2024-09-01 08:07:26
[streaming] Sent=31100 (started=15700, completed=15400), bad_ts=0, last_valid_ts=2024-09-01 08:09:32
[streaming] Progress: 31100 events. kind=completed, simulation_time=2024-09-01 08:09:33
[streaming] Sent=31200 (started=15759, completed=15441), bad_ts=0, last_valid_ts=2024-09-01 08:11:38
[streaming] Progress: 31200 events. kind=completed, simulation_time=2024-09-01 08:11:39
[streaming] Sent=31300 (started=15817, completed=15483), bad_ts=0, last_valid_ts=2024-09-01 08:13:37
[streaming] Progress: 31300 events. kind=started, simulation_time=2024-09-01 08:13:39
[streaming] Sent=31400 (started=15876, completed=15524), bad_ts=0, last_valid_ts=2024-09-01 08:15:56
[streaming] Progress: 31400 events. kind=started, simulation_time=2024-09-01 08:16:00
[streaming] Sent=31500 (started=15930, completed=15570), bad_ts=0, last_valid_ts=2024-09-01 08:17:38
[streaming] Progress: 31500 events. kind=started, simulation_time=2024-09-01 08:17:38
[streaming] Sent=31600 (started=15981, completed=15619), bad_ts=0, last_valid_ts=2024-09-01 08:19:27
[streaming] Progress: 31600 events. kind=completed, simulation_time=2024-09-01 08:19:28
[streaming] Sent=31700 (started=16032, completed=15668), bad_ts=0, last_valid_ts=2024-09-01 08:21:13
[streaming] Progress: 31700 events. kind=started, simulation_time=2024-09-01 08:21:14
[streaming] Sent=31800 (started=16085, completed=15715), bad_ts=0, last_valid_ts=2024-09-01 08:23:18
[streaming] Progress: 31800 events. kind=started, simulation_time=2024-09-01 08:23:18
[streaming] Sent=31900 (started=16140, completed=15760), bad_ts=0, last_valid_ts=2024-09-01 08:24:59
[streaming] Progress: 31900 events. kind=started, simulation_time=2024-09-01 08:25:00
[streaming] Sent=32000 (started=16187, completed=15813), bad_ts=0, last_valid_ts=2024-09-01 08:26:46
[streaming] Progress: 32000 events. kind=completed, simulation_time=2024-09-01 08:26:46
[streaming] Sent=32100 (started=16242, completed=15858), bad_ts=0, last_valid_ts=2024-09-01 08:28:38
[streaming] Progress: 32100 events. kind=started, simulation_time=2024-09-01 08:28:38
[streaming] Sent=32200 (started=16283, completed=15917), bad_ts=0, last_valid_ts=2024-09-01 08:30:36
[streaming] Progress: 32200 events. kind=completed, simulation_time=2024-09-01 08:30:38
[streaming] Sent=32300 (started=16336, completed=15964), bad_ts=0, last_valid_ts=2024-09-01 08:32:40
[streaming] Progress: 32300 events. kind=started, simulation_time=2024-09-01 08:32:41
[streaming] Sent=32400 (started=16389, completed=16011), bad_ts=0, last_valid_ts=2024-09-01 08:34:31
[streaming] Progress: 32400 events. kind=started, simulation_time=2024-09-01 08:34:32
[streaming] Sent=32500 (started=16437, completed=16063), bad_ts=0, last_valid_ts=2024-09-01 08:36:27
[streaming] Progress: 32500 events. kind=completed, simulation_time=2024-09-01 08:36:28
[streaming] Sent=32600 (started=16503, completed=16097), bad_ts=0, last_valid_ts=2024-09-01 08:38:28
[streaming] Progress: 32600 events. kind=started, simulation_time=2024-09-01 08:38:30
[streaming] Sent=32700 (started=16557, completed=16143), bad_ts=0, last_valid_ts=2024-09-01 08:40:35
[streaming] Progress: 32700 events. kind=completed, simulation_time=2024-09-01 08:40:37
[streaming] Sent=32800 (started=16605, completed=16195), bad_ts=0, last_valid_ts=2024-09-01 08:42:07
[streaming] Progress: 32800 events. kind=started, simulation_time=2024-09-01 08:42:07
[streaming] Sent=32900 (started=16655, completed=16245), bad_ts=0, last_valid_ts=2024-09-01 08:44:01
[streaming] Progress: 32900 events. kind=completed, simulation_time=2024-09-01 08:44:08
[streaming] Sent=33000 (started=16712, completed=16288), bad_ts=0, last_valid_ts=2024-09-01 08:45:51
[streaming] Progress: 33000 events. kind=completed, simulation_time=2024-09-01 08:45:52
[streaming] Sent=33100 (started=16762, completed=16338), bad_ts=0, last_valid_ts=2024-09-01 08:47:33
[streaming] Progress: 33100 events. kind=completed, simulation_time=2024-09-01 08:47:34
[streaming] Sent=33200 (started=16814, completed=16386), bad_ts=0, last_valid_ts=2024-09-01 08:49:14
[streaming] Progress: 33200 events. kind=completed, simulation_time=2024-09-01 08:49:16
[streaming] Sent=33300 (started=16866, completed=16434), bad_ts=0, last_valid_ts=2024-09-01 08:50:57
[streaming] Progress: 33300 events. kind=completed, simulation_time=2024-09-01 08:50:59
[streaming] Sent=33400 (started=16911, completed=16489), bad_ts=0, last_valid_ts=2024-09-01 08:52:32
[streaming] Progress: 33400 events. kind=started, simulation_time=2024-09-01 08:52:32
[streaming] Sent=33500 (started=16963, completed=16537), bad_ts=0, last_valid_ts=2024-09-01 08:54:12
[streaming] Progress: 33500 events. kind=started, simulation_time=2024-09-01 08:54:12
[streaming] Sent=33600 (started=17014, completed=16586), bad_ts=0, last_valid_ts=2024-09-01 08:55:45
[streaming] Progress: 33600 events. kind=started, simulation_time=2024-09-01 08:55:45
[streaming] Sent=33700 (started=17066, completed=16634), bad_ts=0, last_valid_ts=2024-09-01 08:57:08
[streaming] Progress: 33700 events. kind=completed, simulation_time=2024-09-01 08:57:09
[streaming] Sent=33800 (started=17118, completed=16682), bad_ts=0, last_valid_ts=2024-09-01 08:58:29
[streaming] Progress: 33800 events. kind=started, simulation_time=2024-09-01 08:58:29
[streaming] Sent=33900 (started=17171, completed=16729), bad_ts=0, last_valid_ts=2024-09-01 08:59:59
[streaming] Progress: 33900 events. kind=completed, simulation_time=2024-09-01 08:59:59
[streaming] Sent=34000 (started=17219, completed=16781), bad_ts=0, last_valid_ts=2024-09-01 09:01:35
[streaming] Progress: 34000 events. kind=completed, simulation_time=2024-09-01 09:01:35
[streaming] Sent=34100 (started=17266, completed=16834), bad_ts=0, last_valid_ts=2024-09-01 09:03:17
[streaming] Progress: 34100 events. kind=completed, simulation_time=2024-09-01 09:03:19
[streaming] Sent=34200 (started=17305, completed=16895), bad_ts=0, last_valid_ts=2024-09-01 09:05:06
[streaming] Progress: 34200 events. kind=completed, simulation_time=2024-09-01 09:05:06
[streaming] Sent=34300 (started=17350, completed=16950), bad_ts=0, last_valid_ts=2024-09-01 09:06:38
[streaming] Progress: 34300 events. kind=started, simulation_time=2024-09-01 09:06:39
[streaming] Sent=34400 (started=17401, completed=16999), bad_ts=0, last_valid_ts=2024-09-01 09:08:01
[streaming] Progress: 34400 events. kind=started, simulation_time=2024-09-01 09:08:03
[streaming] Sent=34500 (started=17459, completed=17041), bad_ts=0, last_valid_ts=2024-09-01 09:09:40
[streaming] Progress: 34500 events. kind=completed, simulation_time=2024-09-01 09:09:43
[streaming] Sent=34600 (started=17517, completed=17083), bad_ts=0, last_valid_ts=2024-09-01 09:11:21
[streaming] Progress: 34600 events. kind=completed, simulation_time=2024-09-01 09:11:22
[streaming] Sent=34700 (started=17575, completed=17125), bad_ts=0, last_valid_ts=2024-09-01 09:12:53
[streaming] Progress: 34700 events. kind=started, simulation_time=2024-09-01 09:12:54
[streaming] Sent=34800 (started=17630, completed=17170), bad_ts=0, last_valid_ts=2024-09-01 09:14:23
[streaming] Progress: 34800 events. kind=started, simulation_time=2024-09-01 09:14:23
[streaming] Sent=34900 (started=17696, completed=17204), bad_ts=0, last_valid_ts=2024-09-01 09:15:42
[streaming] Progress: 34900 events. kind=started, simulation_time=2024-09-01 09:15:42
[streaming] Sent=35000 (started=17751, completed=17249), bad_ts=0, last_valid_ts=2024-09-01 09:17:07
[streaming] Progress: 35000 events. kind=completed, simulation_time=2024-09-01 09:17:12
[streaming] Sent=35100 (started=17804, completed=17296), bad_ts=0, last_valid_ts=2024-09-01 09:18:32
[streaming] Progress: 35100 events. kind=completed, simulation_time=2024-09-01 09:18:34
[streaming] Sent=35200 (started=17855, completed=17345), bad_ts=0, last_valid_ts=2024-09-01 09:19:57
[streaming] Progress: 35200 events. kind=started, simulation_time=2024-09-01 09:19:57
[streaming] Sent=35300 (started=17900, completed=17400), bad_ts=0, last_valid_ts=2024-09-01 09:21:24
[streaming] Progress: 35300 events. kind=completed, simulation_time=2024-09-01 09:21:25
[streaming] Sent=35400 (started=17951, completed=17449), bad_ts=0, last_valid_ts=2024-09-01 09:22:46
[streaming] Progress: 35400 events. kind=started, simulation_time=2024-09-01 09:22:46
[streaming] Sent=35500 (started=18006, completed=17494), bad_ts=0, last_valid_ts=2024-09-01 09:24:11
[streaming] Progress: 35500 events. kind=started, simulation_time=2024-09-01 09:24:12
[streaming] Sent=35600 (started=18059, completed=17541), bad_ts=0, last_valid_ts=2024-09-01 09:25:20
[streaming] Progress: 35600 events. kind=completed, simulation_time=2024-09-01 09:25:20
[streaming] Sent=35700 (started=18118, completed=17582), bad_ts=0, last_valid_ts=2024-09-01 09:26:33
[streaming] Progress: 35700 events. kind=completed, simulation_time=2024-09-01 09:26:33
[streaming] Sent=35800 (started=18166, completed=17634), bad_ts=0, last_valid_ts=2024-09-01 09:27:50
[streaming] Progress: 35800 events. kind=completed, simulation_time=2024-09-01 09:27:51
[streaming] Sent=35900 (started=18222, completed=17678), bad_ts=0, last_valid_ts=2024-09-01 09:29:03
[streaming] Progress: 35900 events. kind=started, simulation_time=2024-09-01 09:29:03
[streaming] Sent=36000 (started=18277, completed=17723), bad_ts=0, last_valid_ts=2024-09-01 09:30:00
[streaming] Progress: 36000 events. kind=completed, simulation_time=2024-09-01 09:30:01
[streaming] Sent=36100 (started=18333, completed=17767), bad_ts=0, last_valid_ts=2024-09-01 09:31:15
[streaming] Progress: 36100 events. kind=started, simulation_time=2024-09-01 09:31:17
[streaming] Sent=36200 (started=18384, completed=17816), bad_ts=0, last_valid_ts=2024-09-01 09:32:14
[streaming] Progress: 36200 events. kind=completed, simulation_time=2024-09-01 09:32:15
[streaming] Sent=36300 (started=18435, completed=17865), bad_ts=0, last_valid_ts=2024-09-01 09:33:21
[streaming] Progress: 36300 events. kind=started, simulation_time=2024-09-01 09:33:21
[streaming] Sent=36400 (started=18492, completed=17908), bad_ts=0, last_valid_ts=2024-09-01 09:34:34
[streaming] Progress: 36400 events. kind=started, simulation_time=2024-09-01 09:34:34
[streaming] Sent=36500 (started=18546, completed=17954), bad_ts=0, last_valid_ts=2024-09-01 09:35:41
[streaming] Progress: 36500 events. kind=completed, simulation_time=2024-09-01 09:35:41
[streaming] Sent=36600 (started=18604, completed=17996), bad_ts=0, last_valid_ts=2024-09-01 09:36:37
[streaming] Progress: 36600 events. kind=started, simulation_time=2024-09-01 09:36:37
[streaming] Sent=36700 (started=18656, completed=18044), bad_ts=0, last_valid_ts=2024-09-01 09:37:44
[streaming] Progress: 36700 events. kind=started, simulation_time=2024-09-01 09:37:44
[streaming] Sent=36800 (started=18701, completed=18099), bad_ts=0, last_valid_ts=2024-09-01 09:38:46
[streaming] Progress: 36800 events. kind=started, simulation_time=2024-09-01 09:38:46
[streaming] Sent=36900 (started=18755, completed=18145), bad_ts=0, last_valid_ts=2024-09-01 09:39:52
[streaming] Progress: 36900 events. kind=started, simulation_time=2024-09-01 09:39:52
[streaming] Sent=37000 (started=18808, completed=18192), bad_ts=0, last_valid_ts=2024-09-01 09:40:57
[streaming] Progress: 37000 events. kind=started, simulation_time=2024-09-01 09:40:57
[streaming] Sent=37100 (started=18866, completed=18234), bad_ts=0, last_valid_ts=2024-09-01 09:41:55
[streaming] Progress: 37100 events. kind=started, simulation_time=2024-09-01 09:41:55
[streaming] Sent=37200 (started=18913, completed=18287), bad_ts=0, last_valid_ts=2024-09-01 09:42:44
[streaming] Progress: 37200 events. kind=started, simulation_time=2024-09-01 09:42:45
[streaming] Sent=37300 (started=18966, completed=18334), bad_ts=0, last_valid_ts=2024-09-01 09:43:41
[streaming] Progress: 37300 events. kind=completed, simulation_time=2024-09-01 09:43:41
[streaming] Sent=37400 (started=19029, completed=18371), bad_ts=0, last_valid_ts=2024-09-01 09:44:47
[streaming] Progress: 37400 events. kind=started, simulation_time=2024-09-01 09:44:47
[streaming] Sent=37500 (started=19086, completed=18414), bad_ts=0, last_valid_ts=2024-09-01 09:45:49
[streaming] Progress: 37500 events. kind=started, simulation_time=2024-09-01 09:45:49
[streaming] Sent=37600 (started=19137, completed=18463), bad_ts=0, last_valid_ts=2024-09-01 09:46:49
[streaming] Progress: 37600 events. kind=completed, simulation_time=2024-09-01 09:46:50
[streaming] Sent=37700 (started=19188, completed=18512), bad_ts=0, last_valid_ts=2024-09-01 09:47:39
[streaming] Progress: 37700 events. kind=completed, simulation_time=2024-09-01 09:47:40
[streaming] Sent=37800 (started=19241, completed=18559), bad_ts=0, last_valid_ts=2024-09-01 09:48:31
[streaming] Progress: 37800 events. kind=completed, simulation_time=2024-09-01 09:48:31
[streaming] Sent=37900 (started=19302, completed=18598), bad_ts=0, last_valid_ts=2024-09-01 09:49:26
[streaming] Progress: 37900 events. kind=completed, simulation_time=2024-09-01 09:49:26
[streaming] Sent=38000 (started=19351, completed=18649), bad_ts=0, last_valid_ts=2024-09-01 09:50:19
[streaming] Progress: 38000 events. kind=started, simulation_time=2024-09-01 09:50:19
[streaming] Sent=38100 (started=19403, completed=18697), bad_ts=0, last_valid_ts=2024-09-01 09:51:12
[streaming] Progress: 38100 events. kind=started, simulation_time=2024-09-01 09:51:12
[streaming] Sent=38200 (started=19451, completed=18749), bad_ts=0, last_valid_ts=2024-09-01 09:52:08
[streaming] Progress: 38200 events. kind=started, simulation_time=2024-09-01 09:52:08
[streaming] Sent=38300 (started=19511, completed=18789), bad_ts=0, last_valid_ts=2024-09-01 09:52:58
[streaming] Progress: 38300 events. kind=completed, simulation_time=2024-09-01 09:52:59
[streaming] Sent=38400 (started=19557, completed=18843), bad_ts=0, last_valid_ts=2024-09-01 09:53:53
[streaming] Progress: 38400 events. kind=started, simulation_time=2024-09-01 09:53:53
[streaming] Sent=38500 (started=19617, completed=18883), bad_ts=0, last_valid_ts=2024-09-01 09:54:41
[streaming] Progress: 38500 events. kind=started, simulation_time=2024-09-01 09:54:42
[streaming] Sent=38600 (started=19668, completed=18932), bad_ts=0, last_valid_ts=2024-09-01 09:55:50
[streaming] Progress: 38600 events. kind=completed, simulation_time=2024-09-01 09:55:51
[streaming] Sent=38700 (started=19722, completed=18978), bad_ts=0, last_valid_ts=2024-09-01 09:56:40
[streaming] Progress: 38700 events. kind=completed, simulation_time=2024-09-01 09:56:41
[streaming] Sent=38800 (started=19773, completed=19027), bad_ts=0, last_valid_ts=2024-09-01 09:57:25
[streaming] Progress: 38800 events. kind=completed, simulation_time=2024-09-01 09:57:26
[streaming] Sent=38900 (started=19830, completed=19070), bad_ts=0, last_valid_ts=2024-09-01 09:58:17
[streaming] Progress: 38900 events. kind=completed, simulation_time=2024-09-01 09:58:18
[streaming] Sent=39000 (started=19888, completed=19112), bad_ts=0, last_valid_ts=2024-09-01 09:59:24
[streaming] Progress: 39000 events. kind=started, simulation_time=2024-09-01 09:59:24
[streaming] Sent=39100 (started=19939, completed=19161), bad_ts=0, last_valid_ts=2024-09-01 10:00:29
[streaming] Progress: 39100 events. kind=started, simulation_time=2024-09-01 10:00:30
[streaming] Sent=39200 (started=19982, completed=19218), bad_ts=0, last_valid_ts=2024-09-01 10:01:34
[streaming] Progress: 39200 events. kind=started, simulation_time=2024-09-01 10:01:34
[streaming] Sent=39300 (started=20031, completed=19269), bad_ts=0, last_valid_ts=2024-09-01 10:02:22
[streaming] Progress: 39300 events. kind=started, simulation_time=2024-09-01 10:02:22
[streaming] Sent=39400 (started=20070, completed=19330), bad_ts=0, last_valid_ts=2024-09-01 10:03:06
[streaming] Progress: 39400 events. kind=completed, simulation_time=2024-09-01 10:03:07
[streaming] Sent=39500 (started=20124, completed=19376), bad_ts=0, last_valid_ts=2024-09-01 10:04:06
[streaming] Progress: 39500 events. kind=started, simulation_time=2024-09-01 10:04:07
[streaming] Sent=39600 (started=20174, completed=19426), bad_ts=0, last_valid_ts=2024-09-01 10:04:53
[streaming] Progress: 39600 events. kind=started, simulation_time=2024-09-01 10:04:53
[streaming] Sent=39700 (started=20216, completed=19484), bad_ts=0, last_valid_ts=2024-09-01 10:05:39
[streaming] Progress: 39700 events. kind=completed, simulation_time=2024-09-01 10:05:41
[streaming] Sent=39800 (started=20267, completed=19533), bad_ts=0, last_valid_ts=2024-09-01 10:06:36
[streaming] Progress: 39800 events. kind=started, simulation_time=2024-09-01 10:06:36
[streaming] Sent=39900 (started=20315, completed=19585), bad_ts=0, last_valid_ts=2024-09-01 10:07:33
[streaming] Progress: 39900 events. kind=completed, simulation_time=2024-09-01 10:07:34
[streaming] Sent=40000 (started=20364, completed=19636), bad_ts=0, last_valid_ts=2024-09-01 10:08:25
[streaming] Progress: 40000 events. kind=started, simulation_time=2024-09-01 10:08:25
[streaming] Sent=40100 (started=20409, completed=19691), bad_ts=0, last_valid_ts=2024-09-01 10:09:26
[streaming] Progress: 40100 events. kind=completed, simulation_time=2024-09-01 10:09:27
[streaming] Sent=40200 (started=20454, completed=19746), bad_ts=0, last_valid_ts=2024-09-01 10:10:14
[streaming] Progress: 40200 events. kind=started, simulation_time=2024-09-01 10:10:16
[streaming] Sent=40300 (started=20501, completed=19799), bad_ts=0, last_valid_ts=2024-09-01 10:11:14
[streaming] Progress: 40300 events. kind=completed, simulation_time=2024-09-01 10:11:15
[streaming] Sent=40400 (started=20550, completed=19850), bad_ts=0, last_valid_ts=2024-09-01 10:12:06
[streaming] Progress: 40400 events. kind=started, simulation_time=2024-09-01 10:12:06
[streaming] Sent=40500 (started=20604, completed=19896), bad_ts=0, last_valid_ts=2024-09-01 10:13:06
[streaming] Progress: 40500 events. kind=started, simulation_time=2024-09-01 10:13:06
[streaming] Sent=40600 (started=20661, completed=19939), bad_ts=0, last_valid_ts=2024-09-01 10:14:01
[streaming] Progress: 40600 events. kind=started, simulation_time=2024-09-01 10:14:01
[streaming] Sent=40700 (started=20713, completed=19987), bad_ts=0, last_valid_ts=2024-09-01 10:14:54
[streaming] Progress: 40700 events. kind=started, simulation_time=2024-09-01 10:14:54
[streaming] Sent=40800 (started=20766, completed=20034), bad_ts=0, last_valid_ts=2024-09-01 10:15:42
[streaming] Progress: 40800 events. kind=started, simulation_time=2024-09-01 10:15:42
[streaming] Sent=40900 (started=20819, completed=20081), bad_ts=0, last_valid_ts=2024-09-01 10:16:36
[streaming] Progress: 40900 events. kind=completed, simulation_time=2024-09-01 10:16:38
[streaming] Sent=41000 (started=20876, completed=20124), bad_ts=0, last_valid_ts=2024-09-01 10:17:27
[streaming] Progress: 41000 events. kind=started, simulation_time=2024-09-01 10:17:27
[streaming] Sent=41100 (started=20919, completed=20181), bad_ts=0, last_valid_ts=2024-09-01 10:18:23
[streaming] Progress: 41100 events. kind=started, simulation_time=2024-09-01 10:18:24
[streaming] Sent=41200 (started=20966, completed=20234), bad_ts=0, last_valid_ts=2024-09-01 10:19:19
[streaming] Progress: 41200 events. kind=completed, simulation_time=2024-09-01 10:19:21
[streaming] Sent=41300 (started=21024, completed=20276), bad_ts=0, last_valid_ts=2024-09-01 10:20:00
[streaming] Progress: 41300 events. kind=started, simulation_time=2024-09-01 10:20:00
[streaming] Sent=41400 (started=21075, completed=20325), bad_ts=0, last_valid_ts=2024-09-01 10:21:03
[streaming] Progress: 41400 events. kind=started, simulation_time=2024-09-01 10:21:03
[streaming] Sent=41500 (started=21127, completed=20373), bad_ts=0, last_valid_ts=2024-09-01 10:22:03
[streaming] Progress: 41500 events. kind=started, simulation_time=2024-09-01 10:22:03
[streaming] Sent=41600 (started=21182, completed=20418), bad_ts=0, last_valid_ts=2024-09-01 10:22:59
[streaming] Progress: 41600 events. kind=started, simulation_time=2024-09-01 10:22:59
[streaming] Sent=41700 (started=21235, completed=20465), bad_ts=0, last_valid_ts=2024-09-01 10:24:02
[streaming] Progress: 41700 events. kind=completed, simulation_time=2024-09-01 10:24:03
[streaming] Sent=41800 (started=21278, completed=20522), bad_ts=0, last_valid_ts=2024-09-01 10:24:49
[streaming] Progress: 41800 events. kind=started, simulation_time=2024-09-01 10:24:50
[streaming] Sent=41900 (started=21324, completed=20576), bad_ts=0, last_valid_ts=2024-09-01 10:25:42
[streaming] Progress: 41900 events. kind=completed, simulation_time=2024-09-01 10:25:42
[streaming] Sent=42000 (started=21380, completed=20620), bad_ts=0, last_valid_ts=2024-09-01 10:26:31
[streaming] Progress: 42000 events. kind=completed, simulation_time=2024-09-01 10:26:32
[streaming] Sent=42100 (started=21428, completed=20672), bad_ts=0, last_valid_ts=2024-09-01 10:27:41
[streaming] Progress: 42100 events. kind=completed, simulation_time=2024-09-01 10:27:41
[streaming] Sent=42200 (started=21480, completed=20720), bad_ts=0, last_valid_ts=2024-09-01 10:28:32
[streaming] Progress: 42200 events. kind=completed, simulation_time=2024-09-01 10:28:32
[streaming] Sent=42300 (started=21518, completed=20782), bad_ts=0, last_valid_ts=2024-09-01 10:29:24
[streaming] Progress: 42300 events. kind=completed, simulation_time=2024-09-01 10:29:24
[streaming] Sent=42400 (started=21567, completed=20833), bad_ts=0, last_valid_ts=2024-09-01 10:30:27
[streaming] Progress: 42400 events. kind=started, simulation_time=2024-09-01 10:30:28
[streaming] Sent=42500 (started=21619, completed=20881), bad_ts=0, last_valid_ts=2024-09-01 10:31:26
[streaming] Progress: 42500 events. kind=started, simulation_time=2024-09-01 10:31:28
[streaming] Sent=42600 (started=21671, completed=20929), bad_ts=0, last_valid_ts=2024-09-01 10:32:17
[streaming] Progress: 42600 events. kind=started, simulation_time=2024-09-01 10:32:17
[streaming] Sent=42700 (started=21720, completed=20980), bad_ts=0, last_valid_ts=2024-09-01 10:33:16
[streaming] Progress: 42700 events. kind=started, simulation_time=2024-09-01 10:33:16
[streaming] Sent=42800 (started=21777, completed=21023), bad_ts=0, last_valid_ts=2024-09-01 10:34:07
[streaming] Progress: 42800 events. kind=started, simulation_time=2024-09-01 10:34:08
[streaming] Sent=42900 (started=21831, completed=21069), bad_ts=0, last_valid_ts=2024-09-01 10:34:59
[streaming] Progress: 42900 events. kind=completed, simulation_time=2024-09-01 10:35:00
[streaming] Sent=43000 (started=21881, completed=21119), bad_ts=0, last_valid_ts=2024-09-01 10:35:54
[streaming] Progress: 43000 events. kind=completed, simulation_time=2024-09-01 10:35:55
[streaming] Sent=43100 (started=21928, completed=21172), bad_ts=0, last_valid_ts=2024-09-01 10:36:50
[streaming] Progress: 43100 events. kind=completed, simulation_time=2024-09-01 10:36:51
[streaming] Sent=43200 (started=21982, completed=21218), bad_ts=0, last_valid_ts=2024-09-01 10:37:43
[streaming] Progress: 43200 events. kind=started, simulation_time=2024-09-01 10:37:44
[streaming] Sent=43300 (started=22042, completed=21258), bad_ts=0, last_valid_ts=2024-09-01 10:38:25
[streaming] Progress: 43300 events. kind=completed, simulation_time=2024-09-01 10:38:26
[streaming] Sent=43400 (started=22099, completed=21301), bad_ts=0, last_valid_ts=2024-09-01 10:39:18
[streaming] Progress: 43400 events. kind=started, simulation_time=2024-09-01 10:39:19
[streaming] Sent=43500 (started=22147, completed=21353), bad_ts=0, last_valid_ts=2024-09-01 10:40:20
[streaming] Progress: 43500 events. kind=completed, simulation_time=2024-09-01 10:40:20
[streaming] Sent=43600 (started=22206, completed=21394), bad_ts=0, last_valid_ts=2024-09-01 10:41:08
[streaming] Progress: 43600 events. kind=completed, simulation_time=2024-09-01 10:41:09
[streaming] Sent=43700 (started=22262, completed=21438), bad_ts=0, last_valid_ts=2024-09-01 10:41:51
[streaming] Progress: 43700 events. kind=started, simulation_time=2024-09-01 10:41:51
[streaming] Sent=43800 (started=22317, completed=21483), bad_ts=0, last_valid_ts=2024-09-01 10:42:42
[streaming] Progress: 43800 events. kind=completed, simulation_time=2024-09-01 10:42:43
[streaming] Sent=43900 (started=22366, completed=21534), bad_ts=0, last_valid_ts=2024-09-01 10:43:36
[streaming] Progress: 43900 events. kind=completed, simulation_time=2024-09-01 10:43:37
[streaming] Sent=44000 (started=22422, completed=21578), bad_ts=0, last_valid_ts=2024-09-01 10:44:22
[streaming] Progress: 44000 events. kind=completed, simulation_time=2024-09-01 10:44:22
[streaming] Sent=44100 (started=22472, completed=21628), bad_ts=0, last_valid_ts=2024-09-01 10:45:08
[streaming] Progress: 44100 events. kind=completed, simulation_time=2024-09-01 10:45:08
[streaming] Sent=44200 (started=22526, completed=21674), bad_ts=0, last_valid_ts=2024-09-01 10:45:54
[streaming] Progress: 44200 events. kind=started, simulation_time=2024-09-01 10:45:54
[streaming] Sent=44300 (started=22577, completed=21723), bad_ts=0, last_valid_ts=2024-09-01 10:46:38
[streaming] Progress: 44300 events. kind=started, simulation_time=2024-09-01 10:46:39
[streaming] Sent=44400 (started=22637, completed=21763), bad_ts=0, last_valid_ts=2024-09-01 10:47:28
[streaming] Progress: 44400 events. kind=completed, simulation_time=2024-09-01 10:47:28
[streaming] Sent=44500 (started=22693, completed=21807), bad_ts=0, last_valid_ts=2024-09-01 10:48:11
[streaming] Progress: 44500 events. kind=started, simulation_time=2024-09-01 10:48:12
[streaming] Sent=44600 (started=22741, completed=21859), bad_ts=0, last_valid_ts=2024-09-01 10:49:05
[streaming] Progress: 44600 events. kind=completed, simulation_time=2024-09-01 10:49:05
[streaming] Sent=44700 (started=22794, completed=21906), bad_ts=0, last_valid_ts=2024-09-01 10:49:44
[streaming] Progress: 44700 events. kind=completed, simulation_time=2024-09-01 10:49:45
[streaming] Sent=44800 (started=22847, completed=21953), bad_ts=0, last_valid_ts=2024-09-01 10:50:31
[streaming] Progress: 44800 events. kind=started, simulation_time=2024-09-01 10:50:31
[streaming] Sent=44900 (started=22898, completed=22002), bad_ts=0, last_valid_ts=2024-09-01 10:51:25
[streaming] Progress: 44900 events. kind=completed, simulation_time=2024-09-01 10:51:25
[streaming] Sent=45000 (started=22936, completed=22064), bad_ts=0, last_valid_ts=2024-09-01 10:52:08
[streaming] Progress: 45000 events. kind=completed, simulation_time=2024-09-01 10:52:09
[streaming] Sent=45100 (started=22990, completed=22110), bad_ts=0, last_valid_ts=2024-09-01 10:52:55
[streaming] Progress: 45100 events. kind=started, simulation_time=2024-09-01 10:52:55
[streaming] Sent=45200 (started=23039, completed=22161), bad_ts=0, last_valid_ts=2024-09-01 10:53:34
[streaming] Progress: 45200 events. kind=completed, simulation_time=2024-09-01 10:53:35
[streaming] Sent=45300 (started=23079, completed=22221), bad_ts=0, last_valid_ts=2024-09-01 10:54:12
[streaming] Progress: 45300 events. kind=completed, simulation_time=2024-09-01 10:54:12
[streaming] Sent=45400 (started=23126, completed=22274), bad_ts=0, last_valid_ts=2024-09-01 10:54:58
[streaming] Progress: 45400 events. kind=completed, simulation_time=2024-09-01 10:54:59
[streaming] Sent=45500 (started=23185, completed=22315), bad_ts=0, last_valid_ts=2024-09-01 10:55:45
[streaming] Progress: 45500 events. kind=started, simulation_time=2024-09-01 10:55:46
[streaming] Sent=45600 (started=23240, completed=22360), bad_ts=0, last_valid_ts=2024-09-01 10:56:25
[streaming] Progress: 45600 events. kind=completed, simulation_time=2024-09-01 10:56:27
[streaming] Sent=45700 (started=23290, completed=22410), bad_ts=0, last_valid_ts=2024-09-01 10:57:17
[streaming] Progress: 45700 events. kind=started, simulation_time=2024-09-01 10:57:17
[streaming] Sent=45800 (started=23341, completed=22459), bad_ts=0, last_valid_ts=2024-09-01 10:57:59
[streaming] Progress: 45800 events. kind=completed, simulation_time=2024-09-01 10:58:00
[streaming] Sent=45900 (started=23390, completed=22510), bad_ts=0, last_valid_ts=2024-09-01 10:58:52
[streaming] Progress: 45900 events. kind=started, simulation_time=2024-09-01 10:58:52
[streaming] Sent=46000 (started=23435, completed=22565), bad_ts=0, last_valid_ts=2024-09-01 10:59:33
[streaming] Progress: 46000 events. kind=started, simulation_time=2024-09-01 10:59:33
[streaming] Sent=46100 (started=23479, completed=22621), bad_ts=0, last_valid_ts=2024-09-01 11:00:15
[streaming] Progress: 46100 events. kind=started, simulation_time=2024-09-01 11:00:15
[streaming] Sent=46200 (started=23527, completed=22673), bad_ts=0, last_valid_ts=2024-09-01 11:00:56
[streaming] Progress: 46200 events. kind=started, simulation_time=2024-09-01 11:00:56
[streaming] Sent=46300 (started=23585, completed=22715), bad_ts=0, last_valid_ts=2024-09-01 11:01:38
[streaming] Progress: 46300 events. kind=started, simulation_time=2024-09-01 11:01:38
[streaming] Sent=46400 (started=23640, completed=22760), bad_ts=0, last_valid_ts=2024-09-01 11:02:24
[streaming] Progress: 46400 events. kind=started, simulation_time=2024-09-01 11:02:24
[streaming] Sent=46500 (started=23698, completed=22802), bad_ts=0, last_valid_ts=2024-09-01 11:03:17
[streaming] Progress: 46500 events. kind=started, simulation_time=2024-09-01 11:03:17
[streaming] Sent=46600 (started=23742, completed=22858), bad_ts=0, last_valid_ts=2024-09-01 11:04:02
[streaming] Progress: 46600 events. kind=completed, simulation_time=2024-09-01 11:04:02
[streaming] Sent=46700 (started=23798, completed=22902), bad_ts=0, last_valid_ts=2024-09-01 11:04:40
[streaming] Progress: 46700 events. kind=started, simulation_time=2024-09-01 11:04:42
[streaming] Sent=46800 (started=23851, completed=22949), bad_ts=0, last_valid_ts=2024-09-01 11:05:21
[streaming] Progress: 46800 events. kind=started, simulation_time=2024-09-01 11:05:22
[streaming] Sent=46900 (started=23900, completed=23000), bad_ts=0, last_valid_ts=2024-09-01 11:06:02
[streaming] Progress: 46900 events. kind=started, simulation_time=2024-09-01 11:06:02
[streaming] Sent=47000 (started=23945, completed=23055), bad_ts=0, last_valid_ts=2024-09-01 11:06:50
[streaming] Progress: 47000 events. kind=started, simulation_time=2024-09-01 11:06:50
[streaming] Sent=47100 (started=23994, completed=23106), bad_ts=0, last_valid_ts=2024-09-01 11:07:30
[streaming] Progress: 47100 events. kind=started, simulation_time=2024-09-01 11:07:30
[streaming] Sent=47200 (started=24035, completed=23165), bad_ts=0, last_valid_ts=2024-09-01 11:08:25
[streaming] Progress: 47200 events. kind=started, simulation_time=2024-09-01 11:08:25
[streaming] Sent=47300 (started=24088, completed=23212), bad_ts=0, last_valid_ts=2024-09-01 11:09:12
[streaming] Progress: 47300 events. kind=completed, simulation_time=2024-09-01 11:09:13
[streaming] Sent=47400 (started=24130, completed=23270), bad_ts=0, last_valid_ts=2024-09-01 11:10:00
[streaming] Progress: 47400 events. kind=completed, simulation_time=2024-09-01 11:10:00
[streaming] Sent=47500 (started=24184, completed=23316), bad_ts=0, last_valid_ts=2024-09-01 11:10:42
[streaming] Progress: 47500 events. kind=started, simulation_time=2024-09-01 11:10:42
[streaming] Sent=47600 (started=24239, completed=23361), bad_ts=0, last_valid_ts=2024-09-01 11:11:30
[streaming] Progress: 47600 events. kind=started, simulation_time=2024-09-01 11:11:32
[streaming] Sent=47700 (started=24291, completed=23409), bad_ts=0, last_valid_ts=2024-09-01 11:12:20
[streaming] Progress: 47700 events. kind=completed, simulation_time=2024-09-01 11:12:21
[streaming] Sent=47800 (started=24352, completed=23448), bad_ts=0, last_valid_ts=2024-09-01 11:13:08
[streaming] Progress: 47800 events. kind=started, simulation_time=2024-09-01 11:13:08
[streaming] Sent=47900 (started=24413, completed=23487), bad_ts=0, last_valid_ts=2024-09-01 11:13:49
[streaming] Progress: 47900 events. kind=completed, simulation_time=2024-09-01 11:13:49
[streaming] Sent=48000 (started=24464, completed=23536), bad_ts=0, last_valid_ts=2024-09-01 11:14:41
[streaming] Progress: 48000 events. kind=completed, simulation_time=2024-09-01 11:14:41
[streaming] Sent=48100 (started=24520, completed=23580), bad_ts=0, last_valid_ts=2024-09-01 11:15:18
[streaming] Progress: 48100 events. kind=started, simulation_time=2024-09-01 11:15:19
[streaming] Sent=48200 (started=24573, completed=23627), bad_ts=0, last_valid_ts=2024-09-01 11:16:03
[streaming] Progress: 48200 events. kind=started, simulation_time=2024-09-01 11:16:03
[streaming] Sent=48300 (started=24627, completed=23673), bad_ts=0, last_valid_ts=2024-09-01 11:16:46
[streaming] Progress: 48300 events. kind=completed, simulation_time=2024-09-01 11:16:48
[streaming] Sent=48400 (started=24686, completed=23714), bad_ts=0, last_valid_ts=2024-09-01 11:17:31
[streaming] Progress: 48400 events. kind=started, simulation_time=2024-09-01 11:17:31
[streaming] Sent=48500 (started=24742, completed=23758), bad_ts=0, last_valid_ts=2024-09-01 11:18:13
[streaming] Progress: 48500 events. kind=completed, simulation_time=2024-09-01 11:18:14
[streaming] Sent=48600 (started=24788, completed=23812), bad_ts=0, last_valid_ts=2024-09-01 11:18:57
[streaming] Progress: 48600 events. kind=completed, simulation_time=2024-09-01 11:18:58
[streaming] Sent=48700 (started=24838, completed=23862), bad_ts=0, last_valid_ts=2024-09-01 11:19:44
[streaming] Progress: 48700 events. kind=started, simulation_time=2024-09-01 11:19:45
[streaming] Sent=48800 (started=24885, completed=23915), bad_ts=0, last_valid_ts=2024-09-01 11:20:34
[streaming] Progress: 48800 events. kind=started, simulation_time=2024-09-01 11:20:34
[streaming] Sent=48900 (started=24935, completed=23965), bad_ts=0, last_valid_ts=2024-09-01 11:21:14
[streaming] Progress: 48900 events. kind=completed, simulation_time=2024-09-01 11:21:15
[streaming] Sent=49000 (started=24979, completed=24021), bad_ts=0, last_valid_ts=2024-09-01 11:22:01
[streaming] Progress: 49000 events. kind=started, simulation_time=2024-09-01 11:22:02
[streaming] Sent=49100 (started=25040, completed=24060), bad_ts=0, last_valid_ts=2024-09-01 11:22:32
[streaming] Progress: 49100 events. kind=completed, simulation_time=2024-09-01 11:22:34
[streaming] Sent=49200 (started=25092, completed=24108), bad_ts=0, last_valid_ts=2024-09-01 11:23:21
[streaming] Progress: 49200 events. kind=completed, simulation_time=2024-09-01 11:23:21
[streaming] Sent=49300 (started=25145, completed=24155), bad_ts=0, last_valid_ts=2024-09-01 11:24:06
[streaming] Progress: 49300 events. kind=started, simulation_time=2024-09-01 11:24:06
[streaming] Sent=49400 (started=25192, completed=24208), bad_ts=0, last_valid_ts=2024-09-01 11:24:49
[streaming] Progress: 49400 events. kind=completed, simulation_time=2024-09-01 11:24:49
[streaming] Sent=49500 (started=25241, completed=24259), bad_ts=0, last_valid_ts=2024-09-01 11:25:33
[streaming] Progress: 49500 events. kind=started, simulation_time=2024-09-01 11:25:33
[streaming] Sent=49600 (started=25293, completed=24307), bad_ts=0, last_valid_ts=2024-09-01 11:26:10
[streaming] Progress: 49600 events. kind=completed, simulation_time=2024-09-01 11:26:11
[streaming] Sent=49700 (started=25338, completed=24362), bad_ts=0, last_valid_ts=2024-09-01 11:26:46
[streaming] Progress: 49700 events. kind=completed, simulation_time=2024-09-01 11:26:47
[streaming] Sent=49800 (started=25394, completed=24406), bad_ts=0, last_valid_ts=2024-09-01 11:27:39
[streaming] Progress: 49800 events. kind=started, simulation_time=2024-09-01 11:27:39
[streaming] Sent=49900 (started=25445, completed=24455), bad_ts=0, last_valid_ts=2024-09-01 11:28:24
[streaming] Progress: 49900 events. kind=started, simulation_time=2024-09-01 11:28:24
[streaming] Sent=50000 (started=25491, completed=24509), bad_ts=0, last_valid_ts=2024-09-01 11:29:01
[streaming] Progress: 50000 events. kind=started, simulation_time=2024-09-01 11:29:01
[streaming] Sent=50100 (started=25536, completed=24564), bad_ts=0, last_valid_ts=2024-09-01 11:29:42
[streaming] Progress: 50100 events. kind=started, simulation_time=2024-09-01 11:29:42
[streaming] Sent=50200 (started=25580, completed=24620), bad_ts=0, last_valid_ts=2024-09-01 11:30:30
[streaming] Progress: 50200 events. kind=started, simulation_time=2024-09-01 11:30:30
[streaming] Sent=50300 (started=25638, completed=24662), bad_ts=0, last_valid_ts=2024-09-01 11:31:10
[streaming] Progress: 50300 events. kind=started, simulation_time=2024-09-01 11:31:11
[streaming] Sent=50400 (started=25688, completed=24712), bad_ts=0, last_valid_ts=2024-09-01 11:31:50
[streaming] Progress: 50400 events. kind=started, simulation_time=2024-09-01 11:31:50
[streaming] Sent=50500 (started=25735, completed=24765), bad_ts=0, last_valid_ts=2024-09-01 11:32:31
[streaming] Progress: 50500 events. kind=completed, simulation_time=2024-09-01 11:32:32
[streaming] Sent=50600 (started=25788, completed=24812), bad_ts=0, last_valid_ts=2024-09-01 11:33:16
[streaming] Progress: 50600 events. kind=completed, simulation_time=2024-09-01 11:33:17
[streaming] Sent=50700 (started=25847, completed=24853), bad_ts=0, last_valid_ts=2024-09-01 11:33:56
[streaming] Progress: 50700 events. kind=completed, simulation_time=2024-09-01 11:33:56
[streaming] Sent=50800 (started=25903, completed=24897), bad_ts=0, last_valid_ts=2024-09-01 11:34:32
[streaming] Progress: 50800 events. kind=started, simulation_time=2024-09-01 11:34:32
[streaming] Sent=50900 (started=25966, completed=24934), bad_ts=0, last_valid_ts=2024-09-01 11:35:09
[streaming] Progress: 50900 events. kind=started, simulation_time=2024-09-01 11:35:09
[streaming] Sent=51000 (started=26010, completed=24990), bad_ts=0, last_valid_ts=2024-09-01 11:35:50
[streaming] Progress: 51000 events. kind=completed, simulation_time=2024-09-01 11:35:50
[streaming] Sent=51100 (started=26058, completed=25042), bad_ts=0, last_valid_ts=2024-09-01 11:36:31
[streaming] Progress: 51100 events. kind=started, simulation_time=2024-09-01 11:36:31
[streaming] Sent=51200 (started=26115, completed=25085), bad_ts=0, last_valid_ts=2024-09-01 11:37:11
[streaming] Progress: 51200 events. kind=started, simulation_time=2024-09-01 11:37:11
[streaming] Sent=51300 (started=26164, completed=25136), bad_ts=0, last_valid_ts=2024-09-01 11:37:48
[streaming] Progress: 51300 events. kind=started, simulation_time=2024-09-01 11:37:48
[streaming] Sent=51400 (started=26226, completed=25174), bad_ts=0, last_valid_ts=2024-09-01 11:38:28
[streaming] Progress: 51400 events. kind=completed, simulation_time=2024-09-01 11:38:29
[streaming] Sent=51500 (started=26276, completed=25224), bad_ts=0, last_valid_ts=2024-09-01 11:39:04
[streaming] Progress: 51500 events. kind=started, simulation_time=2024-09-01 11:39:04
[streaming] Sent=51600 (started=26326, completed=25274), bad_ts=0, last_valid_ts=2024-09-01 11:39:43
[streaming] Progress: 51600 events. kind=started, simulation_time=2024-09-01 11:39:43
[streaming] Sent=51700 (started=26370, completed=25330), bad_ts=0, last_valid_ts=2024-09-01 11:40:23
[streaming] Progress: 51700 events. kind=completed, simulation_time=2024-09-01 11:40:23
[streaming] Sent=51800 (started=26422, completed=25378), bad_ts=0, last_valid_ts=2024-09-01 11:41:04
[streaming] Progress: 51800 events. kind=completed, simulation_time=2024-09-01 11:41:05
[streaming] Sent=51900 (started=26475, completed=25425), bad_ts=0, last_valid_ts=2024-09-01 11:41:46
[streaming] Progress: 51900 events. kind=completed, simulation_time=2024-09-01 11:41:46
[streaming] Sent=52000 (started=26527, completed=25473), bad_ts=0, last_valid_ts=2024-09-01 11:42:20
[streaming] Progress: 52000 events. kind=completed, simulation_time=2024-09-01 11:42:21
[streaming] Sent=52100 (started=26577, completed=25523), bad_ts=0, last_valid_ts=2024-09-01 11:42:52
[streaming] Progress: 52100 events. kind=completed, simulation_time=2024-09-01 11:42:53
[streaming] Sent=52200 (started=26636, completed=25564), bad_ts=0, last_valid_ts=2024-09-01 11:43:37
[streaming] Progress: 52200 events. kind=started, simulation_time=2024-09-01 11:43:37
[streaming] Sent=52300 (started=26689, completed=25611), bad_ts=0, last_valid_ts=2024-09-01 11:44:14
[streaming] Progress: 52300 events. kind=started, simulation_time=2024-09-01 11:44:14
[streaming] Sent=52400 (started=26738, completed=25662), bad_ts=0, last_valid_ts=2024-09-01 11:44:52
[streaming] Progress: 52400 events. kind=started, simulation_time=2024-09-01 11:44:52
[streaming] Sent=52500 (started=26784, completed=25716), bad_ts=0, last_valid_ts=2024-09-01 11:45:28
[streaming] Progress: 52500 events. kind=started, simulation_time=2024-09-01 11:45:28
[streaming] Sent=52600 (started=26841, completed=25759), bad_ts=0, last_valid_ts=2024-09-01 11:46:06
[streaming] Progress: 52600 events. kind=started, simulation_time=2024-09-01 11:46:06
[streaming] Sent=52700 (started=26898, completed=25802), bad_ts=0, last_valid_ts=2024-09-01 11:46:43
[streaming] Progress: 52700 events. kind=started, simulation_time=2024-09-01 11:46:43
[streaming] Sent=52800 (started=26952, completed=25848), bad_ts=0, last_valid_ts=2024-09-01 11:47:23
[streaming] Progress: 52800 events. kind=completed, simulation_time=2024-09-01 11:47:23
[streaming] Sent=52900 (started=27007, completed=25893), bad_ts=0, last_valid_ts=2024-09-01 11:47:53
[streaming] Progress: 52900 events. kind=started, simulation_time=2024-09-01 11:47:53
[streaming] Sent=53000 (started=27064, completed=25936), bad_ts=0, last_valid_ts=2024-09-01 11:48:30
[streaming] Progress: 53000 events. kind=completed, simulation_time=2024-09-01 11:48:31
[streaming] Sent=53100 (started=27120, completed=25980), bad_ts=0, last_valid_ts=2024-09-01 11:49:08
[streaming] Progress: 53100 events. kind=started, simulation_time=2024-09-01 11:49:08
[streaming] Sent=53200 (started=27176, completed=26024), bad_ts=0, last_valid_ts=2024-09-01 11:49:50
[streaming] Progress: 53200 events. kind=started, simulation_time=2024-09-01 11:49:50
[streaming] Sent=53300 (started=27235, completed=26065), bad_ts=0, last_valid_ts=2024-09-01 11:50:28
[streaming] Progress: 53300 events. kind=completed, simulation_time=2024-09-01 11:50:29
[streaming] Sent=53400 (started=27280, completed=26120), bad_ts=0, last_valid_ts=2024-09-01 11:51:06
[streaming] Progress: 53400 events. kind=completed, simulation_time=2024-09-01 11:51:07
[streaming] Sent=53500 (started=27330, completed=26170), bad_ts=0, last_valid_ts=2024-09-01 11:51:46
[streaming] Progress: 53500 events. kind=started, simulation_time=2024-09-01 11:51:46
[streaming] Sent=53600 (started=27381, completed=26219), bad_ts=0, last_valid_ts=2024-09-01 11:52:19
[streaming] Progress: 53600 events. kind=started, simulation_time=2024-09-01 11:52:20
[streaming] Sent=53700 (started=27432, completed=26268), bad_ts=0, last_valid_ts=2024-09-01 11:52:56
[streaming] Progress: 53700 events. kind=completed, simulation_time=2024-09-01 11:52:56
[streaming] Sent=53800 (started=27492, completed=26308), bad_ts=0, last_valid_ts=2024-09-01 11:53:32
[streaming] Progress: 53800 events. kind=started, simulation_time=2024-09-01 11:53:32
[streaming] Sent=53900 (started=27548, completed=26352), bad_ts=0, last_valid_ts=2024-09-01 11:54:10
[streaming] Progress: 53900 events. kind=completed, simulation_time=2024-09-01 11:54:10
[streaming] Sent=54000 (started=27604, completed=26396), bad_ts=0, last_valid_ts=2024-09-01 11:54:48
[streaming] Progress: 54000 events. kind=completed, simulation_time=2024-09-01 11:54:49
[streaming] Sent=54100 (started=27650, completed=26450), bad_ts=0, last_valid_ts=2024-09-01 11:55:27
[streaming] Progress: 54100 events. kind=completed, simulation_time=2024-09-01 11:55:27
[streaming] Sent=54200 (started=27698, completed=26502), bad_ts=0, last_valid_ts=2024-09-01 11:56:06
[streaming] Progress: 54200 events. kind=completed, simulation_time=2024-09-01 11:56:07
[streaming] Sent=54300 (started=27743, completed=26557), bad_ts=0, last_valid_ts=2024-09-01 11:56:44
[streaming] Progress: 54300 events. kind=completed, simulation_time=2024-09-01 11:56:44
[streaming] Sent=54400 (started=27787, completed=26613), bad_ts=0, last_valid_ts=2024-09-01 11:57:17
[streaming] Progress: 54400 events. kind=completed, simulation_time=2024-09-01 11:57:17
[streaming] Sent=54500 (started=27838, completed=26662), bad_ts=0, last_valid_ts=2024-09-01 11:57:54
[streaming] Progress: 54500 events. kind=completed, simulation_time=2024-09-01 11:57:54
[streaming] Sent=54600 (started=27889, completed=26711), bad_ts=0, last_valid_ts=2024-09-01 11:58:29
[streaming] Progress: 54600 events. kind=started, simulation_time=2024-09-01 11:58:29
[streaming] Sent=54700 (started=27940, completed=26760), bad_ts=0, last_valid_ts=2024-09-01 11:59:09
[streaming] Progress: 54700 events. kind=completed, simulation_time=2024-09-01 11:59:09
[streaming] Sent=54800 (started=27986, completed=26814), bad_ts=0, last_valid_ts=2024-09-01 11:59:45
[streaming] Progress: 54800 events. kind=completed, simulation_time=2024-09-01 11:59:46
[streaming] Sent=54900 (started=28031, completed=26869), bad_ts=0, last_valid_ts=2024-09-01 12:00:20
[streaming] Progress: 54900 events. kind=completed, simulation_time=2024-09-01 12:00:21
[streaming] Sent=55000 (started=28085, completed=26915), bad_ts=0, last_valid_ts=2024-09-01 12:00:56
[streaming] Progress: 55000 events. kind=started, simulation_time=2024-09-01 12:00:57
[streaming] Sent=55100 (started=28140, completed=26960), bad_ts=0, last_valid_ts=2024-09-01 12:01:31
[streaming] Progress: 55100 events. kind=completed, simulation_time=2024-09-01 12:01:31
[streaming] Sent=55200 (started=28187, completed=27013), bad_ts=0, last_valid_ts=2024-09-01 12:02:05
[streaming] Progress: 55200 events. kind=completed, simulation_time=2024-09-01 12:02:06
[streaming] Sent=55300 (started=28244, completed=27056), bad_ts=0, last_valid_ts=2024-09-01 12:02:39
[streaming] Progress: 55300 events. kind=completed, simulation_time=2024-09-01 12:02:40
[streaming] Sent=55400 (started=28295, completed=27105), bad_ts=0, last_valid_ts=2024-09-01 12:03:19
[streaming] Progress: 55400 events. kind=completed, simulation_time=2024-09-01 12:03:19
[streaming] Sent=55500 (started=28348, completed=27152), bad_ts=0, last_valid_ts=2024-09-01 12:03:57
[streaming] Progress: 55500 events. kind=completed, simulation_time=2024-09-01 12:03:57
[streaming] Sent=55600 (started=28401, completed=27199), bad_ts=0, last_valid_ts=2024-09-01 12:04:28
[streaming] Progress: 55600 events. kind=started, simulation_time=2024-09-01 12:04:28
[streaming] Sent=55700 (started=28463, completed=27237), bad_ts=0, last_valid_ts=2024-09-01 12:04:58
[streaming] Progress: 55700 events. kind=completed, simulation_time=2024-09-01 12:04:58
[streaming] Sent=55800 (started=28521, completed=27279), bad_ts=0, last_valid_ts=2024-09-01 12:05:30
[streaming] Progress: 55800 events. kind=completed, simulation_time=2024-09-01 12:05:30
[streaming] Sent=55900 (started=28576, completed=27324), bad_ts=0, last_valid_ts=2024-09-01 12:06:05
[streaming] Progress: 55900 events. kind=started, simulation_time=2024-09-01 12:06:05
[streaming] Sent=56000 (started=28634, completed=27366), bad_ts=0, last_valid_ts=2024-09-01 12:06:37
[streaming] Progress: 56000 events. kind=started, simulation_time=2024-09-01 12:06:37
[streaming] Sent=56100 (started=28692, completed=27408), bad_ts=0, last_valid_ts=2024-09-01 12:07:10
[streaming] Progress: 56100 events. kind=started, simulation_time=2024-09-01 12:07:10
[streaming] Sent=56200 (started=28737, completed=27463), bad_ts=0, last_valid_ts=2024-09-01 12:07:49
[streaming] Progress: 56200 events. kind=started, simulation_time=2024-09-01 12:07:49
[streaming] Sent=56300 (started=28789, completed=27511), bad_ts=0, last_valid_ts=2024-09-01 12:08:25
[streaming] Progress: 56300 events. kind=completed, simulation_time=2024-09-01 12:08:27
[streaming] Sent=56400 (started=28847, completed=27553), bad_ts=0, last_valid_ts=2024-09-01 12:08:56
[streaming] Progress: 56400 events. kind=completed, simulation_time=2024-09-01 12:08:57
[streaming] Sent=56500 (started=28895, completed=27605), bad_ts=0, last_valid_ts=2024-09-01 12:09:28
[streaming] Progress: 56500 events. kind=started, simulation_time=2024-09-01 12:09:28
[streaming] Sent=56600 (started=28950, completed=27650), bad_ts=0, last_valid_ts=2024-09-01 12:09:59
[streaming] Progress: 56600 events. kind=completed, simulation_time=2024-09-01 12:09:59
[streaming] Sent=56700 (started=28993, completed=27707), bad_ts=0, last_valid_ts=2024-09-01 12:10:32
[streaming] Progress: 56700 events. kind=started, simulation_time=2024-09-01 12:10:33
[streaming] Sent=56800 (started=29042, completed=27758), bad_ts=0, last_valid_ts=2024-09-01 12:11:00
[streaming] Progress: 56800 events. kind=started, simulation_time=2024-09-01 12:11:00
[streaming] Sent=56900 (started=29087, completed=27813), bad_ts=0, last_valid_ts=2024-09-01 12:11:35
[streaming] Progress: 56900 events. kind=started, simulation_time=2024-09-01 12:11:36
[streaming] Sent=57000 (started=29135, completed=27865), bad_ts=0, last_valid_ts=2024-09-01 12:12:12
[streaming] Progress: 57000 events. kind=completed, simulation_time=2024-09-01 12:12:12
[streaming] Sent=57100 (started=29182, completed=27918), bad_ts=0, last_valid_ts=2024-09-01 12:12:44
[streaming] Progress: 57100 events. kind=completed, simulation_time=2024-09-01 12:12:45
[streaming] Sent=57200 (started=29224, completed=27976), bad_ts=0, last_valid_ts=2024-09-01 12:13:21
[streaming] Progress: 57200 events. kind=started, simulation_time=2024-09-01 12:13:21
[streaming] Sent=57300 (started=29278, completed=28022), bad_ts=0, last_valid_ts=2024-09-01 12:13:53
[streaming] Progress: 57300 events. kind=completed, simulation_time=2024-09-01 12:13:53
[streaming] Sent=57400 (started=29336, completed=28064), bad_ts=0, last_valid_ts=2024-09-01 12:14:27
[streaming] Progress: 57400 events. kind=completed, simulation_time=2024-09-01 12:14:27
[streaming] Sent=57500 (started=29395, completed=28105), bad_ts=0, last_valid_ts=2024-09-01 12:15:03
[streaming] Progress: 57500 events. kind=started, simulation_time=2024-09-01 12:15:03
[streaming] Sent=57600 (started=29448, completed=28152), bad_ts=0, last_valid_ts=2024-09-01 12:15:36
[streaming] Progress: 57600 events. kind=completed, simulation_time=2024-09-01 12:15:37
[streaming] Sent=57700 (started=29496, completed=28204), bad_ts=0, last_valid_ts=2024-09-01 12:16:11
[streaming] Progress: 57700 events. kind=completed, simulation_time=2024-09-01 12:16:12
[streaming] Sent=57800 (started=29549, completed=28251), bad_ts=0, last_valid_ts=2024-09-01 12:16:47
[streaming] Progress: 57800 events. kind=completed, simulation_time=2024-09-01 12:16:48
[streaming] Sent=57900 (started=29601, completed=28299), bad_ts=0, last_valid_ts=2024-09-01 12:17:22
[streaming] Progress: 57900 events. kind=completed, simulation_time=2024-09-01 12:17:22
[streaming] Sent=58000 (started=29653, completed=28347), bad_ts=0, last_valid_ts=2024-09-01 12:18:00
[streaming] Progress: 58000 events. kind=started, simulation_time=2024-09-01 12:18:00
[streaming] Sent=58100 (started=29701, completed=28399), bad_ts=0, last_valid_ts=2024-09-01 12:18:28
[streaming] Progress: 58100 events. kind=started, simulation_time=2024-09-01 12:18:28
[streaming] Sent=58200 (started=29756, completed=28444), bad_ts=0, last_valid_ts=2024-09-01 12:18:56
[streaming] Progress: 58200 events. kind=started, simulation_time=2024-09-01 12:18:56
[streaming] Sent=58300 (started=29805, completed=28495), bad_ts=0, last_valid_ts=2024-09-01 12:19:33
[streaming] Progress: 58300 events. kind=completed, simulation_time=2024-09-01 12:19:33
[streaming] Sent=58400 (started=29853, completed=28547), bad_ts=0, last_valid_ts=2024-09-01 12:20:11
[streaming] Progress: 58400 events. kind=started, simulation_time=2024-09-01 12:20:11
[streaming] Sent=58500 (started=29905, completed=28595), bad_ts=0, last_valid_ts=2024-09-01 12:20:49
[streaming] Progress: 58500 events. kind=completed, simulation_time=2024-09-01 12:20:49
[streaming] Sent=58600 (started=29961, completed=28639), bad_ts=0, last_valid_ts=2024-09-01 12:21:27
[streaming] Progress: 58600 events. kind=completed, simulation_time=2024-09-01 12:21:28
[streaming] Sent=58700 (started=30013, completed=28687), bad_ts=0, last_valid_ts=2024-09-01 12:22:03
[streaming] Progress: 58700 events. kind=completed, simulation_time=2024-09-01 12:22:03
[streaming] Sent=58800 (started=30063, completed=28737), bad_ts=0, last_valid_ts=2024-09-01 12:22:42
[streaming] Progress: 58800 events. kind=completed, simulation_time=2024-09-01 12:22:43
[streaming] Sent=58900 (started=30112, completed=28788), bad_ts=0, last_valid_ts=2024-09-01 12:23:14
[streaming] Progress: 58900 events. kind=completed, simulation_time=2024-09-01 12:23:14
[streaming] Sent=59000 (started=30158, completed=28842), bad_ts=0, last_valid_ts=2024-09-01 12:23:54
[streaming] Progress: 59000 events. kind=completed, simulation_time=2024-09-01 12:23:55
[streaming] Sent=59100 (started=30209, completed=28891), bad_ts=0, last_valid_ts=2024-09-01 12:24:24
[streaming] Progress: 59100 events. kind=started, simulation_time=2024-09-01 12:24:24
[streaming] Sent=59200 (started=30265, completed=28935), bad_ts=0, last_valid_ts=2024-09-01 12:24:56
[streaming] Progress: 59200 events. kind=completed, simulation_time=2024-09-01 12:24:57
[streaming] Sent=59300 (started=30312, completed=28988), bad_ts=0, last_valid_ts=2024-09-01 12:25:36
[streaming] Progress: 59300 events. kind=started, simulation_time=2024-09-01 12:25:36
[streaming] Sent=59400 (started=30362, completed=29038), bad_ts=0, last_valid_ts=2024-09-01 12:26:11
[streaming] Progress: 59400 events. kind=completed, simulation_time=2024-09-01 12:26:11
[streaming] Sent=59500 (started=30407, completed=29093), bad_ts=0, last_valid_ts=2024-09-01 12:26:48
[streaming] Progress: 59500 events. kind=completed, simulation_time=2024-09-01 12:26:48
[streaming] Sent=59600 (started=30456, completed=29144), bad_ts=0, last_valid_ts=2024-09-01 12:27:24
[streaming] Progress: 59600 events. kind=started, simulation_time=2024-09-01 12:27:24
[streaming] Sent=59700 (started=30507, completed=29193), bad_ts=0, last_valid_ts=2024-09-01 12:28:07
[streaming] Progress: 59700 events. kind=started, simulation_time=2024-09-01 12:28:07
[streaming] Sent=59800 (started=30557, completed=29243), bad_ts=0, last_valid_ts=2024-09-01 12:28:43
[streaming] Progress: 59800 events. kind=started, simulation_time=2024-09-01 12:28:43
[streaming] Sent=59900 (started=30604, completed=29296), bad_ts=0, last_valid_ts=2024-09-01 12:29:16
[streaming] Progress: 59900 events. kind=started, simulation_time=2024-09-01 12:29:16
[streaming] Sent=60000 (started=30653, completed=29347), bad_ts=0, last_valid_ts=2024-09-01 12:29:43
[streaming] Progress: 60000 events. kind=started, simulation_time=2024-09-01 12:29:43
[streaming] Sent=60100 (started=30702, completed=29398), bad_ts=0, last_valid_ts=2024-09-01 12:30:18
[streaming] Progress: 60100 events. kind=completed, simulation_time=2024-09-01 12:30:19
[streaming] Sent=60200 (started=30742, completed=29458), bad_ts=0, last_valid_ts=2024-09-01 12:30:49
[streaming] Progress: 60200 events. kind=completed, simulation_time=2024-09-01 12:30:49
[streaming] Sent=60300 (started=30792, completed=29508), bad_ts=0, last_valid_ts=2024-09-01 12:31:21
[streaming] Progress: 60300 events. kind=started, simulation_time=2024-09-01 12:31:21
[streaming] Sent=60400 (started=30848, completed=29552), bad_ts=0, last_valid_ts=2024-09-01 12:32:00
[streaming] Progress: 60400 events. kind=completed, simulation_time=2024-09-01 12:32:00
[streaming] Sent=60500 (started=30897, completed=29603), bad_ts=0, last_valid_ts=2024-09-01 12:32:31
[streaming] Progress: 60500 events. kind=started, simulation_time=2024-09-01 12:32:31
[streaming] Sent=60600 (started=30947, completed=29653), bad_ts=0, last_valid_ts=2024-09-01 12:33:11
[streaming] Progress: 60600 events. kind=completed, simulation_time=2024-09-01 12:33:12
[streaming] Sent=60700 (started=30992, completed=29708), bad_ts=0, last_valid_ts=2024-09-01 12:33:46
[streaming] Progress: 60700 events. kind=started, simulation_time=2024-09-01 12:33:46
[streaming] Sent=60800 (started=31051, completed=29749), bad_ts=0, last_valid_ts=2024-09-01 12:34:23
[streaming] Progress: 60800 events. kind=started, simulation_time=2024-09-01 12:34:23
[streaming] Sent=60900 (started=31100, completed=29800), bad_ts=0, last_valid_ts=2024-09-01 12:34:56
[streaming] Progress: 60900 events. kind=completed, simulation_time=2024-09-01 12:34:58
[streaming] Sent=61000 (started=31147, completed=29853), bad_ts=0, last_valid_ts=2024-09-01 12:35:36
[streaming] Progress: 61000 events. kind=started, simulation_time=2024-09-01 12:35:36
[streaming] Sent=61100 (started=31205, completed=29895), bad_ts=0, last_valid_ts=2024-09-01 12:36:14
[streaming] Progress: 61100 events. kind=started, simulation_time=2024-09-01 12:36:14
[streaming] Sent=61200 (started=31245, completed=29955), bad_ts=0, last_valid_ts=2024-09-01 12:36:52
[streaming] Progress: 61200 events. kind=started, simulation_time=2024-09-01 12:36:52
[streaming] Sent=61300 (started=31290, completed=30010), bad_ts=0, last_valid_ts=2024-09-01 12:37:24
[streaming] Progress: 61300 events. kind=completed, simulation_time=2024-09-01 12:37:25
[streaming] Sent=61400 (started=31337, completed=30063), bad_ts=0, last_valid_ts=2024-09-01 12:37:56
[streaming] Progress: 61400 events. kind=completed, simulation_time=2024-09-01 12:37:56
[streaming] Sent=61500 (started=31383, completed=30117), bad_ts=0, last_valid_ts=2024-09-01 12:38:32
[streaming] Progress: 61500 events. kind=completed, simulation_time=2024-09-01 12:38:33
[streaming] Sent=61600 (started=31427, completed=30173), bad_ts=0, last_valid_ts=2024-09-01 12:39:10
[streaming] Progress: 61600 events. kind=started, simulation_time=2024-09-01 12:39:10
[streaming] Sent=61700 (started=31476, completed=30224), bad_ts=0, last_valid_ts=2024-09-01 12:39:54
[streaming] Progress: 61700 events. kind=started, simulation_time=2024-09-01 12:39:54
[streaming] Sent=61800 (started=31529, completed=30271), bad_ts=0, last_valid_ts=2024-09-01 12:40:24
[streaming] Progress: 61800 events. kind=completed, simulation_time=2024-09-01 12:40:24
[streaming] Sent=61900 (started=31579, completed=30321), bad_ts=0, last_valid_ts=2024-09-01 12:40:58
[streaming] Progress: 61900 events. kind=completed, simulation_time=2024-09-01 12:40:59
[streaming] Sent=62000 (started=31625, completed=30375), bad_ts=0, last_valid_ts=2024-09-01 12:41:37
[streaming] Progress: 62000 events. kind=started, simulation_time=2024-09-01 12:41:37
[streaming] Sent=62100 (started=31670, completed=30430), bad_ts=0, last_valid_ts=2024-09-01 12:42:13
[streaming] Progress: 62100 events. kind=completed, simulation_time=2024-09-01 12:42:14
[streaming] Sent=62200 (started=31718, completed=30482), bad_ts=0, last_valid_ts=2024-09-01 12:42:53
[streaming] Progress: 62200 events. kind=completed, simulation_time=2024-09-01 12:42:54
[streaming] Sent=62300 (started=31775, completed=30525), bad_ts=0, last_valid_ts=2024-09-01 12:43:34
[streaming] Progress: 62300 events. kind=completed, simulation_time=2024-09-01 12:43:34
[streaming] Sent=62400 (started=31826, completed=30574), bad_ts=0, last_valid_ts=2024-09-01 12:44:08
[streaming] Progress: 62400 events. kind=completed, simulation_time=2024-09-01 12:44:09
[streaming] Sent=62500 (started=31876, completed=30624), bad_ts=0, last_valid_ts=2024-09-01 12:44:42
[streaming] Progress: 62500 events. kind=started, simulation_time=2024-09-01 12:44:43
[streaming] Sent=62600 (started=31923, completed=30677), bad_ts=0, last_valid_ts=2024-09-01 12:45:16
[streaming] Progress: 62600 events. kind=completed, simulation_time=2024-09-01 12:45:17
[streaming] Sent=62700 (started=31970, completed=30730), bad_ts=0, last_valid_ts=2024-09-01 12:45:55
[streaming] Progress: 62700 events. kind=started, simulation_time=2024-09-01 12:45:55
[streaming] Sent=62800 (started=32015, completed=30785), bad_ts=0, last_valid_ts=2024-09-01 12:46:31
[streaming] Progress: 62800 events. kind=completed, simulation_time=2024-09-01 12:46:31
[streaming] Sent=62900 (started=32070, completed=30830), bad_ts=0, last_valid_ts=2024-09-01 12:47:05
[streaming] Progress: 62900 events. kind=started, simulation_time=2024-09-01 12:47:05
[streaming] Sent=63000 (started=32119, completed=30881), bad_ts=0, last_valid_ts=2024-09-01 12:47:32
[streaming] Progress: 63000 events. kind=completed, simulation_time=2024-09-01 12:47:32
[streaming] Sent=63100 (started=32165, completed=30935), bad_ts=0, last_valid_ts=2024-09-01 12:48:09
[streaming] Progress: 63100 events. kind=started, simulation_time=2024-09-01 12:48:09
[streaming] Sent=63200 (started=32220, completed=30980), bad_ts=0, last_valid_ts=2024-09-01 12:48:44
[streaming] Progress: 63200 events. kind=started, simulation_time=2024-09-01 12:48:44
[streaming] Sent=63300 (started=32277, completed=31023), bad_ts=0, last_valid_ts=2024-09-01 12:49:23
[streaming] Progress: 63300 events. kind=completed, simulation_time=2024-09-01 12:49:23
[streaming] Sent=63400 (started=32332, completed=31068), bad_ts=0, last_valid_ts=2024-09-01 12:50:06
[streaming] Progress: 63400 events. kind=completed, simulation_time=2024-09-01 12:50:07
[streaming] Sent=63500 (started=32390, completed=31110), bad_ts=0, last_valid_ts=2024-09-01 12:50:39
[streaming] Progress: 63500 events. kind=started, simulation_time=2024-09-01 12:50:40
[streaming] Sent=63600 (started=32452, completed=31148), bad_ts=0, last_valid_ts=2024-09-01 12:51:18
[streaming] Progress: 63600 events. kind=completed, simulation_time=2024-09-01 12:51:19
[streaming] Sent=63700 (started=32498, completed=31202), bad_ts=0, last_valid_ts=2024-09-01 12:51:53
[streaming] Progress: 63700 events. kind=started, simulation_time=2024-09-01 12:51:53
[streaming] Sent=63800 (started=32546, completed=31254), bad_ts=0, last_valid_ts=2024-09-01 12:52:28
[streaming] Progress: 63800 events. kind=started, simulation_time=2024-09-01 12:52:28
[streaming] Sent=63900 (started=32609, completed=31291), bad_ts=0, last_valid_ts=2024-09-01 12:53:04
[streaming] Progress: 63900 events. kind=started, simulation_time=2024-09-01 12:53:04
[streaming] Sent=64000 (started=32664, completed=31336), bad_ts=0, last_valid_ts=2024-09-01 12:53:45
[streaming] Progress: 64000 events. kind=started, simulation_time=2024-09-01 12:53:45
[streaming] Sent=64100 (started=32714, completed=31386), bad_ts=0, last_valid_ts=2024-09-01 12:54:16
[streaming] Progress: 64100 events. kind=completed, simulation_time=2024-09-01 12:54:17
[streaming] Sent=64200 (started=32769, completed=31431), bad_ts=0, last_valid_ts=2024-09-01 12:54:44
[streaming] Progress: 64200 events. kind=started, simulation_time=2024-09-01 12:54:45
[streaming] Sent=64300 (started=32830, completed=31470), bad_ts=0, last_valid_ts=2024-09-01 12:55:20
[streaming] Progress: 64300 events. kind=completed, simulation_time=2024-09-01 12:55:21
[streaming] Sent=64400 (started=32879, completed=31521), bad_ts=0, last_valid_ts=2024-09-01 12:55:50
[streaming] Progress: 64400 events. kind=completed, simulation_time=2024-09-01 12:55:50
[streaming] Sent=64500 (started=32927, completed=31573), bad_ts=0, last_valid_ts=2024-09-01 12:56:25
[streaming] Progress: 64500 events. kind=started, simulation_time=2024-09-01 12:56:26
[streaming] Sent=64600 (started=32986, completed=31614), bad_ts=0, last_valid_ts=2024-09-01 12:56:55
[streaming] Progress: 64600 events. kind=started, simulation_time=2024-09-01 12:56:55
[streaming] Sent=64700 (started=33034, completed=31666), bad_ts=0, last_valid_ts=2024-09-01 12:57:33
[streaming] Progress: 64700 events. kind=started, simulation_time=2024-09-01 12:57:34
[streaming] Sent=64800 (started=33087, completed=31713), bad_ts=0, last_valid_ts=2024-09-01 12:58:04
[streaming] Progress: 64800 events. kind=completed, simulation_time=2024-09-01 12:58:04
[streaming] Sent=64900 (started=33143, completed=31757), bad_ts=0, last_valid_ts=2024-09-01 12:58:35
[streaming] Progress: 64900 events. kind=started, simulation_time=2024-09-01 12:58:35
[streaming] Sent=65000 (started=33196, completed=31804), bad_ts=0, last_valid_ts=2024-09-01 12:59:16
[streaming] Progress: 65000 events. kind=started, simulation_time=2024-09-01 12:59:16
[streaming] Sent=65100 (started=33250, completed=31850), bad_ts=0, last_valid_ts=2024-09-01 12:59:42
[streaming] Progress: 65100 events. kind=started, simulation_time=2024-09-01 12:59:42
[streaming] Sent=65200 (started=33302, completed=31898), bad_ts=0, last_valid_ts=2024-09-01 13:00:12
[streaming] Progress: 65200 events. kind=completed, simulation_time=2024-09-01 13:00:13
[streaming] Sent=65300 (started=33345, completed=31955), bad_ts=0, last_valid_ts=2024-09-01 13:00:49
[streaming] Progress: 65300 events. kind=completed, simulation_time=2024-09-01 13:00:50
[streaming] Sent=65400 (started=33396, completed=32004), bad_ts=0, last_valid_ts=2024-09-01 13:01:20
[streaming] Progress: 65400 events. kind=started, simulation_time=2024-09-01 13:01:20
[streaming] Sent=65500 (started=33450, completed=32050), bad_ts=0, last_valid_ts=2024-09-01 13:01:56
[streaming] Progress: 65500 events. kind=completed, simulation_time=2024-09-01 13:01:57
[streaming] Sent=65600 (started=33507, completed=32093), bad_ts=0, last_valid_ts=2024-09-01 13:02:30
[streaming] Progress: 65600 events. kind=completed, simulation_time=2024-09-01 13:02:31
[streaming] Sent=65700 (started=33555, completed=32145), bad_ts=0, last_valid_ts=2024-09-01 13:03:15
[streaming] Progress: 65700 events. kind=started, simulation_time=2024-09-01 13:03:15
[streaming] Sent=65800 (started=33606, completed=32194), bad_ts=0, last_valid_ts=2024-09-01 13:03:52
[streaming] Progress: 65800 events. kind=completed, simulation_time=2024-09-01 13:03:52
[streaming] Sent=65900 (started=33655, completed=32245), bad_ts=0, last_valid_ts=2024-09-01 13:04:31
[streaming] Progress: 65900 events. kind=started, simulation_time=2024-09-01 13:04:31
[streaming] Sent=66000 (started=33699, completed=32301), bad_ts=0, last_valid_ts=2024-09-01 13:04:58
[streaming] Progress: 66000 events. kind=completed, simulation_time=2024-09-01 13:04:59
[streaming] Sent=66100 (started=33750, completed=32350), bad_ts=0, last_valid_ts=2024-09-01 13:05:31
[streaming] Progress: 66100 events. kind=started, simulation_time=2024-09-01 13:05:31
[streaming] Sent=66200 (started=33800, completed=32400), bad_ts=0, last_valid_ts=2024-09-01 13:05:59
[streaming] Progress: 66200 events. kind=completed, simulation_time=2024-09-01 13:05:59
[streaming] Sent=66300 (started=33854, completed=32446), bad_ts=0, last_valid_ts=2024-09-01 13:06:27
[streaming] Progress: 66300 events. kind=started, simulation_time=2024-09-01 13:06:27
[streaming] Sent=66400 (started=33895, completed=32505), bad_ts=0, last_valid_ts=2024-09-01 13:06:56
[streaming] Progress: 66400 events. kind=completed, simulation_time=2024-09-01 13:06:56
[streaming] Sent=66500 (started=33950, completed=32550), bad_ts=0, last_valid_ts=2024-09-01 13:07:31
[streaming] Progress: 66500 events. kind=started, simulation_time=2024-09-01 13:07:31
[streaming] Sent=66600 (started=34002, completed=32598), bad_ts=0, last_valid_ts=2024-09-01 13:08:06
[streaming] Progress: 66600 events. kind=started, simulation_time=2024-09-01 13:08:06
[streaming] Sent=66700 (started=34064, completed=32636), bad_ts=0, last_valid_ts=2024-09-01 13:08:42
[streaming] Progress: 66700 events. kind=completed, simulation_time=2024-09-01 13:08:43
[streaming] Sent=66800 (started=34107, completed=32693), bad_ts=0, last_valid_ts=2024-09-01 13:09:11
[streaming] Progress: 66800 events. kind=started, simulation_time=2024-09-01 13:09:11
[streaming] Sent=66900 (started=34155, completed=32745), bad_ts=0, last_valid_ts=2024-09-01 13:09:45
[streaming] Progress: 66900 events. kind=started, simulation_time=2024-09-01 13:09:45
[streaming] Sent=67000 (started=34217, completed=32783), bad_ts=0, last_valid_ts=2024-09-01 13:10:24
[streaming] Progress: 67000 events. kind=started, simulation_time=2024-09-01 13:10:24
[streaming] Sent=67100 (started=34270, completed=32830), bad_ts=0, last_valid_ts=2024-09-01 13:10:55
[streaming] Progress: 67100 events. kind=started, simulation_time=2024-09-01 13:10:56
[streaming] Sent=67200 (started=34323, completed=32877), bad_ts=0, last_valid_ts=2024-09-01 13:11:26
[streaming] Progress: 67200 events. kind=started, simulation_time=2024-09-01 13:11:26
[streaming] Sent=67300 (started=34375, completed=32925), bad_ts=0, last_valid_ts=2024-09-01 13:11:56
[streaming] Progress: 67300 events. kind=started, simulation_time=2024-09-01 13:11:56
[streaming] Sent=67400 (started=34428, completed=32972), bad_ts=0, last_valid_ts=2024-09-01 13:12:30
[streaming] Progress: 67400 events. kind=completed, simulation_time=2024-09-01 13:12:30
[streaming] Sent=67500 (started=34486, completed=33014), bad_ts=0, last_valid_ts=2024-09-01 13:13:01
[streaming] Progress: 67500 events. kind=started, simulation_time=2024-09-01 13:13:01
[streaming] Sent=67600 (started=34531, completed=33069), bad_ts=0, last_valid_ts=2024-09-01 13:13:32
[streaming] Progress: 67600 events. kind=completed, simulation_time=2024-09-01 13:13:33
[streaming] Sent=67700 (started=34585, completed=33115), bad_ts=0, last_valid_ts=2024-09-01 13:14:08
[streaming] Progress: 67700 events. kind=completed, simulation_time=2024-09-01 13:14:08
[streaming] Sent=67800 (started=34638, completed=33162), bad_ts=0, last_valid_ts=2024-09-01 13:14:39
[streaming] Progress: 67800 events. kind=completed, simulation_time=2024-09-01 13:14:40
[streaming] Sent=67900 (started=34687, completed=33213), bad_ts=0, last_valid_ts=2024-09-01 13:15:06
[streaming] Progress: 67900 events. kind=started, simulation_time=2024-09-01 13:15:06
[streaming] Sent=68000 (started=34746, completed=33254), bad_ts=0, last_valid_ts=2024-09-01 13:15:43
[streaming] Progress: 68000 events. kind=completed, simulation_time=2024-09-01 13:15:43
[streaming] Sent=68100 (started=34803, completed=33297), bad_ts=0, last_valid_ts=2024-09-01 13:16:12
[streaming] Progress: 68100 events. kind=started, simulation_time=2024-09-01 13:16:12
[streaming] Sent=68200 (started=34850, completed=33350), bad_ts=0, last_valid_ts=2024-09-01 13:16:45
[streaming] Progress: 68200 events. kind=started, simulation_time=2024-09-01 13:16:45
[streaming] Sent=68300 (started=34904, completed=33396), bad_ts=0, last_valid_ts=2024-09-01 13:17:18
[streaming] Progress: 68300 events. kind=completed, simulation_time=2024-09-01 13:17:18
[streaming] Sent=68400 (started=34953, completed=33447), bad_ts=0, last_valid_ts=2024-09-01 13:17:48
[streaming] Progress: 68400 events. kind=completed, simulation_time=2024-09-01 13:17:49
[streaming] Sent=68500 (started=34998, completed=33502), bad_ts=0, last_valid_ts=2024-09-01 13:18:17
[streaming] Progress: 68500 events. kind=completed, simulation_time=2024-09-01 13:18:17
[streaming] Sent=68600 (started=35045, completed=33555), bad_ts=0, last_valid_ts=2024-09-01 13:18:48
[streaming] Progress: 68600 events. kind=completed, simulation_time=2024-09-01 13:18:49
[streaming] Sent=68700 (started=35101, completed=33599), bad_ts=0, last_valid_ts=2024-09-01 13:19:20
[streaming] Progress: 68700 events. kind=completed, simulation_time=2024-09-01 13:19:20
[streaming] Sent=68800 (started=35140, completed=33660), bad_ts=0, last_valid_ts=2024-09-01 13:19:48
[streaming] Progress: 68800 events. kind=started, simulation_time=2024-09-01 13:19:48
[streaming] Sent=68900 (started=35202, completed=33698), bad_ts=0, last_valid_ts=2024-09-01 13:20:19
[streaming] Progress: 68900 events. kind=completed, simulation_time=2024-09-01 13:20:20
[streaming] Sent=69000 (started=35256, completed=33744), bad_ts=0, last_valid_ts=2024-09-01 13:20:53
[streaming] Progress: 69000 events. kind=completed, simulation_time=2024-09-01 13:20:53
[streaming] Sent=69100 (started=35307, completed=33793), bad_ts=0, last_valid_ts=2024-09-01 13:21:24
[streaming] Progress: 69100 events. kind=completed, simulation_time=2024-09-01 13:21:25
[streaming] Sent=69200 (started=35359, completed=33841), bad_ts=0, last_valid_ts=2024-09-01 13:21:57
[streaming] Progress: 69200 events. kind=started, simulation_time=2024-09-01 13:21:57
[streaming] Sent=69300 (started=35405, completed=33895), bad_ts=0, last_valid_ts=2024-09-01 13:22:29
[streaming] Progress: 69300 events. kind=completed, simulation_time=2024-09-01 13:22:29
[streaming] Sent=69400 (started=35453, completed=33947), bad_ts=0, last_valid_ts=2024-09-01 13:23:04
[streaming] Progress: 69400 events. kind=completed, simulation_time=2024-09-01 13:23:05
[streaming] Sent=69500 (started=35499, completed=34001), bad_ts=0, last_valid_ts=2024-09-01 13:23:38
[streaming] Progress: 69500 events. kind=completed, simulation_time=2024-09-01 13:23:39
[streaming] Sent=69600 (started=35550, completed=34050), bad_ts=0, last_valid_ts=2024-09-01 13:24:10
[streaming] Progress: 69600 events. kind=completed, simulation_time=2024-09-01 13:24:11
[streaming] Sent=69700 (started=35599, completed=34101), bad_ts=0, last_valid_ts=2024-09-01 13:24:41
[streaming] Progress: 69700 events. kind=started, simulation_time=2024-09-01 13:24:41
[streaming] Sent=69800 (started=35643, completed=34157), bad_ts=0, last_valid_ts=2024-09-01 13:25:14
[streaming] Progress: 69800 events. kind=started, simulation_time=2024-09-01 13:25:14
[streaming] Sent=69900 (started=35689, completed=34211), bad_ts=0, last_valid_ts=2024-09-01 13:25:54
[streaming] Progress: 69900 events. kind=completed, simulation_time=2024-09-01 13:25:54
[streaming] Sent=70000 (started=35744, completed=34256), bad_ts=0, last_valid_ts=2024-09-01 13:26:25
[streaming] Progress: 70000 events. kind=started, simulation_time=2024-09-01 13:26:25
[streaming] Sent=70100 (started=35800, completed=34300), bad_ts=0, last_valid_ts=2024-09-01 13:26:59
[streaming] Progress: 70100 events. kind=completed, simulation_time=2024-09-01 13:26:59
[streaming] Sent=70200 (started=35842, completed=34358), bad_ts=0, last_valid_ts=2024-09-01 13:27:28
[streaming] Progress: 70200 events. kind=completed, simulation_time=2024-09-01 13:27:29
[streaming] Sent=70300 (started=35886, completed=34414), bad_ts=0, last_valid_ts=2024-09-01 13:28:06
[streaming] Progress: 70300 events. kind=completed, simulation_time=2024-09-01 13:28:06
