WARNING: Using incubator modules: jdk.incubator.vector
26/05/18 15:41:01 WARN NativeCodeLoader: Unable to load native-hadoop library for your platform... using builtin-java classes where applicable
Using Spark's default log4j profile: org/apache/spark/log4j2-defaults.properties
26/05/18 15:41:02 INFO SparkContext: Running Spark version 4.0.2
26/05/18 15:41:02 INFO SparkContext: OS info Linux, 7.0.0-1003-gcp, amd64
26/05/18 15:41:02 INFO SparkContext: Java version 17.0.17
26/05/18 15:41:02 INFO ResourceUtils: ==============================================================
26/05/18 15:41:02 INFO ResourceUtils: No custom resources configured for spark.driver.
26/05/18 15:41:02 INFO ResourceUtils: ==============================================================
26/05/18 15:41:02 INFO SparkContext: Submitted application: StreamingToBronze
26/05/18 15:41:02 INFO ResourceProfile: Default ResourceProfile created, executor resources: Map(cores -> name: cores, amount: 1, script: , vendor: , memory -> name: memory, amount: 2048, script: , vendor: , offHeap -> name: offHeap, amount: 0, script: , vendor: ), task resources: Map(cpus -> name: cpus, amount: 1.0)
26/05/18 15:41:02 INFO ResourceProfile: Limiting resource is cpus at 1 tasks per executor
26/05/18 15:41:02 INFO ResourceProfileManager: Added ResourceProfile id: 0
26/05/18 15:41:02 INFO SecurityManager: Changing view acls to: spark,viet-k3s-google
26/05/18 15:41:02 INFO SecurityManager: Changing modify acls to: spark,viet-k3s-google
26/05/18 15:41:02 INFO SecurityManager: Changing view acls groups to: spark,viet-k3s-google
26/05/18 15:41:02 INFO SecurityManager: Changing modify acls groups to: spark,viet-k3s-google
26/05/18 15:41:02 INFO SecurityManager: SecurityManager: authentication disabled; ui acls disabled; users with view permissions: spark, viet-k3s-google groups with view permissions: EMPTY; users with modify permissions: spark, viet-k3s-google; groups with modify permissions: EMPTY; RPC SSL disabled
26/05/18 15:41:03 INFO Utils: Successfully started service 'sparkDriver' on port 7078.
26/05/18 15:41:03 INFO SparkEnv: Registering MapOutputTracker
26/05/18 15:41:03 INFO SparkEnv: Registering BlockManagerMaster
26/05/18 15:41:03 INFO BlockManagerMasterEndpoint: Using org.apache.spark.storage.DefaultTopologyMapper for getting topology information
26/05/18 15:41:03 INFO BlockManagerMasterEndpoint: BlockManagerMasterEndpoint up
26/05/18 15:41:03 INFO SparkEnv: Registering BlockManagerMasterHeartbeat
26/05/18 15:41:03 INFO DiskBlockManager: Created local directory at /var/data/spark-aa28badf-fccb-4399-be63-a45856dbd358/blockmgr-e76ed2c7-1b59-4165-bdfb-ab0ca7bfc327
26/05/18 15:41:03 INFO SparkEnv: Registering OutputCommitCoordinator
26/05/18 15:41:03 INFO JettyUtils: Start Jetty 0.0.0.0:4040 for SparkUI
26/05/18 15:41:03 INFO Utils: Successfully started service 'SparkUI' on port 4040.
26/05/18 15:41:03 INFO SecurityManager: Changing view acls to: spark,viet-k3s-google
26/05/18 15:41:03 INFO SecurityManager: Changing modify acls to: spark,viet-k3s-google
26/05/18 15:41:03 INFO SecurityManager: Changing view acls groups to: spark,viet-k3s-google
26/05/18 15:41:03 INFO SecurityManager: Changing modify acls groups to: spark,viet-k3s-google
26/05/18 15:41:03 INFO SecurityManager: SecurityManager: authentication disabled; ui acls disabled; users with view permissions: spark, viet-k3s-google groups with view permissions: EMPTY; users with modify permissions: spark, viet-k3s-google; groups with modify permissions: EMPTY; RPC SSL disabled
26/05/18 15:41:04 INFO SparkKubernetesClientFactory: Auto-configuring K8S client using current context from users K8S config file
26/05/18 15:41:07 INFO ExecutorPodsAllocator: Going to request 1 executors from Kubernetes for ResourceProfile Id: 0, target: 1, known: 0, sharedSlotFromPendingPods: 2147483647.
26/05/18 15:41:08 INFO ExecutorPodsAllocator: Found 0 reusable PVCs from 0 PVCs
26/05/18 15:41:08 INFO Utils: Successfully started service 'org.apache.spark.network.netty.NettyBlockTransferService' on port 7079.
26/05/18 15:41:08 INFO NettyBlockTransferService: Server created on nyc-taxi-started-to-bronze-270e479e3bbf522c-driver-svc.lakehouse.svc 10.42.1.63:7079
26/05/18 15:41:08 INFO BlockManager: Using org.apache.spark.storage.RandomBlockReplicationPolicy for block replication policy
26/05/18 15:41:08 INFO BasicExecutorFeatureStep: Decommissioning not enabled, skipping shutdown script
26/05/18 15:41:08 INFO BlockManagerMaster: Registering BlockManager BlockManagerId(driver, nyc-taxi-started-to-bronze-270e479e3bbf522c-driver-svc.lakehouse.svc, 7079, None)
26/05/18 15:41:08 INFO BlockManagerMasterEndpoint: Registering block manager nyc-taxi-started-to-bronze-270e479e3bbf522c-driver-svc.lakehouse.svc:7079 with 434.4 MiB RAM, BlockManagerId(driver, nyc-taxi-started-to-bronze-270e479e3bbf522c-driver-svc.lakehouse.svc, 7079, None)
26/05/18 15:41:08 INFO BlockManagerMaster: Registered BlockManager BlockManagerId(driver, nyc-taxi-started-to-bronze-270e479e3bbf522c-driver-svc.lakehouse.svc, 7079, None)
26/05/18 15:41:08 INFO BlockManager: Initialized BlockManager: BlockManagerId(driver, nyc-taxi-started-to-bronze-270e479e3bbf522c-driver-svc.lakehouse.svc, 7079, None)
26/05/18 15:41:14 INFO KubernetesClusterSchedulerBackend$KubernetesDriverEndpoint: Registered executor NettyRpcEndpointRef(spark-client://Executor) (10.42.1.64:59476) with ID 1, ResourceProfileId 0
26/05/18 15:41:14 INFO KubernetesClusterSchedulerBackend: SchedulerBackend is ready for scheduling beginning after reached minRegisteredResourcesRatio: 0.8
26/05/18 15:41:14 INFO BlockManagerMasterEndpoint: Registering block manager 10.42.1.64:41411 with 1048.8 MiB RAM, BlockManagerId(1, 10.42.1.64, 41411, None)
26/05/18 15:41:18 INFO SharedState: Setting hive.metastore.warehouse.dir ('null') to the value of spark.sql.warehouse.dir.
26/05/18 15:41:18 INFO SharedState: Warehouse path is 'file:/opt/spark/work-dir/spark-warehouse'.
26/05/18 15:41:18 INFO StateStoreCoordinatorRef: Registered StateStoreCoordinator endpoint
--- Reading started events from kafka topic=nyc-taxi-trip-started ---
26/05/18 15:41:19 WARN KafkaSourceProvider: Kafka option 'kafka.group.id' has been set on this query, it is
 not recommended to set this option. This option is unsafe to use since multiple concurrent
 queries or sources using the same group id will interfere with each other as they are part
 of the same consumer group. Restarted queries may also suffer interference from the
 previous run having the same group id. The user should have only one query per group id,
 and/or set the option 'kafka.session.timeout.ms' to be very small so that the Kafka
 consumers from the previous query are marked dead by the Kafka group coordinator before the
 restarted query starts running.
    
--- Decoding avro ---
--- Writing started events to Bronze path=s3a://lakehouse/benchmark/bronze/20260518T154052Z/low/started, checkpoint=s3a://lakehouse/_checkpoints/benchmark/20260518T154052Z/low/started ---
26/05/18 15:41:20 WARN MetricsConfig: Cannot locate configuration: tried hadoop-metrics2-s3a-file-system.properties,hadoop-metrics2.properties
26/05/18 15:41:20 INFO MetricsSystemImpl: Scheduled Metric snapshot period at 10 second(s).
26/05/18 15:41:20 INFO MetricsSystemImpl: s3a-file-system metrics system started
SLF4J: Failed to load class "org.slf4j.impl.StaticLoggerBinder".
SLF4J: Defaulting to no-operation (NOP) logger implementation
SLF4J: See http://www.slf4j.org/codes.html#StaticLoggerBinder for further details.
26/05/18 15:41:21 INFO DelegatingLogStore: LogStore LogStoreAdapter(io.delta.storage.S3SingleDriverLogStore) is used for scheme s3a
26/05/18 15:41:22 INFO DeltaLog: Creating initial snapshot without metadata, because the directory is empty
26/05/18 15:41:22 INFO DummySnapshot: [tableId=916b4ca8-21eb-463b-9922-eb69ef20e183] Created snapshot DummySnapshot(path=s3a://lakehouse/benchmark/bronze/20260518T154052Z/low/started/_delta_log, version=-1, metadata=Metadata(14083333-6eff-4aca-804d-d63a92857a2d,null,null,Format(parquet,Map()),null,List(),Map(),Some(1779118882361)), logSegment=LogSegment(s3a://lakehouse/benchmark/bronze/20260518T154052Z/low/started/_delta_log,-1,List(),org.apache.spark.sql.delta.EmptyCheckpointProvider$@664c2564,-1), checksumOpt=None)
26/05/18 15:41:22 INFO ResolveWriteToStream: Checkpoint root s3a://lakehouse/_checkpoints/benchmark/20260518T154052Z/low/started resolved to s3a://lakehouse/_checkpoints/benchmark/20260518T154052Z/low/started.
26/05/18 15:41:22 WARN ResolveWriteToStream: spark.sql.adaptive.enabled is not supported in streaming DataFrames/Datasets and will be disabled.
26/05/18 15:41:22 INFO deprecation: org.apache.hadoop.shaded.io.bytes.per.checksum is deprecated. Instead, use dfs.bytes-per-checksum
26/05/18 15:41:22 INFO CheckpointFileManager: Writing atomically to s3a://lakehouse/_checkpoints/benchmark/20260518T154052Z/low/started/metadata using temp file s3a://lakehouse/_checkpoints/benchmark/20260518T154052Z/low/started/.metadata.5ed37e7b-6c29-493f-9efe-3d10f4c6bb1e.tmp
26/05/18 15:41:23 INFO CheckpointFileManager: Renamed temp file s3a://lakehouse/_checkpoints/benchmark/20260518T154052Z/low/started/.metadata.5ed37e7b-6c29-493f-9efe-3d10f4c6bb1e.tmp to s3a://lakehouse/_checkpoints/benchmark/20260518T154052Z/low/started/metadata
26/05/18 15:41:23 INFO MicroBatchExecution: Starting [id = 4c71fffa-098f-430a-acdb-8cf33542b27e, runId = 115be754-ecb0-4808-843b-18c4b16f4924]. Use s3a://lakehouse/_checkpoints/benchmark/20260518T154052Z/low/started to store the query checkpoint.
{"event_kind": "started", "metric_type": "spark_query_started", "name": null, "query_id": "4c71fffa-098f-430a-acdb-8cf33542b27e", "run_id": "115be754-ecb0-4808-843b-18c4b16f4924", "topic": "nyc-taxi-trip-started"}
26/05/18 15:41:23 INFO MicroBatchExecution: Reading table [org.apache.spark.sql.kafka010.KafkaSourceProvider$KafkaTable@7639d17d] from DataSourceV2 named 'kafka' [org.apache.spark.sql.kafka010.KafkaSourceProvider@139047a8]
26/05/18 15:41:23 WARN KafkaSourceProvider: Kafka option 'kafka.group.id' has been set on this query, it is
 not recommended to set this option. This option is unsafe to use since multiple concurrent
 queries or sources using the same group id will interfere with each other as they are part
 of the same consumer group. Restarted queries may also suffer interference from the
 previous run having the same group id. The user should have only one query per group id,
 and/or set the option 'kafka.session.timeout.ms' to be very small so that the Kafka
 consumers from the previous query are marked dead by the Kafka group coordinator before the
 restarted query starts running.
    
26/05/18 15:41:23 WARN SparkStringUtils: Truncated the string representation of a plan since it was too large. This behavior can be adjusted by setting 'spark.sql.debug.maxToStringFields'.
26/05/18 15:41:23 INFO MicroBatchExecution: Finish initializing with logical plan:
~WriteToMicroBatchDataSourceV1 DeltaSink[s3a://lakehouse/benchmark/bronze/20260518T154052Z/low/started], 4c71fffa-098f-430a-acdb-8cf33542b27e, [path=s3a://lakehouse/benchmark/bronze/20260518T154052Z/low/started, checkpointLocation=s3a://lakehouse/_checkpoints/benchmark/20260518T154052Z/low/started], Append
+- ~Project [event_id#53, event_type#54, schema_version#55, trip_id#56, source_file#57, ingest_mode#58, ingest_timestamp#59, event_time#60, trip_date#61, vendor_id#62, pickup_datetime#63, passenger_count#64L, pulocation_id#65, dolocation_id#66]
   +- ~Project [event_id#53, event_type#54, schema_version#55, trip_id#56, source_file#57, ingest_mode#58, ingest_timestamp#59, event_time#60, trip_date#61, vendor_id#62, pickup_datetime#63, dropoff_datetime#48, passenger_count#64L, trip_distance#30, trip_duration_seconds#31L, rate_code_id#49L, store_and_fwd_flag#33, pulocation_id#65, cast(dolocation_id#51 as int) AS dolocation_id#66, payment_type#36L, fare_amount#37, extra#38, mta_tax#39, tip_amount#40, tolls_amount#41, ... 4 more fields]
      +- ~Project [event_id#53, event_type#54, schema_version#55, trip_id#56, source_file#57, ingest_mode#58, ingest_timestamp#59, event_time#60, trip_date#61, vendor_id#62, pickup_datetime#63, dropoff_datetime#48, passenger_count#64L, trip_distance#30, trip_duration_seconds#31L, rate_code_id#49L, store_and_fwd_flag#33, cast(pulocation_id#50 as int) AS pulocation_id#65, dolocation_id#51, payment_type#36L, fare_amount#37, extra#38, mta_tax#39, tip_amount#40, tolls_amount#41, ... 4 more fields]
         +- ~Project [event_id#53, event_type#54, schema_version#55, trip_id#56, source_file#57, ingest_mode#58, ingest_timestamp#59, event_time#60, trip_date#61, vendor_id#62, pickup_datetime#63, dropoff_datetime#48, cast(passenger_count#29L as bigint) AS passenger_count#64L, trip_distance#30, trip_duration_seconds#31L, rate_code_id#49L, store_and_fwd_flag#33, pulocation_id#50, dolocation_id#51, payment_type#36L, fare_amount#37, extra#38, mta_tax#39, tip_amount#40, tolls_amount#41, ... 4 more fields]
            +- ~Project [event_id#53, event_type#54, schema_version#55, trip_id#56, source_file#57, ingest_mode#58, ingest_timestamp#59, event_time#60, trip_date#61, vendor_id#62, cast(pickup_datetime#47 as timestamp) AS pickup_datetime#63, dropoff_datetime#48, passenger_count#29L, trip_distance#30, trip_duration_seconds#31L, rate_code_id#49L, store_and_fwd_flag#33, pulocation_id#50, dolocation_id#51, payment_type#36L, fare_amount#37, extra#38, mta_tax#39, tip_amount#40, tolls_amount#41, ... 4 more fields]
               +- ~Project [event_id#53, event_type#54, schema_version#55, trip_id#56, source_file#57, ingest_mode#58, ingest_timestamp#59, event_time#60, trip_date#61, cast(vendor_id#46 as int) AS vendor_id#62, pickup_datetime#47, dropoff_datetime#48, passenger_count#29L, trip_distance#30, trip_duration_seconds#31L, rate_code_id#49L, store_and_fwd_flag#33, pulocation_id#50, dolocation_id#51, payment_type#36L, fare_amount#37, extra#38, mta_tax#39, tip_amount#40, tolls_amount#41, ... 4 more fields]
                  +- ~Project [event_id#53, event_type#54, schema_version#55, trip_id#56, source_file#57, ingest_mode#58, ingest_timestamp#59, event_time#60, cast(trip_date#24 as string) AS trip_date#61, vendor_id#46, pickup_datetime#47, dropoff_datetime#48, passenger_count#29L, trip_distance#30, trip_duration_seconds#31L, rate_code_id#49L, store_and_fwd_flag#33, pulocation_id#50, dolocation_id#51, payment_type#36L, fare_amount#37, extra#38, mta_tax#39, tip_amount#40, tolls_amount#41, ... 4 more fields]
                     +- ~Project [event_id#53, event_type#54, schema_version#55, trip_id#56, source_file#57, ingest_mode#58, ingest_timestamp#59, cast(event_time#23 as timestamp) AS event_time#60, trip_date#24, vendor_id#46, pickup_datetime#47, dropoff_datetime#48, passenger_count#29L, trip_distance#30, trip_duration_seconds#31L, rate_code_id#49L, store_and_fwd_flag#33, pulocation_id#50, dolocation_id#51, payment_type#36L, fare_amount#37, extra#38, mta_tax#39, tip_amount#40, tolls_amount#41, ... 4 more fields]
                        +- ~Project [event_id#53, event_type#54, schema_version#55, trip_id#56, source_file#57, ingest_mode#58, cast(ingest_timestamp#22 as timestamp) AS ingest_timestamp#59, event_time#23, trip_date#24, vendor_id#46, pickup_datetime#47, dropoff_datetime#48, passenger_count#29L, trip_distance#30, trip_duration_seconds#31L, rate_code_id#49L, store_and_fwd_flag#33, pulocation_id#50, dolocation_id#51, payment_type#36L, fare_amount#37, extra#38, mta_tax#39, tip_amount#40, tolls_amount#41, ... 4 more fields]
                           +- ~Project [event_id#53, event_type#54, schema_version#55, trip_id#56, source_file#57, cast(ingest_mode#21 as string) AS ingest_mode#58, ingest_timestamp#22, event_time#23, trip_date#24, vendor_id#46, pickup_datetime#47, dropoff_datetime#48, passenger_count#29L, trip_distance#30, trip_duration_seconds#31L, rate_code_id#49L, store_and_fwd_flag#33, pulocation_id#50, dolocation_id#51, payment_type#36L, fare_amount#37, extra#38, mta_tax#39, tip_amount#40, tolls_amount#41, ... 4 more fields]
                              +- ~Project [event_id#53, event_type#54, schema_version#55, trip_id#56, cast(source_file#20 as string) AS source_file#57, ingest_mode#21, ingest_timestamp#22, event_time#23, trip_date#24, vendor_id#46, pickup_datetime#47, dropoff_datetime#48, passenger_count#29L, trip_distance#30, trip_duration_seconds#31L, rate_code_id#49L, store_and_fwd_flag#33, pulocation_id#50, dolocation_id#51, payment_type#36L, fare_amount#37, extra#38, mta_tax#39, tip_amount#40, tolls_amount#41, ... 4 more fields]
                                 +- ~Project [event_id#53, event_type#54, schema_version#55, cast(trip_id#19 as string) AS trip_id#56, source_file#20, ingest_mode#21, ingest_timestamp#22, event_time#23, trip_date#24, vendor_id#46, pickup_datetime#47, dropoff_datetime#48, passenger_count#29L, trip_distance#30, trip_duration_seconds#31L, rate_code_id#49L, store_and_fwd_flag#33, pulocation_id#50, dolocation_id#51, payment_type#36L, fare_amount#37, extra#38, mta_tax#39, tip_amount#40, tolls_amount#41, ... 4 more fields]
                                    +- ~Project [event_id#53, event_type#54, cast(schema_version#18 as string) AS schema_version#55, trip_id#19, source_file#20, ingest_mode#21, ingest_timestamp#22, event_time#23, trip_date#24, vendor_id#46, pickup_datetime#47, dropoff_datetime#48, passenger_count#29L, trip_distance#30, trip_duration_seconds#31L, rate_code_id#49L, store_and_fwd_flag#33, pulocation_id#50, dolocation_id#51, payment_type#36L, fare_amount#37, extra#38, mta_tax#39, tip_amount#40, tolls_amount#41, ... 4 more fields]
                                       +- ~Project [event_id#53, cast(event_type#17 as string) AS event_type#54, schema_version#18, trip_id#19, source_file#20, ingest_mode#21, ingest_timestamp#22, event_time#23, trip_date#24, vendor_id#46, pickup_datetime#47, dropoff_datetime#48, passenger_count#29L, trip_distance#30, trip_duration_seconds#31L, rate_code_id#49L, store_and_fwd_flag#33, pulocation_id#50, dolocation_id#51, payment_type#36L, fare_amount#37, extra#38, mta_tax#39, tip_amount#40, tolls_amount#41, ... 4 more fields]
                                          +- ~Project [cast(event_id#16 as string) AS event_id#53, event_type#17, schema_version#18, trip_id#19, source_file#20, ingest_mode#21, ingest_timestamp#22, event_time#23, trip_date#24, vendor_id#46, pickup_datetime#47, dropoff_datetime#48, passenger_count#29L, trip_distance#30, trip_duration_seconds#31L, rate_code_id#49L, store_and_fwd_flag#33, pulocation_id#50, dolocation_id#51, payment_type#36L, fare_amount#37, extra#38, mta_tax#39, tip_amount#40, tolls_amount#41, ... 4 more fields]
                                             +- ~Project [event_id#16, event_type#17, schema_version#18, trip_id#19, source_file#20, ingest_mode#21, ingest_timestamp#22, event_time#23, trip_date#24, vendor_id#46, pickup_datetime#47, dropoff_datetime#48, passenger_count#29L, trip_distance#30, trip_duration_seconds#31L, rate_code_id#49L, store_and_fwd_flag#33, pulocation_id#50, dolocation_id#51, payment_type#36L, fare_amount#37, extra#38, mta_tax#39, tip_amount#40, tolls_amount#41, ... 4 more fields]
                                                +- ~Project [event_id#16, event_type#17, schema_version#18, trip_id#19, source_file#20, ingest_mode#21, ingest_timestamp#22, event_time#23, trip_date#24, vendor_id#46, pickup_datetime#47, dropoff_datetime#48, passenger_count#29L, trip_distance#30, trip_duration_seconds#31L, rate_code_id#49L, store_and_fwd_flag#33, pulocation_id#50, DOLocationID#35 AS dolocation_id#51, payment_type#36L, fare_amount#37, extra#38, mta_tax#39, tip_amount#40, tolls_amount#41, ... 4 more fields]
                                                   +- ~Project [event_id#16, event_type#17, schema_version#18, trip_id#19, source_file#20, ingest_mode#21, ingest_timestamp#22, event_time#23, trip_date#24, vendor_id#46, pickup_datetime#47, dropoff_datetime#48, passenger_count#29L, trip_distance#30, trip_duration_seconds#31L, rate_code_id#49L, store_and_fwd_flag#33, PULocationID#34 AS pulocation_id#50, DOLocationID#35, payment_type#36L, fare_amount#37, extra#38, mta_tax#39, tip_amount#40, tolls_amount#41, ... 4 more fields]
                                                      +- ~Project [event_id#16, event_type#17, schema_version#18, trip_id#19, source_file#20, ingest_mode#21, ingest_timestamp#22, event_time#23, trip_date#24, vendor_id#46, pickup_datetime#47, dropoff_datetime#48, passenger_count#29L, trip_distance#30, trip_duration_seconds#31L, RatecodeID#32L AS rate_code_id#49L, store_and_fwd_flag#33, PULocationID#34, DOLocationID#35, payment_type#36L, fare_amount#37, extra#38, mta_tax#39, tip_amount#40, tolls_amount#41, ... 4 more fields]
                                                         +- ~Project [event_id#16, event_type#17, schema_version#18, trip_id#19, source_file#20, ingest_mode#21, ingest_timestamp#22, event_time#23, trip_date#24, vendor_id#46, pickup_datetime#47, tpep_dropoff_datetime#28 AS dropoff_datetime#48, passenger_count#29L, trip_distance#30, trip_duration_seconds#31L, RatecodeID#32L, store_and_fwd_flag#33, PULocationID#34, DOLocationID#35, payment_type#36L, fare_amount#37, extra#38, mta_tax#39, tip_amount#40, tolls_amount#41, ... 4 more fields]
                                                            +- ~Project [event_id#16, event_type#17, schema_version#18, trip_id#19, source_file#20, ingest_mode#21, ingest_timestamp#22, event_time#23, trip_date#24, vendor_id#46, tpep_pickup_datetime#27 AS pickup_datetime#47, tpep_dropoff_datetime#28, passenger_count#29L, trip_distance#30, trip_duration_seconds#31L, RatecodeID#32L, store_and_fwd_flag#33, PULocationID#34, DOLocationID#35, payment_type#36L, fare_amount#37, extra#38, mta_tax#39, tip_amount#40, tolls_amount#41, ... 4 more fields]
                                                               +- ~Project [event_id#16, event_type#17, schema_version#18, trip_id#19, source_file#20, ingest_mode#21, ingest_timestamp#22, event_time#23, trip_date#24, VendorID#26 AS vendor_id#46, tpep_pickup_datetime#27, tpep_dropoff_datetime#28, passenger_count#29L, trip_distance#30, trip_duration_seconds#31L, RatecodeID#32L, store_and_fwd_flag#33, PULocationID#34, DOLocationID#35, payment_type#36L, fare_amount#37, extra#38, mta_tax#39, tip_amount#40, tolls_amount#41, ... 4 more fields]
                                                                  +- ~Filter (event_type#17 = trip_started)
                                                                     +- ~Project [event#14.metadata.event_id AS event_id#16, event#14.metadata.event_type AS event_type#17, event#14.metadata.schema_version AS schema_version#18, event#14.metadata.trip_id AS trip_id#19, event#14.metadata.source_file AS source_file#20, event#14.metadata.ingest_mode AS ingest_mode#21, event#14.metadata.ingest_timestamp AS ingest_timestamp#22, event#14.metadata.event_time AS event_time#23, event#14.metadata.trip_date AS trip_date#24, event#14.payload.VendorID AS VendorID#26, event#14.payload.tpep_pickup_datetime AS tpep_pickup_datetime#27, event#14.payload.tpep_dropoff_datetime AS tpep_dropoff_datetime#28, event#14.payload.passenger_count AS passenger_count#29L, event#14.payload.trip_distance AS trip_distance#30, event#14.payload.trip_duration_seconds AS trip_duration_seconds#31L, event#14.payload.RatecodeID AS RatecodeID#32L, event#14.payload.store_and_fwd_flag AS store_and_fwd_flag#33, event#14.payload.PULocationID AS PULocationID#34, event#14.payload.DOLocationID AS DOLocationID#35, event#14.payload.payment_type AS payment_type#36L, event#14.payload.fare_amount AS fare_amount#37, event#14.payload.extra AS extra#38, event#14.payload.mta_tax AS mta_tax#39, event#14.payload.tip_amount AS tip_amount#40, event#14.payload.tolls_amount AS tolls_amount#41, ... 4 more fields]
                                                                        +- ~Filter isnotnull(event#14)
                                                                           +- ~Project [from_avro(value#8, {
  "type": "record",
  "name": "TaxiTripEvent",
  "namespace": "com.bigdata.nyctaxi",
  "fields": [
    {
      "name": "metadata",
      "type": {
        "type": "record",
        "name": "EventMetadata",
        "fields": [
          {"name": "event_id", "type": "string"},
          {"name": "event_type", "type": "string"},
          {"name": "schema_version", "type": "string"},
          {"name": "trip_id", "type": "string"},
          {"name": "source_file", "type": ["null", "string"], "default": null},
          {"name": "ingest_mode", "type": "string"},
          {"name": "ingest_timestamp", "type": "string"},
          {"name": "event_time", "type": ["null", "string"], "default": null},
          {"name": "trip_date", "type": ["null", "string"], "default": null}
        ]
      }
    },
    {
      "name": "payload",
      "type": {
        "type": "record",
        "name": "TaxiTripPayload",
        "fields": [
          {"name": "VendorID", "type": ["null", "int"], "default": null},
          {"name": "tpep_pickup_datetime", "type": ["null", "string"], "default": null},
          {"name": "tpep_dropoff_datetime", "type": ["null", "string"], "default": null},
          {"name": "passenger_count", "type": ["null", "long"], "default": null},
          {"name": "trip_distance", "type": ["null", "double"], "default": null},
          {"name": "trip_duration_seconds", "type": ["null", "long"], "default": null},
          {"name": "RatecodeID", "type": ["null", "long"], "default": null},
          {"name": "store_and_fwd_flag", "type": ["null", "string"], "default": null},
          {"name": "PULocationID", "type": ["null", "int"], "default": null},
          {"name": "DOLocationID", "type": ["null", "int"], "default": null},
          {"name": "payment_type", "type": ["null", "long"], "default": null},
          {"name": "fare_amount", "type": ["null", "double"], "default": null},
          {"name": "extra", "type": ["null", "double"], "default": null},
          {"name": "mta_tax", "type": ["null", "double"], "default": null},
          {"name": "tip_amount", "type": ["null", "double"], "default": null},
          {"name": "tolls_amount", "type": ["null", "double"], "default": null},
          {"name": "improvement_surcharge", "type": ["null", "double"], "default": null},
          {"name": "total_amount", "type": ["null", "double"], "default": null},
          {"name": "congestion_surcharge", "type": ["null", "double"], "default": null},
          {"name": "Airport_fee", "type": ["null", "double"], "default": null}
        ]
      }
    }
  ]
}
, map(mode, PERMISSIVE)) AS event#14]
                                                                              +- ~StreamingDataSourceV2ScanRelation[key#7, value#8, topic#9, partition#10, offset#11L, timestamp#12, timestampType#13] KafkaTable

26/05/18 15:41:23 INFO OffsetSeqLog: BatchIds found from listing: 
26/05/18 15:41:23 INFO OffsetSeqLog: BatchIds found from listing: 
26/05/18 15:41:23 INFO MicroBatchExecution: Starting new streaming query.
26/05/18 15:41:23 INFO MicroBatchExecution: Stream started from {}
26/05/18 15:41:23 INFO AdminClientConfig: AdminClientConfig values: 
	auto.include.jmx.reporter = true
	bootstrap.controllers = []
	bootstrap.servers = [my-kafka-cluster-kafka-bootstrap.ingestion.svc.cluster.local:9092]
	client.dns.lookup = use_all_dns_ips
	client.id = 
	connections.max.idle.ms = 300000
	default.api.timeout.ms = 60000
	enable.metrics.push = true
	metadata.max.age.ms = 300000
	metadata.recovery.strategy = none
	metric.reporters = []
	metrics.num.samples = 2
	metrics.recording.level = INFO
	metrics.sample.window.ms = 30000
	receive.buffer.bytes = 65536
	reconnect.backoff.max.ms = 1000
	reconnect.backoff.ms = 50
	request.timeout.ms = 30000
	retries = 2147483647
	retry.backoff.max.ms = 1000
	retry.backoff.ms = 100
	sasl.client.callback.handler.class = null
	sasl.jaas.config = null
	sasl.kerberos.kinit.cmd = /usr/bin/kinit
	sasl.kerberos.min.time.before.relogin = 60000
	sasl.kerberos.service.name = null
	sasl.kerberos.ticket.renew.jitter = 0.05
	sasl.kerberos.ticket.renew.window.factor = 0.8
	sasl.login.callback.handler.class = null
	sasl.login.class = null
	sasl.login.connect.timeout.ms = null
	sasl.login.read.timeout.ms = null
	sasl.login.refresh.buffer.seconds = 300
	sasl.login.refresh.min.period.seconds = 60
	sasl.login.refresh.window.factor = 0.8
	sasl.login.refresh.window.jitter = 0.05
	sasl.login.retry.backoff.max.ms = 10000
	sasl.login.retry.backoff.ms = 100
	sasl.mechanism = GSSAPI
	sasl.oauthbearer.clock.skew.seconds = 30
	sasl.oauthbearer.expected.audience = null
	sasl.oauthbearer.expected.issuer = null
	sasl.oauthbearer.header.urlencode = false
	sasl.oauthbearer.jwks.endpoint.refresh.ms = 3600000
	sasl.oauthbearer.jwks.endpoint.retry.backoff.max.ms = 10000
	sasl.oauthbearer.jwks.endpoint.retry.backoff.ms = 100
	sasl.oauthbearer.jwks.endpoint.url = null
	sasl.oauthbearer.scope.claim.name = scope
	sasl.oauthbearer.sub.claim.name = sub
	sasl.oauthbearer.token.endpoint.url = null
	security.protocol = PLAINTEXT
	security.providers = null
	send.buffer.bytes = 131072
	socket.connection.setup.timeout.max.ms = 30000
	socket.connection.setup.timeout.ms = 10000
	ssl.cipher.suites = null
	ssl.enabled.protocols = [TLSv1.2, TLSv1.3]
	ssl.endpoint.identification.algorithm = https
	ssl.engine.factory.class = null
	ssl.key.password = null
	ssl.keymanager.algorithm = SunX509
	ssl.keystore.certificate.chain = null
	ssl.keystore.key = null
	ssl.keystore.location = null
	ssl.keystore.password = null
	ssl.keystore.type = JKS
	ssl.protocol = TLSv1.3
	ssl.provider = null
	ssl.secure.random.implementation = null
	ssl.trustmanager.algorithm = PKIX
	ssl.truststore.certificates = null
	ssl.truststore.location = null
	ssl.truststore.password = null
	ssl.truststore.type = JKS

26/05/18 15:41:23 INFO AdminClientConfig: These configurations '[key.deserializer, value.deserializer, enable.auto.commit, max.poll.records, group.id, auto.offset.reset]' were supplied but are not used yet.
26/05/18 15:41:23 INFO AppInfoParser: Kafka version: 3.9.0
26/05/18 15:41:23 INFO AppInfoParser: Kafka commitId: 84caaa6e9da06435
26/05/18 15:41:23 INFO AppInfoParser: Kafka startTimeMs: 1779118883869
26/05/18 15:41:24 INFO CheckpointFileManager: Writing atomically to s3a://lakehouse/_checkpoints/benchmark/20260518T154052Z/low/started/sources/0/0 using temp file s3a://lakehouse/_checkpoints/benchmark/20260518T154052Z/low/started/sources/0/.0.8fa4a222-1b4f-4d56-8a51-716c4a8a8bb6.tmp
26/05/18 15:41:24 INFO CheckpointFileManager: Renamed temp file s3a://lakehouse/_checkpoints/benchmark/20260518T154052Z/low/started/sources/0/.0.8fa4a222-1b4f-4d56-8a51-716c4a8a8bb6.tmp to s3a://lakehouse/_checkpoints/benchmark/20260518T154052Z/low/started/sources/0/0
26/05/18 15:41:24 INFO KafkaMicroBatchStream: Initial offsets: {"nyc-taxi-trip-started":{"0":0,"1":0,"2":0,"3":0,"4":0,"5":0}}
26/05/18 15:41:24 INFO CheckpointFileManager: Writing atomically to s3a://lakehouse/_checkpoints/benchmark/20260518T154052Z/low/started/offsets/0 using temp file s3a://lakehouse/_checkpoints/benchmark/20260518T154052Z/low/started/offsets/.0.f4659343-6740-4f9f-ab7a-f7eab104b555.tmp
26/05/18 15:41:24 INFO CheckpointFileManager: Renamed temp file s3a://lakehouse/_checkpoints/benchmark/20260518T154052Z/low/started/offsets/.0.f4659343-6740-4f9f-ab7a-f7eab104b555.tmp to s3a://lakehouse/_checkpoints/benchmark/20260518T154052Z/low/started/offsets/0
26/05/18 15:41:24 INFO MicroBatchExecution: Committed offsets for batch 0. Metadata OffsetSeqMetadata(0,1779118884662,HashMap(spark.sql.streaming.stateStore.providerClass -> org.apache.spark.sql.execution.streaming.state.HDFSBackedStateStoreProvider, spark.sql.streaming.stateStore.rocksdb.formatVersion -> 5, spark.sql.streaming.stateStore.encodingFormat -> unsaferow, spark.sql.streaming.statefulOperator.useStrictDistribution -> true, spark.sql.streaming.flatMapGroupsWithState.stateFormatVersion -> 2, spark.sql.streaming.multipleWatermarkPolicy -> min, spark.sql.streaming.aggregation.stateFormatVersion -> 2, spark.sql.shuffle.partitions -> 4, spark.sql.streaming.join.stateFormatVersion -> 2, spark.sql.streaming.stateStore.compression.codec -> lz4, spark.sql.optimizer.pruneFiltersCanPruneStreamingSubplan -> false))
26/05/18 15:41:26 INFO DeltaLog: Creating initial snapshot without metadata, because the directory is empty
26/05/18 15:41:26 INFO DummySnapshot: [tableId=14083333-6eff-4aca-804d-d63a92857a2d] Created snapshot DummySnapshot(path=s3a://lakehouse/benchmark/bronze/20260518T154052Z/low/started/_delta_log, version=-1, metadata=Metadata(fa2bd1ff-984d-4c15-99e1-f592fd7a8a1c,null,null,Format(parquet,Map()),null,List(),Map(),Some(1779118886563)), logSegment=LogSegment(s3a://lakehouse/benchmark/bronze/20260518T154052Z/low/started/_delta_log,-1,List(),org.apache.spark.sql.delta.EmptyCheckpointProvider$@664c2564,-1), checksumOpt=None)
26/05/18 15:41:26 INFO OptimisticTransaction: [tableId=fa2bd1ff,txnId=76ae2696] Updated metadata from - to Metadata(e54c2914-4281-4b97-a14f-d4cd8e512b01,null,null,Format(parquet,Map()),{"type":"struct","fields":[{"name":"event_id","type":"string","nullable":true,"metadata":{}},{"name":"event_type","type":"string","nullable":true,"metadata":{}},{"name":"schema_version","type":"string","nullable":true,"metadata":{}},{"name":"trip_id","type":"string","nullable":true,"metadata":{}},{"name":"source_file","type":"string","nullable":true,"metadata":{}},{"name":"ingest_mode","type":"string","nullable":true,"metadata":{}},{"name":"ingest_timestamp","type":"timestamp","nullable":true,"metadata":{}},{"name":"event_time","type":"timestamp","nullable":true,"metadata":{}},{"name":"trip_date","type":"string","nullable":true,"metadata":{}},{"name":"vendor_id","type":"integer","nullable":true,"metadata":{}},{"name":"pickup_datetime","type":"timestamp","nullable":true,"metadata":{}},{"name":"passenger_count","type":"long","nullable":true,"metadata":{}},{"name":"pulocation_id","type":"integer","nullable":true,"metadata":{}},{"name":"dolocation_id","type":"integer","nullable":true,"metadata":{}}]},List(),Map(),Some(1779118886752))
26/05/18 15:41:27 INFO ParquetUtils: Using default output committer for Parquet: org.apache.parquet.hadoop.ParquetOutputCommitter
26/05/18 15:41:28 INFO CodeGenerator: Code generated in 662.44279 ms
26/05/18 15:41:28 INFO KafkaOffsetReaderAdmin: Partitions added: Map()
26/05/18 15:41:29 INFO SparkContext: Starting job: start at NativeMethodAccessorImpl.java:0
26/05/18 15:41:29 INFO DAGScheduler: Got job 0 (start at NativeMethodAccessorImpl.java:0) with 6 output partitions
26/05/18 15:41:29 INFO DAGScheduler: Final stage: ResultStage 0 (start at NativeMethodAccessorImpl.java:0)
26/05/18 15:41:29 INFO DAGScheduler: Parents of final stage: List()
26/05/18 15:41:29 INFO DAGScheduler: Missing parents: List()
26/05/18 15:41:29 INFO DAGScheduler: Submitting ResultStage 0 (MapPartitionsRDD[2] at start at NativeMethodAccessorImpl.java:0), which has no missing parents
26/05/18 15:41:29 INFO MemoryStore: MemoryStore started with capacity 434.4 MiB
26/05/18 15:41:29 INFO MemoryStore: Block broadcast_0 stored as values in memory (estimated size 428.7 KiB, free 434.0 MiB)
26/05/18 15:41:29 INFO MemoryStore: Block broadcast_0_piece0 stored as bytes in memory (estimated size 148.9 KiB, free 433.8 MiB)
26/05/18 15:41:29 INFO SparkContext: Created broadcast 0 from broadcast at DAGScheduler.scala:1676
26/05/18 15:41:29 INFO DAGScheduler: Submitting 6 missing tasks from ResultStage 0 (MapPartitionsRDD[2] at start at NativeMethodAccessorImpl.java:0) (first 15 tasks are for partitions Vector(0, 1, 2, 3, 4, 5))
26/05/18 15:41:30 INFO TaskSchedulerImpl: Adding task set 0.0 with 6 tasks resource profile 0
26/05/18 15:41:30 INFO TaskSetManager: Starting task 0.0 in stage 0.0 (TID 0) (10.42.1.64,executor 1, partition 0, PROCESS_LOCAL, 10863 bytes) 
26/05/18 15:41:43 INFO TaskSetManager: Starting task 1.0 in stage 0.0 (TID 1) (10.42.1.64,executor 1, partition 1, PROCESS_LOCAL, 10863 bytes) 
26/05/18 15:41:43 INFO TaskSetManager: Finished task 0.0 in stage 0.0 (TID 0) in 13099 ms on 10.42.1.64 (executor 1) (1/6)
26/05/18 15:41:44 INFO TaskSetManager: Starting task 2.0 in stage 0.0 (TID 2) (10.42.1.64,executor 1, partition 2, PROCESS_LOCAL, 10863 bytes) 
26/05/18 15:41:44 INFO TaskSetManager: Finished task 1.0 in stage 0.0 (TID 1) in 1281 ms on 10.42.1.64 (executor 1) (2/6)
26/05/18 15:41:45 INFO TaskSetManager: Starting task 3.0 in stage 0.0 (TID 3) (10.42.1.64,executor 1, partition 3, PROCESS_LOCAL, 10863 bytes) 
26/05/18 15:41:45 INFO TaskSetManager: Finished task 2.0 in stage 0.0 (TID 2) in 1097 ms on 10.42.1.64 (executor 1) (3/6)
26/05/18 15:41:46 INFO TaskSetManager: Starting task 4.0 in stage 0.0 (TID 4) (10.42.1.64,executor 1, partition 4, PROCESS_LOCAL, 10863 bytes) 
26/05/18 15:41:46 INFO TaskSetManager: Finished task 3.0 in stage 0.0 (TID 3) in 1093 ms on 10.42.1.64 (executor 1) (4/6)
26/05/18 15:41:47 INFO TaskSetManager: Starting task 5.0 in stage 0.0 (TID 5) (10.42.1.64,executor 1, partition 5, PROCESS_LOCAL, 10863 bytes) 
26/05/18 15:41:47 INFO TaskSetManager: Finished task 4.0 in stage 0.0 (TID 4) in 1001 ms on 10.42.1.64 (executor 1) (5/6)
26/05/18 15:41:48 INFO TaskSetManager: Finished task 5.0 in stage 0.0 (TID 5) in 1012 ms on 10.42.1.64 (executor 1) (6/6)
26/05/18 15:41:48 INFO TaskSchedulerImpl: Removed TaskSet 0.0 whose tasks have all completed, from pool 
26/05/18 15:41:48 INFO DAGScheduler: ResultStage 0 (start at NativeMethodAccessorImpl.java:0) finished in 19051 ms
26/05/18 15:41:48 INFO DAGScheduler: Job 0 is finished. Cancelling potential speculative or zombie tasks for this job
26/05/18 15:41:48 INFO TaskSchedulerImpl: Canceling stage 0
26/05/18 15:41:48 INFO TaskSchedulerImpl: Killing all running tasks in stage 0: Stage finished
26/05/18 15:41:48 INFO DAGScheduler: Job 0 finished: start at NativeMethodAccessorImpl.java:0, took 19161.563305 ms
26/05/18 15:41:48 INFO DeltaFileFormatWriter: Start to commit write Job 68158523-c584-470a-8918-2e475545f66c.
26/05/18 15:41:48 INFO DeltaFileFormatWriter: Write Job 68158523-c584-470a-8918-2e475545f66c committed. Elapsed time: 0 ms.
26/05/18 15:41:48 INFO DeltaFileFormatWriter: Finished processing stats for write job 68158523-c584-470a-8918-2e475545f66c.
26/05/18 15:41:48 INFO DeltaSink: Wrote 6 files, with total size 85531, 352 logical records, duration=21778 ms.
26/05/18 15:41:48 INFO OptimisticTransaction: [tableId=fa2bd1ff,txnId=76ae2696] Attempting to commit version 0 with 10 actions with Serializable isolation level
26/05/18 15:41:49 INFO OptimisticTransaction: Incremental commit: starting with snapshot version -1
26/05/18 15:41:51 INFO CodeGenerator: Code generated in 496.576514 ms
26/05/18 15:41:51 INFO SparkContext: Starting job: start at NativeMethodAccessorImpl.java:0
26/05/18 15:41:51 INFO DAGScheduler: Job 1 finished: start at NativeMethodAccessorImpl.java:0, took 0.24377 ms
26/05/18 15:41:51 INFO DeltaLog: Creating a new snapshot v0 for commit version 0
26/05/18 15:41:51 INFO DeltaLog: Loading version 0.
26/05/18 15:41:51 INFO Snapshot: [tableId=fa2bd1ff-984d-4c15-99e1-f592fd7a8a1c] Created snapshot Snapshot(path=s3a://lakehouse/benchmark/bronze/20260518T154052Z/low/started/_delta_log, version=0, metadata=Metadata(e54c2914-4281-4b97-a14f-d4cd8e512b01,null,null,Format(parquet,Map()),{"type":"struct","fields":[{"name":"event_id","type":"string","nullable":true,"metadata":{}},{"name":"event_type","type":"string","nullable":true,"metadata":{}},{"name":"schema_version","type":"string","nullable":true,"metadata":{}},{"name":"trip_id","type":"string","nullable":true,"metadata":{}},{"name":"source_file","type":"string","nullable":true,"metadata":{}},{"name":"ingest_mode","type":"string","nullable":true,"metadata":{}},{"name":"ingest_timestamp","type":"timestamp","nullable":true,"metadata":{}},{"name":"event_time","type":"timestamp","nullable":true,"metadata":{}},{"name":"trip_date","type":"string","nullable":true,"metadata":{}},{"name":"vendor_id","type":"integer","nullable":true,"metadata":{}},{"name":"pickup_datetime","type":"timestamp","nullable":true,"metadata":{}},{"name":"passenger_count","type":"long","nullable":true,"metadata":{}},{"name":"pulocation_id","type":"integer","nullable":true,"metadata":{}},{"name":"dolocation_id","type":"integer","nullable":true,"metadata":{}}]},List(),Map(),Some(1779118886752)), logSegment=LogSegment(s3a://lakehouse/benchmark/bronze/20260518T154052Z/low/started/_delta_log,0,List(S3AFileStatus{path=s3a://lakehouse/benchmark/bronze/20260518T154052Z/low/started/_delta_log/00000000000000000000.json; isDirectory=false; length=10954; replication=1; blocksize=33554432; modification_time=1779118909000; access_time=0; owner=spark; group=spark; permission=rw-rw-rw-; isSymlink=false; hasAcl=false; isEncrypted=true; isErasureCoded=false} isEmptyDirectory=FALSE eTag="2dc840860c22af6901e80b07ffd4ef78" versionId=null),org.apache.spark.sql.delta.EmptyCheckpointProvider$@664c2564,1779118909000), checksumOpt=Some(VersionChecksum(Some(76ae2696-174a-465b-ab1a-c6fd50cb10db),85531,6,None,None,1,1,None,Some(List(SetTransaction(4c71fffa-098f-430a-acdb-8cf33542b27e,0,Some(1779118908627)))),Some(List()),Metadata(e54c2914-4281-4b97-a14f-d4cd8e512b01,null,null,Format(parquet,Map()),{"type":"struct","fields":[{"name":"event_id","type":"string","nullable":true,"metadata":{}},{"name":"event_type","type":"string","nullable":true,"metadata":{}},{"name":"schema_version","type":"string","nullable":true,"metadata":{}},{"name":"trip_id","type":"string","nullable":true,"metadata":{}},{"name":"source_file","type":"string","nullable":true,"metadata":{}},{"name":"ingest_mode","type":"string","nullable":true,"metadata":{}},{"name":"ingest_timestamp","type":"timestamp","nullable":true,"metadata":{}},{"name":"event_time","type":"timestamp","nullable":true,"metadata":{}},{"name":"trip_date","type":"string","nullable":true,"metadata":{}},{"name":"vendor_id","type":"integer","nullable":true,"metadata":{}},{"name":"pickup_datetime","type":"timestamp","nullable":true,"metadata":{}},{"name":"passenger_count","type":"long","nullable":true,"metadata":{}},{"name":"pulocation_id","type":"integer","nullable":true,"metadata":{}},{"name":"dolocation_id","type":"integer","nullable":true,"metadata":{}}]},List(),Map(),Some(1779118886752)),Protocol(1,2),None,None,Some(List(AddFile(part-00005-56447017-32c5-4b7e-b9ab-d59860935c92-c000.snappy.parquet,Map(),13745,1779118908000,false,{"numRecords":58,"minValues":{"event_id":"1455410b53ba26496dd8268d814efb0d","event_type":"trip_started","schema_version":"2.0","trip_id":"055d4dc21a238c32a1173721d4ca04f8","source_file":"yellow_tripdata_2024-09.parquet","ingest_mode":"streaming","ingest_timestamp":"2026-05-18T15:30:33.344Z","event_time":"2024-08-31T23:41:24.000Z","trip_date":"2024-08-31","vendor_id":1,"pickup_datetime":"2024-08-31T23:41:24.000Z","passenger_count":1,"pulocation_id":4,"dolocation_id":13},"maxValues":{"event_id":"fc33a45f23b40ebd214e1bfc68a49bcb","event_type":"trip_started","schema_version":"2.0","trip_id":"fe2349c4e6416804cff94b8f71437d80","source_file":"yellow_tripdata_2024-09.parquet","ingest_mode":"streaming","ingest_timestamp":"2026-05-18T15:39:01.111Z","event_time":"2024-09-01T00:03:38.000Z","trip_date":"2024-09-01","vendor_id":2,"pickup_datetime":"2024-09-01T00:03:38.000Z","passenger_count":5,"pulocation_id":263,"dolocation_id":261},"nullCount":{"event_id":0,"event_type":0,"schema_version":0,"trip_id":0,"source_file":0,"ingest_mode":0,"ingest_timestamp":0,"event_time":0,"trip_date":0,"vendor_id":0,"pickup_datetime":0,"passenger_count":7,"pulocation_id":0,"dolocation_id":0}},null,null,None,None,None), AddFile(part-00000-08aad25c-9cc6-4b91-9c29-ef1ada60ea60-c000.snappy.parquet,Map(),16483,1779118902000,false,{"numRecords":73,"minValues":{"event_id":"0212d8086261a2018cb807d1a4d7a46b","event_type":"trip_started","schema_version":"2.0","trip_id":"031b404c98f442710d2269c0a06824fd","source_file":"yellow_tripdata_2024-09.parquet","ingest_mode":"streaming","ingest_timestamp":"2026-05-18T15:30:18.343Z","event_time":"2024-08-31T23:16:36.000Z","trip_date":"2024-08-31","vendor_id":1,"pickup_datetime":"2024-08-31T23:16:36.000Z","passenger_count":1,"pulocation_id":41,"dolocation_id":15},"maxValues":{"event_id":"febc668d372ab0492f5c4e7165b45be2","event_type":"trip_started","schema_version":"2.0","trip_id":"f8cfd09088ab01f1042a890d127bfcca","source_file":"yellow_tripdata_2024-09.parquet","ingest_mode":"streaming","ingest_timestamp":"2026-05-18T15:41:12.372Z","event_time":"2024-09-01T00:03:44.000Z","trip_date":"2024-09-01","vendor_id":2,"pickup_datetime":"2024-09-01T00:03:44.000Z","passenger_count":5,"pulocation_id":249,"dolocation_id":265},"nullCount":{"event_id":0,"event_type":0,"schema_version":0,"trip_id":0,"source_file":0,"ingest_mode":0,"ingest_timestamp":0,"event_time":0,"trip_date":0,"vendor_id":0,"pickup_datetime":0,"passenger_count":7,"pulocation_id":0,"dolocation_id":0}},null,null,None,None,None), AddFile(part-00004-bf95d00f-7224-4d19-8506-bb804d74ba69-c000.snappy.parquet,Map(),16203,1779118907000,false,{"numRecords":67,"minValues":{"event_id":"00f4412c4abb87a7edb991f16b8e3872","event_type":"trip_started","schema_version":"2.0","trip_id":"0106a3fdc6d124355ddbc3170eb7fa9d","source_file":"yellow_tripdata_2024-09.parquet","ingest_mode":"streaming","ingest_timestamp":"2026-05-18T15:30:55.546Z","event_time":"2024-08-31T23:48:15.000Z","trip_date":"2024-08-31","vendor_id":1,"pickup_datetime":"2024-08-31T23:48:15.000Z","passenger_count":0,"pulocation_id":41,"dolocation_id":4},"maxValues":{"event_id":"ffa973e5c6626d9b56f1d9367abd3987","event_type":"trip_started","schema_version":"2.0","trip_id":"fc82163fbf256ca3108569d8f7fa673b","source_file":"yellow_tripdata_2024-09.parquet","ingest_mode":"streaming","ingest_timestamp":"2026-05-18T15:39:10.112Z","event_time":"2024-09-01T00:03:47.000Z","trip_date":"2024-09-01","vendor_id":2,"pickup_datetime":"2024-09-01T00:03:47.000Z","passenger_count":5,"pulocation_id":255,"dolocation_id":263},"nullCount":{"event_id":0,"event_type":0,"schema_version":0,"trip_id":0,"source_file":0,"ingest_mode":0,"ingest_timestamp":0,"event_time":0,"trip_date":0,"vendor_id":0,"pickup_datetime":0,"passenger_count":12,"pulocation_id":0,"dolocation_id":0}},null,null,None,None,None), AddFile(part-00003-b1b9f1d7-6ad3-4d3d-9129-31eff2c0ca88-c000.snappy.parquet,Map(),12843,1779118906000,false,{"numRecords":51,"minValues":{"event_id":"033a945818d220fae8d0f5ea06aade55","event_type":"trip_started","schema_version":"2.0","trip_id":"007211974f070e6081d820f78a892116","source_file":"yellow_tripdata_2024-09.parquet","ingest_mode":"streaming","ingest_timestamp":"2026-05-18T15:30:08.336Z","event_time":"2024-08-31T22:27:55.000Z","trip_date":"2024-08-31","vendor_id":1,"pickup_datetime":"2024-08-31T22:27:55.000Z","passenger_count":0,"pulocation_id":24,"dolocation_id":7},"maxValues":{"event_id":"f914c4bf2487bb514676e80f0e515e30","event_type":"trip_started","schema_version":"2.0","trip_id":"fd8556cf3a0c0a61eb48a4f6e35a55b5","source_file":"yellow_tripdata_2024-09.parquet","ingest_mode":"streaming","ingest_timestamp":"2026-05-18T15:41:02.366Z","event_time":"2024-09-01T00:03:39.000Z","trip_date":"2024-09-01","vendor_id":2,"pickup_datetime":"2024-09-01T00:03:39.000Z","passenger_count":5,"pulocation_id":249,"dolocation_id":265},"nullCount":{"event_id":0,"event_type":0,"schema_version":0,"trip_id":0,"source_file":0,"ingest_mode":0,"ingest_timestamp":0,"event_time":0,"trip_date":0,"vendor_id":0,"pickup_datetime":0,"passenger_count":11,"pulocation_id":0,"dolocation_id":0}},null,null,None,None,None), AddFile(part-00002-d9b630b8-3fe6-47f4-bef5-e312d5875278-c000.snappy.parquet,Map(),15373,1779118905000,false,{"numRecords":67,"minValues":{"event_id":"011a460cb5a25c4ee561b11bfa14604d","event_type":"trip_started","schema_version":"2.0","trip_id":"02a39a8e328190af69190a907699ab05","source_file":"yellow_tripdata_2024-09.parquet","ingest_mode":"streaming","ingest_timestamp":"2026-05-18T15:30:23.343Z","event_time":"2024-08-31T23:31:22.000Z","trip_date":"2024-08-31","vendor_id":1,"pickup_datetime":"2024-08-31T23:31:22.000Z","passenger_count":0,"pulocation_id":24,"dolocation_id":7},"maxValues":{"event_id":"fb8fb0226b979d486aa1fe15bcadfd02","event_type":"trip_started","schema_version":"2.0","trip_id":"ff8ff4056149324b8cb6441936211b7a","source_file":"yellow_tripdata_2024-09.parquet","ingest_mode":"streaming","ingest_timestamp":"2026-05-18T15:41:17.372Z","event_time":"2024-09-01T00:03:44.000Z","trip_date":"2024-09-01","vendor_id":2,"pickup_datetime":"2024-09-01T00:03:44.000Z","passenger_count":6,"pulocation_id":265,"dolocation_id":265},"nullCount":{"event_id":0,"event_type":0,"schema_version":0,"trip_id":0,"source_file":0,"ingest_mode":0,"ingest_timestamp":0,"event_time":0,"trip_date":0,"vendor_id":0,"pickup_datetime":0,"passenger_count":7,"pulocation_id":0,"dolocation_id":0}},null,null,None,None,None), AddFile(part-00001-25597aa3-37ba-4ada-a57e-d65085251b3f-c000.snappy.parquet,Map(),10884,1779118904000,false,{"numRecords":36,"minValues":{"event_id":"00bb01354109838b627c857eebe80dc2","event_type":"trip_started","schema_version":"2.0","trip_id":"0151b1434bda3c8918caec4e7800368d","source_file":"yellow_tripdata_2024-09.parquet","ingest_mode":"streaming","ingest_timestamp":"2026-05-18T15:31:05.546Z","event_time":"2024-08-31T23:49:47.000Z","trip_date":"2024-08-31","vendor_id":1,"pickup_datetime":"2024-08-31T23:49:47.000Z","passenger_count":0,"pulocation_id":68,"dolocation_id":45},"maxValues":{"event_id":"fc777a5f3c65c6d093b9336703c5e846","event_type":"trip_started","schema_version":"2.0","trip_id":"febc1b1d83b45aebc128b44d8bf1e48d","source_file":"yellow_tripdata_2024-09.parquet","ingest_mode":"streaming","ingest_timestamp":"2026-05-18T15:38:55.109Z","event_time":"2024-09-01T00:03:32.000Z","trip_date":"2024-09-01","vendor_id":2,"pickup_datetime":"2024-09-01T00:03:32.000Z","passenger_count":5,"pulocation_id":263,"dolocation_id":265},"nullCount":{"event_id":0,"event_type":0,"schema_version":0,"trip_id":0,"source_file":0,"ingest_mode":0,"ingest_timestamp":0,"event_time":0,"trip_date":0,"vendor_id":0,"pickup_datetime":0,"passenger_count":3,"pulocation_id":0,"dolocation_id":0}},null,null,None,None,None))))))
26/05/18 15:41:51 INFO DeltaLog: Updated snapshot to Snapshot(path=s3a://lakehouse/benchmark/bronze/20260518T154052Z/low/started/_delta_log, version=0, metadata=Metadata(e54c2914-4281-4b97-a14f-d4cd8e512b01,null,null,Format(parquet,Map()),{"type":"struct","fields":[{"name":"event_id","type":"string","nullable":true,"metadata":{}},{"name":"event_type","type":"string","nullable":true,"metadata":{}},{"name":"schema_version","type":"string","nullable":true,"metadata":{}},{"name":"trip_id","type":"string","nullable":true,"metadata":{}},{"name":"source_file","type":"string","nullable":true,"metadata":{}},{"name":"ingest_mode","type":"string","nullable":true,"metadata":{}},{"name":"ingest_timestamp","type":"timestamp","nullable":true,"metadata":{}},{"name":"event_time","type":"timestamp","nullable":true,"metadata":{}},{"name":"trip_date","type":"string","nullable":true,"metadata":{}},{"name":"vendor_id","type":"integer","nullable":true,"metadata":{}},{"name":"pickup_datetime","type":"timestamp","nullable":true,"metadata":{}},{"name":"passenger_count","type":"long","nullable":true,"metadata":{}},{"name":"pulocation_id","type":"integer","nullable":true,"metadata":{}},{"name":"dolocation_id","type":"integer","nullable":true,"metadata":{}}]},List(),Map(),Some(1779118886752)), logSegment=LogSegment(s3a://lakehouse/benchmark/bronze/20260518T154052Z/low/started/_delta_log,0,List(S3AFileStatus{path=s3a://lakehouse/benchmark/bronze/20260518T154052Z/low/started/_delta_log/00000000000000000000.json; isDirectory=false; length=10954; replication=1; blocksize=33554432; modification_time=1779118909000; access_time=0; owner=spark; group=spark; permission=rw-rw-rw-; isSymlink=false; hasAcl=false; isEncrypted=true; isErasureCoded=false} isEmptyDirectory=FALSE eTag="2dc840860c22af6901e80b07ffd4ef78" versionId=null),org.apache.spark.sql.delta.EmptyCheckpointProvider$@664c2564,1779118909000), checksumOpt=Some(VersionChecksum(Some(76ae2696-174a-465b-ab1a-c6fd50cb10db),85531,6,None,None,1,1,None,Some(List(SetTransaction(4c71fffa-098f-430a-acdb-8cf33542b27e,0,Some(1779118908627)))),Some(List()),Metadata(e54c2914-4281-4b97-a14f-d4cd8e512b01,null,null,Format(parquet,Map()),{"type":"struct","fields":[{"name":"event_id","type":"string","nullable":true,"metadata":{}},{"name":"event_type","type":"string","nullable":true,"metadata":{}},{"name":"schema_version","type":"string","nullable":true,"metadata":{}},{"name":"trip_id","type":"string","nullable":true,"metadata":{}},{"name":"source_file","type":"string","nullable":true,"metadata":{}},{"name":"ingest_mode","type":"string","nullable":true,"metadata":{}},{"name":"ingest_timestamp","type":"timestamp","nullable":true,"metadata":{}},{"name":"event_time","type":"timestamp","nullable":true,"metadata":{}},{"name":"trip_date","type":"string","nullable":true,"metadata":{}},{"name":"vendor_id","type":"integer","nullable":true,"metadata":{}},{"name":"pickup_datetime","type":"timestamp","nullable":true,"metadata":{}},{"name":"passenger_count","type":"long","nullable":true,"metadata":{}},{"name":"pulocation_id","type":"integer","nullable":true,"metadata":{}},{"name":"dolocation_id","type":"integer","nullable":true,"metadata":{}}]},List(),Map(),Some(1779118886752)),Protocol(1,2),None,None,Some(List(AddFile(part-00005-56447017-32c5-4b7e-b9ab-d59860935c92-c000.snappy.parquet,Map(),13745,1779118908000,false,{"numRecords":58,"minValues":{"event_id":"1455410b53ba26496dd8268d814efb0d","event_type":"trip_started","schema_version":"2.0","trip_id":"055d4dc21a238c32a1173721d4ca04f8","source_file":"yellow_tripdata_2024-09.parquet","ingest_mode":"streaming","ingest_timestamp":"2026-05-18T15:30:33.344Z","event_time":"2024-08-31T23:41:24.000Z","trip_date":"2024-08-31","vendor_id":1,"pickup_datetime":"2024-08-31T23:41:24.000Z","passenger_count":1,"pulocation_id":4,"dolocation_id":13},"maxValues":{"event_id":"fc33a45f23b40ebd214e1bfc68a49bcb","event_type":"trip_started","schema_version":"2.0","trip_id":"fe2349c4e6416804cff94b8f71437d80","source_file":"yellow_tripdata_2024-09.parquet","ingest_mode":"streaming","ingest_timestamp":"2026-05-18T15:39:01.111Z","event_time":"2024-09-01T00:03:38.000Z","trip_date":"2024-09-01","vendor_id":2,"pickup_datetime":"2024-09-01T00:03:38.000Z","passenger_count":5,"pulocation_id":263,"dolocation_id":261},"nullCount":{"event_id":0,"event_type":0,"schema_version":0,"trip_id":0,"source_file":0,"ingest_mode":0,"ingest_timestamp":0,"event_time":0,"trip_date":0,"vendor_id":0,"pickup_datetime":0,"passenger_count":7,"pulocation_id":0,"dolocation_id":0}},null,null,None,None,None), AddFile(part-00000-08aad25c-9cc6-4b91-9c29-ef1ada60ea60-c000.snappy.parquet,Map(),16483,1779118902000,false,{"numRecords":73,"minValues":{"event_id":"0212d8086261a2018cb807d1a4d7a46b","event_type":"trip_started","schema_version":"2.0","trip_id":"031b404c98f442710d2269c0a06824fd","source_file":"yellow_tripdata_2024-09.parquet","ingest_mode":"streaming","ingest_timestamp":"2026-05-18T15:30:18.343Z","event_time":"2024-08-31T23:16:36.000Z","trip_date":"2024-08-31","vendor_id":1,"pickup_datetime":"2024-08-31T23:16:36.000Z","passenger_count":1,"pulocation_id":41,"dolocation_id":15},"maxValues":{"event_id":"febc668d372ab0492f5c4e7165b45be2","event_type":"trip_started","schema_version":"2.0","trip_id":"f8cfd09088ab01f1042a890d127bfcca","source_file":"yellow_tripdata_2024-09.parquet","ingest_mode":"streaming","ingest_timestamp":"2026-05-18T15:41:12.372Z","event_time":"2024-09-01T00:03:44.000Z","trip_date":"2024-09-01","vendor_id":2,"pickup_datetime":"2024-09-01T00:03:44.000Z","passenger_count":5,"pulocation_id":249,"dolocation_id":265},"nullCount":{"event_id":0,"event_type":0,"schema_version":0,"trip_id":0,"source_file":0,"ingest_mode":0,"ingest_timestamp":0,"event_time":0,"trip_date":0,"vendor_id":0,"pickup_datetime":0,"passenger_count":7,"pulocation_id":0,"dolocation_id":0}},null,null,None,None,None), AddFile(part-00004-bf95d00f-7224-4d19-8506-bb804d74ba69-c000.snappy.parquet,Map(),16203,1779118907000,false,{"numRecords":67,"minValues":{"event_id":"00f4412c4abb87a7edb991f16b8e3872","event_type":"trip_started","schema_version":"2.0","trip_id":"0106a3fdc6d124355ddbc3170eb7fa9d","source_file":"yellow_tripdata_2024-09.parquet","ingest_mode":"streaming","ingest_timestamp":"2026-05-18T15:30:55.546Z","event_time":"2024-08-31T23:48:15.000Z","trip_date":"2024-08-31","vendor_id":1,"pickup_datetime":"2024-08-31T23:48:15.000Z","passenger_count":0,"pulocation_id":41,"dolocation_id":4},"maxValues":{"event_id":"ffa973e5c6626d9b56f1d9367abd3987","event_type":"trip_started","schema_version":"2.0","trip_id":"fc82163fbf256ca3108569d8f7fa673b","source_file":"yellow_tripdata_2024-09.parquet","ingest_mode":"streaming","ingest_timestamp":"2026-05-18T15:39:10.112Z","event_time":"2024-09-01T00:03:47.000Z","trip_date":"2024-09-01","vendor_id":2,"pickup_datetime":"2024-09-01T00:03:47.000Z","passenger_count":5,"pulocation_id":255,"dolocation_id":263},"nullCount":{"event_id":0,"event_type":0,"schema_version":0,"trip_id":0,"source_file":0,"ingest_mode":0,"ingest_timestamp":0,"event_time":0,"trip_date":0,"vendor_id":0,"pickup_datetime":0,"passenger_count":12,"pulocation_id":0,"dolocation_id":0}},null,null,None,None,None), AddFile(part-00003-b1b9f1d7-6ad3-4d3d-9129-31eff2c0ca88-c000.snappy.parquet,Map(),12843,1779118906000,false,{"numRecords":51,"minValues":{"event_id":"033a945818d220fae8d0f5ea06aade55","event_type":"trip_started","schema_version":"2.0","trip_id":"007211974f070e6081d820f78a892116","source_file":"yellow_tripdata_2024-09.parquet","ingest_mode":"streaming","ingest_timestamp":"2026-05-18T15:30:08.336Z","event_time":"2024-08-31T22:27:55.000Z","trip_date":"2024-08-31","vendor_id":1,"pickup_datetime":"2024-08-31T22:27:55.000Z","passenger_count":0,"pulocation_id":24,"dolocation_id":7},"maxValues":{"event_id":"f914c4bf2487bb514676e80f0e515e30","event_type":"trip_started","schema_version":"2.0","trip_id":"fd8556cf3a0c0a61eb48a4f6e35a55b5","source_file":"yellow_tripdata_2024-09.parquet","ingest_mode":"streaming","ingest_timestamp":"2026-05-18T15:41:02.366Z","event_time":"2024-09-01T00:03:39.000Z","trip_date":"2024-09-01","vendor_id":2,"pickup_datetime":"2024-09-01T00:03:39.000Z","passenger_count":5,"pulocation_id":249,"dolocation_id":265},"nullCount":{"event_id":0,"event_type":0,"schema_version":0,"trip_id":0,"source_file":0,"ingest_mode":0,"ingest_timestamp":0,"event_time":0,"trip_date":0,"vendor_id":0,"pickup_datetime":0,"passenger_count":11,"pulocation_id":0,"dolocation_id":0}},null,null,None,None,None), AddFile(part-00002-d9b630b8-3fe6-47f4-bef5-e312d5875278-c000.snappy.parquet,Map(),15373,1779118905000,false,{"numRecords":67,"minValues":{"event_id":"011a460cb5a25c4ee561b11bfa14604d","event_type":"trip_started","schema_version":"2.0","trip_id":"02a39a8e328190af69190a907699ab05","source_file":"yellow_tripdata_2024-09.parquet","ingest_mode":"streaming","ingest_timestamp":"2026-05-18T15:30:23.343Z","event_time":"2024-08-31T23:31:22.000Z","trip_date":"2024-08-31","vendor_id":1,"pickup_datetime":"2024-08-31T23:31:22.000Z","passenger_count":0,"pulocation_id":24,"dolocation_id":7},"maxValues":{"event_id":"fb8fb0226b979d486aa1fe15bcadfd02","event_type":"trip_started","schema_version":"2.0","trip_id":"ff8ff4056149324b8cb6441936211b7a","source_file":"yellow_tripdata_2024-09.parquet","ingest_mode":"streaming","ingest_timestamp":"2026-05-18T15:41:17.372Z","event_time":"2024-09-01T00:03:44.000Z","trip_date":"2024-09-01","vendor_id":2,"pickup_datetime":"2024-09-01T00:03:44.000Z","passenger_count":6,"pulocation_id":265,"dolocation_id":265},"nullCount":{"event_id":0,"event_type":0,"schema_version":0,"trip_id":0,"source_file":0,"ingest_mode":0,"ingest_timestamp":0,"event_time":0,"trip_date":0,"vendor_id":0,"pickup_datetime":0,"passenger_count":7,"pulocation_id":0,"dolocation_id":0}},null,null,None,None,None), AddFile(part-00001-25597aa3-37ba-4ada-a57e-d65085251b3f-c000.snappy.parquet,Map(),10884,1779118904000,false,{"numRecords":36,"minValues":{"event_id":"00bb01354109838b627c857eebe80dc2","event_type":"trip_started","schema_version":"2.0","trip_id":"0151b1434bda3c8918caec4e7800368d","source_file":"yellow_tripdata_2024-09.parquet","ingest_mode":"streaming","ingest_timestamp":"2026-05-18T15:31:05.546Z","event_time":"2024-08-31T23:49:47.000Z","trip_date":"2024-08-31","vendor_id":1,"pickup_datetime":"2024-08-31T23:49:47.000Z","passenger_count":0,"pulocation_id":68,"dolocation_id":45},"maxValues":{"event_id":"fc777a5f3c65c6d093b9336703c5e846","event_type":"trip_started","schema_version":"2.0","trip_id":"febc1b1d83b45aebc128b44d8bf1e48d","source_file":"yellow_tripdata_2024-09.parquet","ingest_mode":"streaming","ingest_timestamp":"2026-05-18T15:38:55.109Z","event_time":"2024-09-01T00:03:32.000Z","trip_date":"2024-09-01","vendor_id":2,"pickup_datetime":"2024-09-01T00:03:32.000Z","passenger_count":5,"pulocation_id":263,"dolocation_id":265},"nullCount":{"event_id":0,"event_type":0,"schema_version":0,"trip_id":0,"source_file":0,"ingest_mode":0,"ingest_timestamp":0,"event_time":0,"trip_date":0,"vendor_id":0,"pickup_datetime":0,"passenger_count":3,"pulocation_id":0,"dolocation_id":0}},null,null,None,None,None))))))
26/05/18 15:41:51 INFO DeltaLogFileIndex: Created DeltaLogFileIndex(JSON, numFilesInSegment: 1, totalFileSize: 10954)
26/05/18 15:41:51 INFO OptimisticTransaction: [tableId=fa2bd1ff,txnId=76ae2696] Committed delta #0 to s3a://lakehouse/benchmark/bronze/20260518T154052Z/low/started/_delta_log
26/05/18 15:41:51 INFO ChecksumHook: Writing checksum file for table path s3a://lakehouse/benchmark/bronze/20260518T154052Z/low/started/_delta_log version 0
26/05/18 15:41:52 INFO CheckpointFileManager: Writing atomically to s3a://lakehouse/benchmark/bronze/20260518T154052Z/low/started/_delta_log/00000000000000000000.crc using temp file s3a://lakehouse/benchmark/bronze/20260518T154052Z/low/started/_delta_log/.00000000000000000000.crc.63ed065a-0950-4081-824d-f3e83507a841.tmp
26/05/18 15:41:52 INFO CheckpointFileManager: Renamed temp file s3a://lakehouse/benchmark/bronze/20260518T154052Z/low/started/_delta_log/.00000000000000000000.crc.63ed065a-0950-4081-824d-f3e83507a841.tmp to s3a://lakehouse/benchmark/bronze/20260518T154052Z/low/started/_delta_log/00000000000000000000.crc
26/05/18 15:41:52 INFO DeltaSink: Committed transaction, batchId=0, duration=3588 ms, added 6 files, removed 0 files.
26/05/18 15:41:52 INFO CheckpointFileManager: Writing atomically to s3a://lakehouse/_checkpoints/benchmark/20260518T154052Z/low/started/commits/0 using temp file s3a://lakehouse/_checkpoints/benchmark/20260518T154052Z/low/started/commits/.0.63e6c5d4-7ffb-48e3-92e4-cbd07ded005f.tmp
26/05/18 15:41:53 INFO CheckpointFileManager: Renamed temp file s3a://lakehouse/_checkpoints/benchmark/20260518T154052Z/low/started/commits/.0.63e6c5d4-7ffb-48e3-92e4-cbd07ded005f.tmp to s3a://lakehouse/_checkpoints/benchmark/20260518T154052Z/low/started/commits/0
26/05/18 15:41:53 INFO MicroBatchExecutionContext: Extracting source progress metrics for source=KafkaV2[Subscribe[nyc-taxi-trip-started]] took duration_ms=2
26/05/18 15:41:53 INFO MicroBatchExecutionContext: Extracting sink progress metrics for sink=DeltaSink[s3a://lakehouse/benchmark/bronze/20260518T154052Z/low/started] took duration_ms=0
26/05/18 15:41:53 INFO ProgressReporter: Streaming query made progress: {
  "id" : "4c71fffa-098f-430a-acdb-8cf33542b27e",
  "runId" : "115be754-ecb0-4808-843b-18c4b16f4924",
  "name" : null,
  "timestamp" : "2026-05-18T15:41:23.662Z",
  "batchId" : 0,
  "batchDuration" : 29376,
  "numInputRows" : 352,
  "inputRowsPerSecond" : 0.0,
  "processedRowsPerSecond" : 11.982570806100217,
  "durationMs" : {
    "addBatch" : 26041,
    "commitOffsets" : 716,
    "getBatch" : 94,
    "latestOffset" : 995,
    "queryPlanning" : 1311,
    "triggerExecution" : 29352,
    "walCommit" : 147
  },
  "stateOperators" : [ ],
  "sources" : [ {
    "description" : "KafkaV2[Subscribe[nyc-taxi-trip-started]]",
    "startOffset" : null,
    "endOffset" : {
      "nyc-taxi-trip-started" : {
        "0" : 73,
        "1" : 36,
        "2" : 51,
        "3" : 58,
        "4" : 67,
        "5" : 67
      }
    },
    "latestOffset" : {
      "nyc-taxi-trip-started" : {
        "0" : 73,
        "1" : 36,
        "2" : 51,
        "3" : 58,
        "4" : 67,
        "5" : 67
      }
    },
    "numInputRows" : 352,
    "inputRowsPerSecond" : 0.0,
    "processedRowsPerSecond" : 11.982570806100217,
    "metrics" : {
      "avgOffsetsBehindLatest" : "0.0",
      "maxOffsetsBehindLatest" : "0",
      "minOffsetsBehindLatest" : "0"
    }
  } ],
  "sink" : {
    "description" : "DeltaSink[s3a://lakehouse/benchmark/bronze/20260518T154052Z/low/started]",
    "numOutputRows" : -1
  }
}
26/05/18 15:41:53 WARN ProcessingTimeExecutor: Current batch is falling behind. The trigger interval is 10000} milliseconds, but spent 29532 milliseconds
26/05/18 15:41:53 INFO CheckpointFileManager: Writing atomically to s3a://lakehouse/_checkpoints/benchmark/20260518T154052Z/low/started/offsets/1 using temp file s3a://lakehouse/_checkpoints/benchmark/20260518T154052Z/low/started/offsets/.1.e2a81e12-75e0-4fa6-b100-d1ebf5f545d2.tmp
[benchmark][spark_progress] {"add_batch_ms": 26041, "batch_id": 0, "end_offset": {"nyc-taxi-trip-started": {"0": 73, "1": 36, "2": 51, "3": 58, "4": 67, "5": 67}}, "event_kind": "started", "get_batch_ms": 94, "input_rows_per_second": 0.0, "kafka_group_id": "nyc-taxi-bench-low-20260518T154052Z-started", "latest_offset": {"nyc-taxi-trip-started": {"0": 73, "1": 36, "2": 51, "3": 58, "4": 67, "5": 67}}, "metric_type": "spark_microbatch_progress", "num_input_rows": 352, "processed_rows_per_second": 11.982570806100217, "start_offset": null, "timestamp": "2026-05-18T15:41:23.662Z", "topic": "nyc-taxi-trip-started", "trigger_execution_ms": 29352}
26/05/18 15:41:53 INFO CheckpointFileManager: Renamed temp file s3a://lakehouse/_checkpoints/benchmark/20260518T154052Z/low/started/offsets/.1.e2a81e12-75e0-4fa6-b100-d1ebf5f545d2.tmp to s3a://lakehouse/_checkpoints/benchmark/20260518T154052Z/low/started/offsets/1
26/05/18 15:41:53 INFO MicroBatchExecution: Committed offsets for batch 1. Metadata OffsetSeqMetadata(0,1779118913204,HashMap(spark.sql.streaming.stateStore.providerClass -> org.apache.spark.sql.execution.streaming.state.HDFSBackedStateStoreProvider, spark.sql.streaming.stateStore.rocksdb.formatVersion -> 5, spark.sql.streaming.stateStore.encodingFormat -> unsaferow, spark.sql.streaming.statefulOperator.useStrictDistribution -> true, spark.sql.streaming.flatMapGroupsWithState.stateFormatVersion -> 2, spark.sql.streaming.multipleWatermarkPolicy -> min, spark.sql.streaming.aggregation.stateFormatVersion -> 2, spark.sql.shuffle.partitions -> 4, spark.sql.streaming.join.stateFormatVersion -> 2, spark.sql.streaming.stateStore.compression.codec -> lz4, spark.sql.optimizer.pruneFiltersCanPruneStreamingSubplan -> false))
26/05/18 15:41:54 INFO DeltaLog: Loading version 0.
26/05/18 15:41:54 INFO Snapshot: [tableId=e54c2914-4281-4b97-a14f-d4cd8e512b01] Created snapshot Snapshot(path=s3a://lakehouse/benchmark/bronze/20260518T154052Z/low/started/_delta_log, version=0, metadata=Metadata(e54c2914-4281-4b97-a14f-d4cd8e512b01,null,null,Format(parquet,Map()),{"type":"struct","fields":[{"name":"event_id","type":"string","nullable":true,"metadata":{}},{"name":"event_type","type":"string","nullable":true,"metadata":{}},{"name":"schema_version","type":"string","nullable":true,"metadata":{}},{"name":"trip_id","type":"string","nullable":true,"metadata":{}},{"name":"source_file","type":"string","nullable":true,"metadata":{}},{"name":"ingest_mode","type":"string","nullable":true,"metadata":{}},{"name":"ingest_timestamp","type":"timestamp","nullable":true,"metadata":{}},{"name":"event_time","type":"timestamp","nullable":true,"metadata":{}},{"name":"trip_date","type":"string","nullable":true,"metadata":{}},{"name":"vendor_id","type":"integer","nullable":true,"metadata":{}},{"name":"pickup_datetime","type":"timestamp","nullable":true,"metadata":{}},{"name":"passenger_count","type":"long","nullable":true,"metadata":{}},{"name":"pulocation_id","type":"integer","nullable":true,"metadata":{}},{"name":"dolocation_id","type":"integer","nullable":true,"metadata":{}}]},List(),Map(),Some(1779118886752)), logSegment=LogSegment(s3a://lakehouse/benchmark/bronze/20260518T154052Z/low/started/_delta_log,0,ArraySeq(S3AFileStatus{path=s3a://lakehouse/benchmark/bronze/20260518T154052Z/low/started/_delta_log/00000000000000000000.json; isDirectory=false; length=10954; replication=1; blocksize=33554432; modification_time=1779118909098; access_time=0; owner=spark; group=spark; permission=rw-rw-rw-; isSymlink=false; hasAcl=false; isEncrypted=true; isErasureCoded=false} isEmptyDirectory=FALSE eTag="2dc840860c22af6901e80b07ffd4ef78" versionId=null),org.apache.spark.sql.delta.EmptyCheckpointProvider$@664c2564,1779118909098), checksumOpt=Some(VersionChecksum(Some(76ae2696-174a-465b-ab1a-c6fd50cb10db),85531,6,None,None,1,1,None,Some(List(SetTransaction(4c71fffa-098f-430a-acdb-8cf33542b27e,0,Some(1779118908627)))),Some(List()),Metadata(e54c2914-4281-4b97-a14f-d4cd8e512b01,null,null,Format(parquet,Map()),{"type":"struct","fields":[{"name":"event_id","type":"string","nullable":true,"metadata":{}},{"name":"event_type","type":"string","nullable":true,"metadata":{}},{"name":"schema_version","type":"string","nullable":true,"metadata":{}},{"name":"trip_id","type":"string","nullable":true,"metadata":{}},{"name":"source_file","type":"string","nullable":true,"metadata":{}},{"name":"ingest_mode","type":"string","nullable":true,"metadata":{}},{"name":"ingest_timestamp","type":"timestamp","nullable":true,"metadata":{}},{"name":"event_time","type":"timestamp","nullable":true,"metadata":{}},{"name":"trip_date","type":"string","nullable":true,"metadata":{}},{"name":"vendor_id","type":"integer","nullable":true,"metadata":{}},{"name":"pickup_datetime","type":"timestamp","nullable":true,"metadata":{}},{"name":"passenger_count","type":"long","nullable":true,"metadata":{}},{"name":"pulocation_id","type":"integer","nullable":true,"metadata":{}},{"name":"dolocation_id","type":"integer","nullable":true,"metadata":{}}]},List(),Map(),Some(1779118886752)),Protocol(1,2),None,None,Some(List(AddFile(part-00005-56447017-32c5-4b7e-b9ab-d59860935c92-c000.snappy.parquet,Map(),13745,1779118908000,false,{"numRecords":58,"minValues":{"event_id":"1455410b53ba26496dd8268d814efb0d","event_type":"trip_started","schema_version":"2.0","trip_id":"055d4dc21a238c32a1173721d4ca04f8","source_file":"yellow_tripdata_2024-09.parquet","ingest_mode":"streaming","ingest_timestamp":"2026-05-18T15:30:33.344Z","event_time":"2024-08-31T23:41:24.000Z","trip_date":"2024-08-31","vendor_id":1,"pickup_datetime":"2024-08-31T23:41:24.000Z","passenger_count":1,"pulocation_id":4,"dolocation_id":13},"maxValues":{"event_id":"fc33a45f23b40ebd214e1bfc68a49bcb","event_type":"trip_started","schema_version":"2.0","trip_id":"fe2349c4e6416804cff94b8f71437d80","source_file":"yellow_tripdata_2024-09.parquet","ingest_mode":"streaming","ingest_timestamp":"2026-05-18T15:39:01.111Z","event_time":"2024-09-01T00:03:38.000Z","trip_date":"2024-09-01","vendor_id":2,"pickup_datetime":"2024-09-01T00:03:38.000Z","passenger_count":5,"pulocation_id":263,"dolocation_id":261},"nullCount":{"event_id":0,"event_type":0,"schema_version":0,"trip_id":0,"source_file":0,"ingest_mode":0,"ingest_timestamp":0,"event_time":0,"trip_date":0,"vendor_id":0,"pickup_datetime":0,"passenger_count":7,"pulocation_id":0,"dolocation_id":0}},null,null,None,None,None), AddFile(part-00000-08aad25c-9cc6-4b91-9c29-ef1ada60ea60-c000.snappy.parquet,Map(),16483,1779118902000,false,{"numRecords":73,"minValues":{"event_id":"0212d8086261a2018cb807d1a4d7a46b","event_type":"trip_started","schema_version":"2.0","trip_id":"031b404c98f442710d2269c0a06824fd","source_file":"yellow_tripdata_2024-09.parquet","ingest_mode":"streaming","ingest_timestamp":"2026-05-18T15:30:18.343Z","event_time":"2024-08-31T23:16:36.000Z","trip_date":"2024-08-31","vendor_id":1,"pickup_datetime":"2024-08-31T23:16:36.000Z","passenger_count":1,"pulocation_id":41,"dolocation_id":15},"maxValues":{"event_id":"febc668d372ab0492f5c4e7165b45be2","event_type":"trip_started","schema_version":"2.0","trip_id":"f8cfd09088ab01f1042a890d127bfcca","source_file":"yellow_tripdata_2024-09.parquet","ingest_mode":"streaming","ingest_timestamp":"2026-05-18T15:41:12.372Z","event_time":"2024-09-01T00:03:44.000Z","trip_date":"2024-09-01","vendor_id":2,"pickup_datetime":"2024-09-01T00:03:44.000Z","passenger_count":5,"pulocation_id":249,"dolocation_id":265},"nullCount":{"event_id":0,"event_type":0,"schema_version":0,"trip_id":0,"source_file":0,"ingest_mode":0,"ingest_timestamp":0,"event_time":0,"trip_date":0,"vendor_id":0,"pickup_datetime":0,"passenger_count":7,"pulocation_id":0,"dolocation_id":0}},null,null,None,None,None), AddFile(part-00004-bf95d00f-7224-4d19-8506-bb804d74ba69-c000.snappy.parquet,Map(),16203,1779118907000,false,{"numRecords":67,"minValues":{"event_id":"00f4412c4abb87a7edb991f16b8e3872","event_type":"trip_started","schema_version":"2.0","trip_id":"0106a3fdc6d124355ddbc3170eb7fa9d","source_file":"yellow_tripdata_2024-09.parquet","ingest_mode":"streaming","ingest_timestamp":"2026-05-18T15:30:55.546Z","event_time":"2024-08-31T23:48:15.000Z","trip_date":"2024-08-31","vendor_id":1,"pickup_datetime":"2024-08-31T23:48:15.000Z","passenger_count":0,"pulocation_id":41,"dolocation_id":4},"maxValues":{"event_id":"ffa973e5c6626d9b56f1d9367abd3987","event_type":"trip_started","schema_version":"2.0","trip_id":"fc82163fbf256ca3108569d8f7fa673b","source_file":"yellow_tripdata_2024-09.parquet","ingest_mode":"streaming","ingest_timestamp":"2026-05-18T15:39:10.112Z","event_time":"2024-09-01T00:03:47.000Z","trip_date":"2024-09-01","vendor_id":2,"pickup_datetime":"2024-09-01T00:03:47.000Z","passenger_count":5,"pulocation_id":255,"dolocation_id":263},"nullCount":{"event_id":0,"event_type":0,"schema_version":0,"trip_id":0,"source_file":0,"ingest_mode":0,"ingest_timestamp":0,"event_time":0,"trip_date":0,"vendor_id":0,"pickup_datetime":0,"passenger_count":12,"pulocation_id":0,"dolocation_id":0}},null,null,None,None,None), AddFile(part-00003-b1b9f1d7-6ad3-4d3d-9129-31eff2c0ca88-c000.snappy.parquet,Map(),12843,1779118906000,false,{"numRecords":51,"minValues":{"event_id":"033a945818d220fae8d0f5ea06aade55","event_type":"trip_started","schema_version":"2.0","trip_id":"007211974f070e6081d820f78a892116","source_file":"yellow_tripdata_2024-09.parquet","ingest_mode":"streaming","ingest_timestamp":"2026-05-18T15:30:08.336Z","event_time":"2024-08-31T22:27:55.000Z","trip_date":"2024-08-31","vendor_id":1,"pickup_datetime":"2024-08-31T22:27:55.000Z","passenger_count":0,"pulocation_id":24,"dolocation_id":7},"maxValues":{"event_id":"f914c4bf2487bb514676e80f0e515e30","event_type":"trip_started","schema_version":"2.0","trip_id":"fd8556cf3a0c0a61eb48a4f6e35a55b5","source_file":"yellow_tripdata_2024-09.parquet","ingest_mode":"streaming","ingest_timestamp":"2026-05-18T15:41:02.366Z","event_time":"2024-09-01T00:03:39.000Z","trip_date":"2024-09-01","vendor_id":2,"pickup_datetime":"2024-09-01T00:03:39.000Z","passenger_count":5,"pulocation_id":249,"dolocation_id":265},"nullCount":{"event_id":0,"event_type":0,"schema_version":0,"trip_id":0,"source_file":0,"ingest_mode":0,"ingest_timestamp":0,"event_time":0,"trip_date":0,"vendor_id":0,"pickup_datetime":0,"passenger_count":11,"pulocation_id":0,"dolocation_id":0}},null,null,None,None,None), AddFile(part-00002-d9b630b8-3fe6-47f4-bef5-e312d5875278-c000.snappy.parquet,Map(),15373,1779118905000,false,{"numRecords":67,"minValues":{"event_id":"011a460cb5a25c4ee561b11bfa14604d","event_type":"trip_started","schema_version":"2.0","trip_id":"02a39a8e328190af69190a907699ab05","source_file":"yellow_tripdata_2024-09.parquet","ingest_mode":"streaming","ingest_timestamp":"2026-05-18T15:30:23.343Z","event_time":"2024-08-31T23:31:22.000Z","trip_date":"2024-08-31","vendor_id":1,"pickup_datetime":"2024-08-31T23:31:22.000Z","passenger_count":0,"pulocation_id":24,"dolocation_id":7},"maxValues":{"event_id":"fb8fb0226b979d486aa1fe15bcadfd02","event_type":"trip_started","schema_version":"2.0","trip_id":"ff8ff4056149324b8cb6441936211b7a","source_file":"yellow_tripdata_2024-09.parquet","ingest_mode":"streaming","ingest_timestamp":"2026-05-18T15:41:17.372Z","event_time":"2024-09-01T00:03:44.000Z","trip_date":"2024-09-01","vendor_id":2,"pickup_datetime":"2024-09-01T00:03:44.000Z","passenger_count":6,"pulocation_id":265,"dolocation_id":265},"nullCount":{"event_id":0,"event_type":0,"schema_version":0,"trip_id":0,"source_file":0,"ingest_mode":0,"ingest_timestamp":0,"event_time":0,"trip_date":0,"vendor_id":0,"pickup_datetime":0,"passenger_count":7,"pulocation_id":0,"dolocation_id":0}},null,null,None,None,None), AddFile(part-00001-25597aa3-37ba-4ada-a57e-d65085251b3f-c000.snappy.parquet,Map(),10884,1779118904000,false,{"numRecords":36,"minValues":{"event_id":"00bb01354109838b627c857eebe80dc2","event_type":"trip_started","schema_version":"2.0","trip_id":"0151b1434bda3c8918caec4e7800368d","source_file":"yellow_tripdata_2024-09.parquet","ingest_mode":"streaming","ingest_timestamp":"2026-05-18T15:31:05.546Z","event_time":"2024-08-31T23:49:47.000Z","trip_date":"2024-08-31","vendor_id":1,"pickup_datetime":"2024-08-31T23:49:47.000Z","passenger_count":0,"pulocation_id":68,"dolocation_id":45},"maxValues":{"event_id":"fc777a5f3c65c6d093b9336703c5e846","event_type":"trip_started","schema_version":"2.0","trip_id":"febc1b1d83b45aebc128b44d8bf1e48d","source_file":"yellow_tripdata_2024-09.parquet","ingest_mode":"streaming","ingest_timestamp":"2026-05-18T15:38:55.109Z","event_time":"2024-09-01T00:03:32.000Z","trip_date":"2024-09-01","vendor_id":2,"pickup_datetime":"2024-09-01T00:03:32.000Z","passenger_count":5,"pulocation_id":263,"dolocation_id":265},"nullCount":{"event_id":0,"event_type":0,"schema_version":0,"trip_id":0,"source_file":0,"ingest_mode":0,"ingest_timestamp":0,"event_time":0,"trip_date":0,"vendor_id":0,"pickup_datetime":0,"passenger_count":3,"pulocation_id":0,"dolocation_id":0}},null,null,None,None,None))))))
26/05/18 15:41:54 INFO DeltaLog: Updated snapshot to Snapshot(path=s3a://lakehouse/benchmark/bronze/20260518T154052Z/low/started/_delta_log, version=0, metadata=Metadata(e54c2914-4281-4b97-a14f-d4cd8e512b01,null,null,Format(parquet,Map()),{"type":"struct","fields":[{"name":"event_id","type":"string","nullable":true,"metadata":{}},{"name":"event_type","type":"string","nullable":true,"metadata":{}},{"name":"schema_version","type":"string","nullable":true,"metadata":{}},{"name":"trip_id","type":"string","nullable":true,"metadata":{}},{"name":"source_file","type":"string","nullable":true,"metadata":{}},{"name":"ingest_mode","type":"string","nullable":true,"metadata":{}},{"name":"ingest_timestamp","type":"timestamp","nullable":true,"metadata":{}},{"name":"event_time","type":"timestamp","nullable":true,"metadata":{}},{"name":"trip_date","type":"string","nullable":true,"metadata":{}},{"name":"vendor_id","type":"integer","nullable":true,"metadata":{}},{"name":"pickup_datetime","type":"timestamp","nullable":true,"metadata":{}},{"name":"passenger_count","type":"long","nullable":true,"metadata":{}},{"name":"pulocation_id","type":"integer","nullable":true,"metadata":{}},{"name":"dolocation_id","type":"integer","nullable":true,"metadata":{}}]},List(),Map(),Some(1779118886752)), logSegment=LogSegment(s3a://lakehouse/benchmark/bronze/20260518T154052Z/low/started/_delta_log,0,ArraySeq(S3AFileStatus{path=s3a://lakehouse/benchmark/bronze/20260518T154052Z/low/started/_delta_log/00000000000000000000.json; isDirectory=false; length=10954; replication=1; blocksize=33554432; modification_time=1779118909098; access_time=0; owner=spark; group=spark; permission=rw-rw-rw-; isSymlink=false; hasAcl=false; isEncrypted=true; isErasureCoded=false} isEmptyDirectory=FALSE eTag="2dc840860c22af6901e80b07ffd4ef78" versionId=null),org.apache.spark.sql.delta.EmptyCheckpointProvider$@664c2564,1779118909098), checksumOpt=Some(VersionChecksum(Some(76ae2696-174a-465b-ab1a-c6fd50cb10db),85531,6,None,None,1,1,None,Some(List(SetTransaction(4c71fffa-098f-430a-acdb-8cf33542b27e,0,Some(1779118908627)))),Some(List()),Metadata(e54c2914-4281-4b97-a14f-d4cd8e512b01,null,null,Format(parquet,Map()),{"type":"struct","fields":[{"name":"event_id","type":"string","nullable":true,"metadata":{}},{"name":"event_type","type":"string","nullable":true,"metadata":{}},{"name":"schema_version","type":"string","nullable":true,"metadata":{}},{"name":"trip_id","type":"string","nullable":true,"metadata":{}},{"name":"source_file","type":"string","nullable":true,"metadata":{}},{"name":"ingest_mode","type":"string","nullable":true,"metadata":{}},{"name":"ingest_timestamp","type":"timestamp","nullable":true,"metadata":{}},{"name":"event_time","type":"timestamp","nullable":true,"metadata":{}},{"name":"trip_date","type":"string","nullable":true,"metadata":{}},{"name":"vendor_id","type":"integer","nullable":true,"metadata":{}},{"name":"pickup_datetime","type":"timestamp","nullable":true,"metadata":{}},{"name":"passenger_count","type":"long","nullable":true,"metadata":{}},{"name":"pulocation_id","type":"integer","nullable":true,"metadata":{}},{"name":"dolocation_id","type":"integer","nullable":true,"metadata":{}}]},List(),Map(),Some(1779118886752)),Protocol(1,2),None,None,Some(List(AddFile(part-00005-56447017-32c5-4b7e-b9ab-d59860935c92-c000.snappy.parquet,Map(),13745,1779118908000,false,{"numRecords":58,"minValues":{"event_id":"1455410b53ba26496dd8268d814efb0d","event_type":"trip_started","schema_version":"2.0","trip_id":"055d4dc21a238c32a1173721d4ca04f8","source_file":"yellow_tripdata_2024-09.parquet","ingest_mode":"streaming","ingest_timestamp":"2026-05-18T15:30:33.344Z","event_time":"2024-08-31T23:41:24.000Z","trip_date":"2024-08-31","vendor_id":1,"pickup_datetime":"2024-08-31T23:41:24.000Z","passenger_count":1,"pulocation_id":4,"dolocation_id":13},"maxValues":{"event_id":"fc33a45f23b40ebd214e1bfc68a49bcb","event_type":"trip_started","schema_version":"2.0","trip_id":"fe2349c4e6416804cff94b8f71437d80","source_file":"yellow_tripdata_2024-09.parquet","ingest_mode":"streaming","ingest_timestamp":"2026-05-18T15:39:01.111Z","event_time":"2024-09-01T00:03:38.000Z","trip_date":"2024-09-01","vendor_id":2,"pickup_datetime":"2024-09-01T00:03:38.000Z","passenger_count":5,"pulocation_id":263,"dolocation_id":261},"nullCount":{"event_id":0,"event_type":0,"schema_version":0,"trip_id":0,"source_file":0,"ingest_mode":0,"ingest_timestamp":0,"event_time":0,"trip_date":0,"vendor_id":0,"pickup_datetime":0,"passenger_count":7,"pulocation_id":0,"dolocation_id":0}},null,null,None,None,None), AddFile(part-00000-08aad25c-9cc6-4b91-9c29-ef1ada60ea60-c000.snappy.parquet,Map(),16483,1779118902000,false,{"numRecords":73,"minValues":{"event_id":"0212d8086261a2018cb807d1a4d7a46b","event_type":"trip_started","schema_version":"2.0","trip_id":"031b404c98f442710d2269c0a06824fd","source_file":"yellow_tripdata_2024-09.parquet","ingest_mode":"streaming","ingest_timestamp":"2026-05-18T15:30:18.343Z","event_time":"2024-08-31T23:16:36.000Z","trip_date":"2024-08-31","vendor_id":1,"pickup_datetime":"2024-08-31T23:16:36.000Z","passenger_count":1,"pulocation_id":41,"dolocation_id":15},"maxValues":{"event_id":"febc668d372ab0492f5c4e7165b45be2","event_type":"trip_started","schema_version":"2.0","trip_id":"f8cfd09088ab01f1042a890d127bfcca","source_file":"yellow_tripdata_2024-09.parquet","ingest_mode":"streaming","ingest_timestamp":"2026-05-18T15:41:12.372Z","event_time":"2024-09-01T00:03:44.000Z","trip_date":"2024-09-01","vendor_id":2,"pickup_datetime":"2024-09-01T00:03:44.000Z","passenger_count":5,"pulocation_id":249,"dolocation_id":265},"nullCount":{"event_id":0,"event_type":0,"schema_version":0,"trip_id":0,"source_file":0,"ingest_mode":0,"ingest_timestamp":0,"event_time":0,"trip_date":0,"vendor_id":0,"pickup_datetime":0,"passenger_count":7,"pulocation_id":0,"dolocation_id":0}},null,null,None,None,None), AddFile(part-00004-bf95d00f-7224-4d19-8506-bb804d74ba69-c000.snappy.parquet,Map(),16203,1779118907000,false,{"numRecords":67,"minValues":{"event_id":"00f4412c4abb87a7edb991f16b8e3872","event_type":"trip_started","schema_version":"2.0","trip_id":"0106a3fdc6d124355ddbc3170eb7fa9d","source_file":"yellow_tripdata_2024-09.parquet","ingest_mode":"streaming","ingest_timestamp":"2026-05-18T15:30:55.546Z","event_time":"2024-08-31T23:48:15.000Z","trip_date":"2024-08-31","vendor_id":1,"pickup_datetime":"2024-08-31T23:48:15.000Z","passenger_count":0,"pulocation_id":41,"dolocation_id":4},"maxValues":{"event_id":"ffa973e5c6626d9b56f1d9367abd3987","event_type":"trip_started","schema_version":"2.0","trip_id":"fc82163fbf256ca3108569d8f7fa673b","source_file":"yellow_tripdata_2024-09.parquet","ingest_mode":"streaming","ingest_timestamp":"2026-05-18T15:39:10.112Z","event_time":"2024-09-01T00:03:47.000Z","trip_date":"2024-09-01","vendor_id":2,"pickup_datetime":"2024-09-01T00:03:47.000Z","passenger_count":5,"pulocation_id":255,"dolocation_id":263},"nullCount":{"event_id":0,"event_type":0,"schema_version":0,"trip_id":0,"source_file":0,"ingest_mode":0,"ingest_timestamp":0,"event_time":0,"trip_date":0,"vendor_id":0,"pickup_datetime":0,"passenger_count":12,"pulocation_id":0,"dolocation_id":0}},null,null,None,None,None), AddFile(part-00003-b1b9f1d7-6ad3-4d3d-9129-31eff2c0ca88-c000.snappy.parquet,Map(),12843,1779118906000,false,{"numRecords":51,"minValues":{"event_id":"033a945818d220fae8d0f5ea06aade55","event_type":"trip_started","schema_version":"2.0","trip_id":"007211974f070e6081d820f78a892116","source_file":"yellow_tripdata_2024-09.parquet","ingest_mode":"streaming","ingest_timestamp":"2026-05-18T15:30:08.336Z","event_time":"2024-08-31T22:27:55.000Z","trip_date":"2024-08-31","vendor_id":1,"pickup_datetime":"2024-08-31T22:27:55.000Z","passenger_count":0,"pulocation_id":24,"dolocation_id":7},"maxValues":{"event_id":"f914c4bf2487bb514676e80f0e515e30","event_type":"trip_started","schema_version":"2.0","trip_id":"fd8556cf3a0c0a61eb48a4f6e35a55b5","source_file":"yellow_tripdata_2024-09.parquet","ingest_mode":"streaming","ingest_timestamp":"2026-05-18T15:41:02.366Z","event_time":"2024-09-01T00:03:39.000Z","trip_date":"2024-09-01","vendor_id":2,"pickup_datetime":"2024-09-01T00:03:39.000Z","passenger_count":5,"pulocation_id":249,"dolocation_id":265},"nullCount":{"event_id":0,"event_type":0,"schema_version":0,"trip_id":0,"source_file":0,"ingest_mode":0,"ingest_timestamp":0,"event_time":0,"trip_date":0,"vendor_id":0,"pickup_datetime":0,"passenger_count":11,"pulocation_id":0,"dolocation_id":0}},null,null,None,None,None), AddFile(part-00002-d9b630b8-3fe6-47f4-bef5-e312d5875278-c000.snappy.parquet,Map(),15373,1779118905000,false,{"numRecords":67,"minValues":{"event_id":"011a460cb5a25c4ee561b11bfa14604d","event_type":"trip_started","schema_version":"2.0","trip_id":"02a39a8e328190af69190a907699ab05","source_file":"yellow_tripdata_2024-09.parquet","ingest_mode":"streaming","ingest_timestamp":"2026-05-18T15:30:23.343Z","event_time":"2024-08-31T23:31:22.000Z","trip_date":"2024-08-31","vendor_id":1,"pickup_datetime":"2024-08-31T23:31:22.000Z","passenger_count":0,"pulocation_id":24,"dolocation_id":7},"maxValues":{"event_id":"fb8fb0226b979d486aa1fe15bcadfd02","event_type":"trip_started","schema_version":"2.0","trip_id":"ff8ff4056149324b8cb6441936211b7a","source_file":"yellow_tripdata_2024-09.parquet","ingest_mode":"streaming","ingest_timestamp":"2026-05-18T15:41:17.372Z","event_time":"2024-09-01T00:03:44.000Z","trip_date":"2024-09-01","vendor_id":2,"pickup_datetime":"2024-09-01T00:03:44.000Z","passenger_count":6,"pulocation_id":265,"dolocation_id":265},"nullCount":{"event_id":0,"event_type":0,"schema_version":0,"trip_id":0,"source_file":0,"ingest_mode":0,"ingest_timestamp":0,"event_time":0,"trip_date":0,"vendor_id":0,"pickup_datetime":0,"passenger_count":7,"pulocation_id":0,"dolocation_id":0}},null,null,None,None,None), AddFile(part-00001-25597aa3-37ba-4ada-a57e-d65085251b3f-c000.snappy.parquet,Map(),10884,1779118904000,false,{"numRecords":36,"minValues":{"event_id":"00bb01354109838b627c857eebe80dc2","event_type":"trip_started","schema_version":"2.0","trip_id":"0151b1434bda3c8918caec4e7800368d","source_file":"yellow_tripdata_2024-09.parquet","ingest_mode":"streaming","ingest_timestamp":"2026-05-18T15:31:05.546Z","event_time":"2024-08-31T23:49:47.000Z","trip_date":"2024-08-31","vendor_id":1,"pickup_datetime":"2024-08-31T23:49:47.000Z","passenger_count":0,"pulocation_id":68,"dolocation_id":45},"maxValues":{"event_id":"fc777a5f3c65c6d093b9336703c5e846","event_type":"trip_started","schema_version":"2.0","trip_id":"febc1b1d83b45aebc128b44d8bf1e48d","source_file":"yellow_tripdata_2024-09.parquet","ingest_mode":"streaming","ingest_timestamp":"2026-05-18T15:38:55.109Z","event_time":"2024-09-01T00:03:32.000Z","trip_date":"2024-09-01","vendor_id":2,"pickup_datetime":"2024-09-01T00:03:32.000Z","passenger_count":5,"pulocation_id":263,"dolocation_id":265},"nullCount":{"event_id":0,"event_type":0,"schema_version":0,"trip_id":0,"source_file":0,"ingest_mode":0,"ingest_timestamp":0,"event_time":0,"trip_date":0,"vendor_id":0,"pickup_datetime":0,"passenger_count":3,"pulocation_id":0,"dolocation_id":0}},null,null,None,None,None))))))
26/05/18 15:41:54 INFO Snapshot: DELTA: Compute snapshot for version: 0
26/05/18 15:41:54 INFO MemoryStore: Block broadcast_1 stored as values in memory (estimated size 242.1 KiB, free 434.2 MiB)
26/05/18 15:41:54 INFO MemoryStore: Block broadcast_1_piece0 stored as bytes in memory (estimated size 41.2 KiB, free 434.1 MiB)
26/05/18 15:41:54 INFO SparkContext: Created broadcast 1 from start at NativeMethodAccessorImpl.java:0
26/05/18 15:41:54 INFO DeltaLogFileIndex: Created DeltaLogFileIndex(JSON, numFilesInSegment: 1, totalFileSize: 10954)
26/05/18 15:41:55 INFO DataSourceStrategy: Pruning directories with: Set()
26/05/18 15:41:55 INFO FileSourceStrategy: Pushed Filters: 
26/05/18 15:41:55 INFO FileSourceStrategy: Post-Scan Filters: Set()
26/05/18 15:41:56 INFO CodeGenerator: Generated method too long to be JIT compiled: org.apache.spark.sql.catalyst.expressions.GeneratedClass$GeneratedIteratorForCodegenStage3.serializefromobject_doConsume_0$ is 24033 bytes
26/05/18 15:41:56 INFO CodeGenerator: Code generated in 1091.326869 ms
26/05/18 15:41:57 INFO CodeGenerator: Code generated in 210.614985 ms
26/05/18 15:41:57 INFO CodeGenerator: Code generated in 204.67493 ms
26/05/18 15:41:57 INFO MemoryStore: Block broadcast_2 stored as values in memory (estimated size 242.4 KiB, free 433.9 MiB)
26/05/18 15:41:57 INFO MemoryStore: Block broadcast_2_piece0 stored as bytes in memory (estimated size 41.3 KiB, free 433.8 MiB)
26/05/18 15:41:57 INFO SparkContext: Created broadcast 2 from start at NativeMethodAccessorImpl.java:0
26/05/18 15:41:57 INFO FileSourceScanExec: Planning scan with bin packing, max size: 4194304 bytes, open cost is considered as scanning 4194304 bytes.
26/05/18 15:41:58 INFO CodeGenerator: Code generated in 133.622776 ms
26/05/18 15:41:59 INFO SparkContext: Starting job: start at NativeMethodAccessorImpl.java:0
26/05/18 15:41:59 INFO DAGScheduler: Registering RDD 10 (start at NativeMethodAccessorImpl.java:0) as input to shuffle 0
26/05/18 15:41:59 INFO DAGScheduler: Registering RDD 20 (start at NativeMethodAccessorImpl.java:0) as input to shuffle 1
26/05/18 15:41:59 INFO DAGScheduler: Got job 2 (start at NativeMethodAccessorImpl.java:0) with 1 output partitions
26/05/18 15:41:59 INFO DAGScheduler: Final stage: ResultStage 3 (start at NativeMethodAccessorImpl.java:0)
26/05/18 15:41:59 INFO DAGScheduler: Parents of final stage: List(ShuffleMapStage 2)
26/05/18 15:41:59 INFO DAGScheduler: Missing parents: List(ShuffleMapStage 2)
26/05/18 15:41:59 INFO DAGScheduler: Submitting ShuffleMapStage 1 (MapPartitionsRDD[10] at start at NativeMethodAccessorImpl.java:0), which has no missing parents
26/05/18 15:41:59 INFO MemoryStore: Block broadcast_3 stored as values in memory (estimated size 100.7 KiB, free 433.7 MiB)
26/05/18 15:41:59 INFO MemoryStore: Block broadcast_3_piece0 stored as bytes in memory (estimated size 29.0 KiB, free 433.7 MiB)
26/05/18 15:41:59 INFO SparkContext: Created broadcast 3 from broadcast at DAGScheduler.scala:1676
26/05/18 15:41:59 INFO DAGScheduler: Submitting 1 missing tasks from ShuffleMapStage 1 (MapPartitionsRDD[10] at start at NativeMethodAccessorImpl.java:0) (first 15 tasks are for partitions Vector(0))
26/05/18 15:41:59 INFO TaskSchedulerImpl: Adding task set 1.0 with 1 tasks resource profile 0
26/05/18 15:41:59 INFO TaskSetManager: Starting task 0.0 in stage 1.0 (TID 6) (10.42.1.64,executor 1, partition 0, PROCESS_LOCAL, 10351 bytes) 
26/05/18 15:42:00 INFO TaskSetManager: Finished task 0.0 in stage 1.0 (TID 6) in 1603 ms on 10.42.1.64 (executor 1) (1/1)
26/05/18 15:42:00 INFO TaskSchedulerImpl: Removed TaskSet 1.0 whose tasks have all completed, from pool 
26/05/18 15:42:00 INFO DAGScheduler: ShuffleMapStage 1 (start at NativeMethodAccessorImpl.java:0) finished in 1690 ms
26/05/18 15:42:00 INFO DAGScheduler: looking for newly runnable stages
26/05/18 15:42:00 INFO DAGScheduler: running: HashSet()
26/05/18 15:42:00 INFO DAGScheduler: waiting: HashSet(ShuffleMapStage 2, ResultStage 3)
26/05/18 15:42:00 INFO DAGScheduler: failed: HashSet()
26/05/18 15:42:00 INFO DAGScheduler: Submitting ShuffleMapStage 2 (MapPartitionsRDD[20] at start at NativeMethodAccessorImpl.java:0), which has no missing parents
26/05/18 15:42:00 INFO MemoryStore: Block broadcast_4 stored as values in memory (estimated size 601.1 KiB, free 433.1 MiB)
26/05/18 15:42:00 INFO MemoryStore: Block broadcast_4_piece0 stored as bytes in memory (estimated size 136.3 KiB, free 433.0 MiB)
26/05/18 15:42:00 INFO SparkContext: Created broadcast 4 from broadcast at DAGScheduler.scala:1676
26/05/18 15:42:00 INFO DAGScheduler: Submitting 50 missing tasks from ShuffleMapStage 2 (MapPartitionsRDD[20] at start at NativeMethodAccessorImpl.java:0) (first 15 tasks are for partitions Vector(0, 1, 2, 3, 4, 5, 6, 7, 8, 9, 10, 11, 12, 13, 14))
26/05/18 15:42:00 INFO TaskSchedulerImpl: Adding task set 2.0 with 50 tasks resource profile 0
26/05/18 15:42:00 INFO TaskSetManager: Starting task 6.0 in stage 2.0 (TID 7) (10.42.1.64,executor 1, partition 6, NODE_LOCAL, 9639 bytes) 
26/05/18 15:42:01 INFO MapOutputTrackerMasterEndpoint: Asked to send map output locations for shuffle 0 to 10.42.1.64:59476
26/05/18 15:42:04 INFO TaskSetManager: Starting task 28.0 in stage 2.0 (TID 8) (10.42.1.64,executor 1, partition 28, NODE_LOCAL, 9639 bytes) 
26/05/18 15:42:04 INFO TaskSetManager: Finished task 6.0 in stage 2.0 (TID 7) in 3371 ms on 10.42.1.64 (executor 1) (1/50)
26/05/18 15:42:04 INFO TaskSetManager: Starting task 29.0 in stage 2.0 (TID 9) (10.42.1.64,executor 1, partition 29, NODE_LOCAL, 9639 bytes) 
26/05/18 15:42:04 INFO TaskSetManager: Finished task 28.0 in stage 2.0 (TID 8) in 211 ms on 10.42.1.64 (executor 1) (2/50)
26/05/18 15:42:04 INFO TaskSetManager: Starting task 31.0 in stage 2.0 (TID 10) (10.42.1.64,executor 1, partition 31, NODE_LOCAL, 9639 bytes) 
26/05/18 15:42:04 INFO TaskSetManager: Finished task 29.0 in stage 2.0 (TID 9) in 390 ms on 10.42.1.64 (executor 1) (3/50)
26/05/18 15:42:05 INFO TaskSetManager: Starting task 40.0 in stage 2.0 (TID 11) (10.42.1.64,executor 1, partition 40, NODE_LOCAL, 9639 bytes) 
26/05/18 15:42:05 INFO TaskSetManager: Finished task 31.0 in stage 2.0 (TID 10) in 220 ms on 10.42.1.64 (executor 1) (4/50)
26/05/18 15:42:05 INFO TaskSetManager: Starting task 42.0 in stage 2.0 (TID 12) (10.42.1.64,executor 1, partition 42, NODE_LOCAL, 9639 bytes) 
26/05/18 15:42:05 INFO TaskSetManager: Finished task 40.0 in stage 2.0 (TID 11) in 203 ms on 10.42.1.64 (executor 1) (5/50)
26/05/18 15:42:05 INFO TaskSetManager: Starting task 44.0 in stage 2.0 (TID 13) (10.42.1.64,executor 1, partition 44, NODE_LOCAL, 9639 bytes) 
26/05/18 15:42:05 INFO TaskSetManager: Finished task 42.0 in stage 2.0 (TID 12) in 199 ms on 10.42.1.64 (executor 1) (6/50)
26/05/18 15:42:05 INFO TaskSetManager: Starting task 0.0 in stage 2.0 (TID 14) (10.42.1.64,executor 1, partition 0, PROCESS_LOCAL, 9639 bytes) 
26/05/18 15:42:05 INFO TaskSetManager: Finished task 44.0 in stage 2.0 (TID 13) in 190 ms on 10.42.1.64 (executor 1) (7/50)
26/05/18 15:42:05 INFO TaskSetManager: Starting task 1.0 in stage 2.0 (TID 15) (10.42.1.64,executor 1, partition 1, PROCESS_LOCAL, 9639 bytes) 
26/05/18 15:42:05 INFO TaskSetManager: Finished task 0.0 in stage 2.0 (TID 14) in 197 ms on 10.42.1.64 (executor 1) (8/50)
26/05/18 15:42:06 INFO TaskSetManager: Starting task 2.0 in stage 2.0 (TID 16) (10.42.1.64,executor 1, partition 2, PROCESS_LOCAL, 9639 bytes) 
26/05/18 15:42:06 INFO TaskSetManager: Finished task 1.0 in stage 2.0 (TID 15) in 218 ms on 10.42.1.64 (executor 1) (9/50)
26/05/18 15:42:06 INFO TaskSetManager: Starting task 3.0 in stage 2.0 (TID 17) (10.42.1.64,executor 1, partition 3, PROCESS_LOCAL, 9639 bytes) 
26/05/18 15:42:06 INFO TaskSetManager: Finished task 2.0 in stage 2.0 (TID 16) in 284 ms on 10.42.1.64 (executor 1) (10/50)
26/05/18 15:42:06 INFO TaskSetManager: Starting task 4.0 in stage 2.0 (TID 18) (10.42.1.64,executor 1, partition 4, PROCESS_LOCAL, 9639 bytes) 
26/05/18 15:42:06 INFO TaskSetManager: Finished task 3.0 in stage 2.0 (TID 17) in 208 ms on 10.42.1.64 (executor 1) (11/50)
26/05/18 15:42:06 INFO TaskSetManager: Starting task 5.0 in stage 2.0 (TID 19) (10.42.1.64,executor 1, partition 5, PROCESS_LOCAL, 9639 bytes) 
26/05/18 15:42:06 INFO TaskSetManager: Finished task 4.0 in stage 2.0 (TID 18) in 187 ms on 10.42.1.64 (executor 1) (12/50)
26/05/18 15:42:06 INFO TaskSetManager: Starting task 7.0 in stage 2.0 (TID 20) (10.42.1.64,executor 1, partition 7, PROCESS_LOCAL, 9639 bytes) 
26/05/18 15:42:06 INFO TaskSetManager: Finished task 5.0 in stage 2.0 (TID 19) in 103 ms on 10.42.1.64 (executor 1) (13/50)
26/05/18 15:42:06 INFO TaskSetManager: Starting task 8.0 in stage 2.0 (TID 21) (10.42.1.64,executor 1, partition 8, PROCESS_LOCAL, 9639 bytes) 
26/05/18 15:42:06 INFO TaskSetManager: Finished task 7.0 in stage 2.0 (TID 20) in 196 ms on 10.42.1.64 (executor 1) (14/50)
26/05/18 15:42:07 INFO TaskSetManager: Starting task 9.0 in stage 2.0 (TID 22) (10.42.1.64,executor 1, partition 9, PROCESS_LOCAL, 9639 bytes) 
26/05/18 15:42:07 INFO TaskSetManager: Finished task 8.0 in stage 2.0 (TID 21) in 115 ms on 10.42.1.64 (executor 1) (15/50)
26/05/18 15:42:07 INFO TaskSetManager: Starting task 10.0 in stage 2.0 (TID 23) (10.42.1.64,executor 1, partition 10, PROCESS_LOCAL, 9639 bytes) 
26/05/18 15:42:07 INFO TaskSetManager: Finished task 9.0 in stage 2.0 (TID 22) in 192 ms on 10.42.1.64 (executor 1) (16/50)
26/05/18 15:42:07 INFO TaskSetManager: Starting task 11.0 in stage 2.0 (TID 24) (10.42.1.64,executor 1, partition 11, PROCESS_LOCAL, 9639 bytes) 
26/05/18 15:42:07 INFO TaskSetManager: Finished task 10.0 in stage 2.0 (TID 23) in 114 ms on 10.42.1.64 (executor 1) (17/50)
26/05/18 15:42:07 INFO TaskSetManager: Starting task 12.0 in stage 2.0 (TID 25) (10.42.1.64,executor 1, partition 12, PROCESS_LOCAL, 9639 bytes) 
26/05/18 15:42:07 INFO TaskSetManager: Finished task 11.0 in stage 2.0 (TID 24) in 191 ms on 10.42.1.64 (executor 1) (18/50)
26/05/18 15:42:07 INFO TaskSetManager: Starting task 13.0 in stage 2.0 (TID 26) (10.42.1.64,executor 1, partition 13, PROCESS_LOCAL, 9639 bytes) 
26/05/18 15:42:07 INFO TaskSetManager: Finished task 12.0 in stage 2.0 (TID 25) in 196 ms on 10.42.1.64 (executor 1) (19/50)
26/05/18 15:42:07 INFO TaskSetManager: Starting task 14.0 in stage 2.0 (TID 27) (10.42.1.64,executor 1, partition 14, PROCESS_LOCAL, 9639 bytes) 
26/05/18 15:42:07 INFO TaskSetManager: Finished task 13.0 in stage 2.0 (TID 26) in 200 ms on 10.42.1.64 (executor 1) (20/50)
26/05/18 15:42:08 INFO TaskSetManager: Starting task 15.0 in stage 2.0 (TID 28) (10.42.1.64,executor 1, partition 15, PROCESS_LOCAL, 9639 bytes) 
26/05/18 15:42:08 INFO TaskSetManager: Finished task 14.0 in stage 2.0 (TID 27) in 118 ms on 10.42.1.64 (executor 1) (21/50)
26/05/18 15:42:08 INFO TaskSetManager: Starting task 16.0 in stage 2.0 (TID 29) (10.42.1.64,executor 1, partition 16, PROCESS_LOCAL, 9639 bytes) 
26/05/18 15:42:08 INFO TaskSetManager: Finished task 15.0 in stage 2.0 (TID 28) in 192 ms on 10.42.1.64 (executor 1) (22/50)
26/05/18 15:42:08 INFO TaskSetManager: Starting task 17.0 in stage 2.0 (TID 30) (10.42.1.64,executor 1, partition 17, PROCESS_LOCAL, 9639 bytes) 
26/05/18 15:42:08 INFO TaskSetManager: Finished task 16.0 in stage 2.0 (TID 29) in 192 ms on 10.42.1.64 (executor 1) (23/50)
26/05/18 15:42:08 INFO TaskSetManager: Starting task 18.0 in stage 2.0 (TID 31) (10.42.1.64,executor 1, partition 18, PROCESS_LOCAL, 9639 bytes) 
26/05/18 15:42:08 INFO TaskSetManager: Finished task 17.0 in stage 2.0 (TID 30) in 103 ms on 10.42.1.64 (executor 1) (24/50)
26/05/18 15:42:08 INFO TaskSetManager: Starting task 19.0 in stage 2.0 (TID 32) (10.42.1.64,executor 1, partition 19, PROCESS_LOCAL, 9639 bytes) 
26/05/18 15:42:08 INFO TaskSetManager: Finished task 18.0 in stage 2.0 (TID 31) in 37 ms on 10.42.1.64 (executor 1) (25/50)
26/05/18 15:42:08 INFO TaskSetManager: Starting task 20.0 in stage 2.0 (TID 33) (10.42.1.64,executor 1, partition 20, PROCESS_LOCAL, 9639 bytes) 
26/05/18 15:42:08 INFO TaskSetManager: Finished task 19.0 in stage 2.0 (TID 32) in 84 ms on 10.42.1.64 (executor 1) (26/50)
26/05/18 15:42:08 INFO TaskSetManager: Starting task 21.0 in stage 2.0 (TID 34) (10.42.1.64,executor 1, partition 21, PROCESS_LOCAL, 9639 bytes) 
26/05/18 15:42:08 INFO TaskSetManager: Finished task 20.0 in stage 2.0 (TID 33) in 96 ms on 10.42.1.64 (executor 1) (27/50)
26/05/18 15:42:08 INFO TaskSetManager: Starting task 22.0 in stage 2.0 (TID 35) (10.42.1.64,executor 1, partition 22, PROCESS_LOCAL, 9639 bytes) 
26/05/18 15:42:08 INFO TaskSetManager: Finished task 21.0 in stage 2.0 (TID 34) in 111 ms on 10.42.1.64 (executor 1) (28/50)
26/05/18 15:42:09 INFO TaskSetManager: Starting task 23.0 in stage 2.0 (TID 36) (10.42.1.64,executor 1, partition 23, PROCESS_LOCAL, 9639 bytes) 
26/05/18 15:42:09 INFO TaskSetManager: Finished task 22.0 in stage 2.0 (TID 35) in 171 ms on 10.42.1.64 (executor 1) (29/50)
26/05/18 15:42:09 INFO TaskSetManager: Starting task 24.0 in stage 2.0 (TID 37) (10.42.1.64,executor 1, partition 24, PROCESS_LOCAL, 9639 bytes) 
26/05/18 15:42:09 INFO TaskSetManager: Finished task 23.0 in stage 2.0 (TID 36) in 42 ms on 10.42.1.64 (executor 1) (30/50)
26/05/18 15:42:09 INFO TaskSetManager: Starting task 25.0 in stage 2.0 (TID 38) (10.42.1.64,executor 1, partition 25, PROCESS_LOCAL, 9639 bytes) 
26/05/18 15:42:09 INFO TaskSetManager: Finished task 24.0 in stage 2.0 (TID 37) in 96 ms on 10.42.1.64 (executor 1) (31/50)
26/05/18 15:42:09 INFO TaskSetManager: Starting task 26.0 in stage 2.0 (TID 39) (10.42.1.64,executor 1, partition 26, PROCESS_LOCAL, 9639 bytes) 
26/05/18 15:42:09 INFO TaskSetManager: Finished task 25.0 in stage 2.0 (TID 38) in 91 ms on 10.42.1.64 (executor 1) (32/50)
26/05/18 15:42:09 INFO TaskSetManager: Starting task 27.0 in stage 2.0 (TID 40) (10.42.1.64,executor 1, partition 27, PROCESS_LOCAL, 9639 bytes) 
26/05/18 15:42:09 INFO TaskSetManager: Finished task 26.0 in stage 2.0 (TID 39) in 176 ms on 10.42.1.64 (executor 1) (33/50)
26/05/18 15:42:09 INFO TaskSetManager: Starting task 30.0 in stage 2.0 (TID 41) (10.42.1.64,executor 1, partition 30, PROCESS_LOCAL, 9639 bytes) 
26/05/18 15:42:09 INFO TaskSetManager: Finished task 27.0 in stage 2.0 (TID 40) in 119 ms on 10.42.1.64 (executor 1) (34/50)
26/05/18 15:42:09 INFO TaskSetManager: Starting task 32.0 in stage 2.0 (TID 42) (10.42.1.64,executor 1, partition 32, PROCESS_LOCAL, 9639 bytes) 
26/05/18 15:42:09 INFO TaskSetManager: Finished task 30.0 in stage 2.0 (TID 41) in 99 ms on 10.42.1.64 (executor 1) (35/50)
26/05/18 15:42:09 INFO TaskSetManager: Starting task 33.0 in stage 2.0 (TID 43) (10.42.1.64,executor 1, partition 33, PROCESS_LOCAL, 9639 bytes) 
26/05/18 15:42:09 INFO TaskSetManager: Finished task 32.0 in stage 2.0 (TID 42) in 81 ms on 10.42.1.64 (executor 1) (36/50)
26/05/18 15:42:09 INFO TaskSetManager: Starting task 34.0 in stage 2.0 (TID 44) (10.42.1.64,executor 1, partition 34, PROCESS_LOCAL, 9639 bytes) 
26/05/18 15:42:09 INFO TaskSetManager: Finished task 33.0 in stage 2.0 (TID 43) in 100 ms on 10.42.1.64 (executor 1) (37/50)
26/05/18 15:42:09 INFO TaskSetManager: Starting task 35.0 in stage 2.0 (TID 45) (10.42.1.64,executor 1, partition 35, PROCESS_LOCAL, 9639 bytes) 
26/05/18 15:42:09 INFO TaskSetManager: Finished task 34.0 in stage 2.0 (TID 44) in 51 ms on 10.42.1.64 (executor 1) (38/50)
26/05/18 15:42:10 INFO TaskSetManager: Starting task 36.0 in stage 2.0 (TID 46) (10.42.1.64,executor 1, partition 36, PROCESS_LOCAL, 9639 bytes) 
26/05/18 15:42:10 INFO TaskSetManager: Finished task 35.0 in stage 2.0 (TID 45) in 83 ms on 10.42.1.64 (executor 1) (39/50)
26/05/18 15:42:10 INFO TaskSetManager: Starting task 37.0 in stage 2.0 (TID 47) (10.42.1.64,executor 1, partition 37, PROCESS_LOCAL, 9639 bytes) 
26/05/18 15:42:10 INFO TaskSetManager: Finished task 36.0 in stage 2.0 (TID 46) in 101 ms on 10.42.1.64 (executor 1) (40/50)
26/05/18 15:42:10 INFO TaskSetManager: Starting task 38.0 in stage 2.0 (TID 48) (10.42.1.64,executor 1, partition 38, PROCESS_LOCAL, 9639 bytes) 
26/05/18 15:42:10 INFO TaskSetManager: Finished task 37.0 in stage 2.0 (TID 47) in 175 ms on 10.42.1.64 (executor 1) (41/50)
26/05/18 15:42:10 INFO TaskSetManager: Starting task 39.0 in stage 2.0 (TID 49) (10.42.1.64,executor 1, partition 39, PROCESS_LOCAL, 9639 bytes) 
26/05/18 15:42:10 INFO TaskSetManager: Finished task 38.0 in stage 2.0 (TID 48) in 110 ms on 10.42.1.64 (executor 1) (42/50)
26/05/18 15:42:10 INFO TaskSetManager: Starting task 41.0 in stage 2.0 (TID 50) (10.42.1.64,executor 1, partition 41, PROCESS_LOCAL, 9639 bytes) 
26/05/18 15:42:10 INFO TaskSetManager: Finished task 39.0 in stage 2.0 (TID 49) in 186 ms on 10.42.1.64 (executor 1) (43/50)
26/05/18 15:42:10 INFO TaskSetManager: Starting task 43.0 in stage 2.0 (TID 51) (10.42.1.64,executor 1, partition 43, PROCESS_LOCAL, 9639 bytes) 
26/05/18 15:42:10 INFO TaskSetManager: Finished task 41.0 in stage 2.0 (TID 50) in 105 ms on 10.42.1.64 (executor 1) (44/50)
26/05/18 15:42:10 INFO TaskSetManager: Starting task 45.0 in stage 2.0 (TID 52) (10.42.1.64,executor 1, partition 45, PROCESS_LOCAL, 9639 bytes) 
26/05/18 15:42:10 INFO TaskSetManager: Finished task 43.0 in stage 2.0 (TID 51) in 104 ms on 10.42.1.64 (executor 1) (45/50)
26/05/18 15:42:10 INFO TaskSetManager: Starting task 46.0 in stage 2.0 (TID 53) (10.42.1.64,executor 1, partition 46, PROCESS_LOCAL, 9639 bytes) 
26/05/18 15:42:10 INFO TaskSetManager: Finished task 45.0 in stage 2.0 (TID 52) in 42 ms on 10.42.1.64 (executor 1) (46/50)
26/05/18 15:42:10 INFO TaskSetManager: Starting task 47.0 in stage 2.0 (TID 54) (10.42.1.64,executor 1, partition 47, PROCESS_LOCAL, 9639 bytes) 
26/05/18 15:42:10 INFO TaskSetManager: Finished task 46.0 in stage 2.0 (TID 53) in 63 ms on 10.42.1.64 (executor 1) (47/50)
26/05/18 15:42:10 INFO TaskSetManager: Starting task 48.0 in stage 2.0 (TID 55) (10.42.1.64,executor 1, partition 48, PROCESS_LOCAL, 9639 bytes) 
26/05/18 15:42:10 INFO TaskSetManager: Finished task 47.0 in stage 2.0 (TID 54) in 91 ms on 10.42.1.64 (executor 1) (48/50)
26/05/18 15:42:11 INFO TaskSetManager: Starting task 49.0 in stage 2.0 (TID 56) (10.42.1.64,executor 1, partition 49, PROCESS_LOCAL, 9639 bytes) 
26/05/18 15:42:11 INFO TaskSetManager: Finished task 48.0 in stage 2.0 (TID 55) in 94 ms on 10.42.1.64 (executor 1) (49/50)
26/05/18 15:42:11 INFO TaskSetManager: Finished task 49.0 in stage 2.0 (TID 56) in 39 ms on 10.42.1.64 (executor 1) (50/50)
26/05/18 15:42:11 INFO TaskSchedulerImpl: Removed TaskSet 2.0 whose tasks have all completed, from pool 
26/05/18 15:42:11 INFO DAGScheduler: ShuffleMapStage 2 (start at NativeMethodAccessorImpl.java:0) finished in 10321 ms
26/05/18 15:42:11 INFO DAGScheduler: looking for newly runnable stages
26/05/18 15:42:11 INFO DAGScheduler: running: HashSet()
26/05/18 15:42:11 INFO DAGScheduler: waiting: HashSet(ResultStage 3)
26/05/18 15:42:11 INFO DAGScheduler: failed: HashSet()
26/05/18 15:42:11 INFO DAGScheduler: Submitting ResultStage 3 (MapPartitionsRDD[23] at start at NativeMethodAccessorImpl.java:0), which has no missing parents
26/05/18 15:42:11 INFO MemoryStore: Block broadcast_5 stored as values in memory (estimated size 528.7 KiB, free 432.5 MiB)
26/05/18 15:42:11 INFO MemoryStore: Block broadcast_5_piece0 stored as bytes in memory (estimated size 121.2 KiB, free 432.4 MiB)
26/05/18 15:42:11 INFO SparkContext: Created broadcast 5 from broadcast at DAGScheduler.scala:1676
26/05/18 15:42:11 INFO DAGScheduler: Submitting 1 missing tasks from ResultStage 3 (MapPartitionsRDD[23] at start at NativeMethodAccessorImpl.java:0) (first 15 tasks are for partitions Vector(0))
26/05/18 15:42:11 INFO TaskSchedulerImpl: Adding task set 3.0 with 1 tasks resource profile 0
26/05/18 15:42:11 INFO TaskSetManager: Starting task 0.0 in stage 3.0 (TID 57) (10.42.1.64,executor 1, partition 0, NODE_LOCAL, 9650 bytes) 
26/05/18 15:42:11 INFO MapOutputTrackerMasterEndpoint: Asked to send map output locations for shuffle 1 to 10.42.1.64:59476
26/05/18 15:42:11 INFO TaskSetManager: Finished task 0.0 in stage 3.0 (TID 57) in 354 ms on 10.42.1.64 (executor 1) (1/1)
26/05/18 15:42:11 INFO TaskSchedulerImpl: Removed TaskSet 3.0 whose tasks have all completed, from pool 
26/05/18 15:42:11 INFO DAGScheduler: ResultStage 3 (start at NativeMethodAccessorImpl.java:0) finished in 364 ms
26/05/18 15:42:11 INFO DAGScheduler: Job 2 is finished. Cancelling potential speculative or zombie tasks for this job
26/05/18 15:42:11 INFO TaskSchedulerImpl: Canceling stage 3
26/05/18 15:42:11 INFO TaskSchedulerImpl: Killing all running tasks in stage 3: Stage finished
26/05/18 15:42:11 INFO DAGScheduler: Job 2 finished: start at NativeMethodAccessorImpl.java:0, took 12400.326829 ms
26/05/18 15:42:11 INFO CodeGenerator: Code generated in 176.471719 ms
26/05/18 15:42:11 INFO Snapshot: DELTA: Done
26/05/18 15:42:12 INFO ParquetUtils: Using default output committer for Parquet: org.apache.parquet.hadoop.ParquetOutputCommitter
26/05/18 15:42:12 INFO KafkaOffsetReaderAdmin: Partitions added: Map()
26/05/18 15:42:12 INFO SparkContext: Starting job: start at NativeMethodAccessorImpl.java:0
26/05/18 15:42:12 INFO DAGScheduler: Got job 3 (start at NativeMethodAccessorImpl.java:0) with 4 output partitions
26/05/18 15:42:12 INFO DAGScheduler: Final stage: ResultStage 4 (start at NativeMethodAccessorImpl.java:0)
26/05/18 15:42:12 INFO DAGScheduler: Parents of final stage: List()
26/05/18 15:42:12 INFO DAGScheduler: Missing parents: List()
26/05/18 15:42:12 INFO DAGScheduler: Submitting ResultStage 4 (MapPartitionsRDD[26] at start at NativeMethodAccessorImpl.java:0), which has no missing parents
26/05/18 15:42:12 INFO MemoryStore: Block broadcast_6 stored as values in memory (estimated size 429.0 KiB, free 431.9 MiB)
26/05/18 15:42:12 INFO MemoryStore: Block broadcast_6_piece0 stored as bytes in memory (estimated size 149.1 KiB, free 431.8 MiB)
26/05/18 15:42:12 INFO SparkContext: Created broadcast 6 from broadcast at DAGScheduler.scala:1676
26/05/18 15:42:12 INFO DAGScheduler: Submitting 4 missing tasks from ResultStage 4 (MapPartitionsRDD[26] at start at NativeMethodAccessorImpl.java:0) (first 15 tasks are for partitions Vector(0, 1, 2, 3))
26/05/18 15:42:12 INFO TaskSchedulerImpl: Adding task set 4.0 with 4 tasks resource profile 0
26/05/18 15:42:12 INFO TaskSetManager: Starting task 0.0 in stage 4.0 (TID 58) (10.42.1.64,executor 1, partition 0, PROCESS_LOCAL, 10863 bytes) 
26/05/18 15:42:12 INFO TaskSetManager: Starting task 1.0 in stage 4.0 (TID 59) (10.42.1.64,executor 1, partition 1, PROCESS_LOCAL, 10863 bytes) 
26/05/18 15:42:12 INFO TaskSetManager: Finished task 0.0 in stage 4.0 (TID 58) in 196 ms on 10.42.1.64 (executor 1) (1/4)
26/05/18 15:42:12 INFO TaskSetManager: Starting task 2.0 in stage 4.0 (TID 60) (10.42.1.64,executor 1, partition 2, PROCESS_LOCAL, 10863 bytes) 
26/05/18 15:42:12 INFO TaskSetManager: Finished task 1.0 in stage 4.0 (TID 59) in 200 ms on 10.42.1.64 (executor 1) (2/4)
26/05/18 15:42:13 INFO TaskSetManager: Starting task 3.0 in stage 4.0 (TID 61) (10.42.1.64,executor 1, partition 3, PROCESS_LOCAL, 10863 bytes) 
26/05/18 15:42:13 INFO TaskSetManager: Finished task 2.0 in stage 4.0 (TID 60) in 590 ms on 10.42.1.64 (executor 1) (3/4)
26/05/18 15:42:13 INFO TaskSetManager: Finished task 3.0 in stage 4.0 (TID 61) in 199 ms on 10.42.1.64 (executor 1) (4/4)
26/05/18 15:42:13 INFO TaskSchedulerImpl: Removed TaskSet 4.0 whose tasks have all completed, from pool 
26/05/18 15:42:13 INFO DAGScheduler: ResultStage 4 (start at NativeMethodAccessorImpl.java:0) finished in 1276 ms
26/05/18 15:42:13 INFO DAGScheduler: Job 3 is finished. Cancelling potential speculative or zombie tasks for this job
26/05/18 15:42:13 INFO TaskSchedulerImpl: Canceling stage 4
26/05/18 15:42:13 INFO TaskSchedulerImpl: Killing all running tasks in stage 4: Stage finished
26/05/18 15:42:13 INFO DAGScheduler: Job 3 finished: start at NativeMethodAccessorImpl.java:0, took 1278.000936 ms
26/05/18 15:42:13 INFO DeltaFileFormatWriter: Start to commit write Job e7c2aba6-9781-495f-b0e8-2c06cd73cf56.
26/05/18 15:42:13 INFO DeltaFileFormatWriter: Write Job e7c2aba6-9781-495f-b0e8-2c06cd73cf56 committed. Elapsed time: 0 ms.
26/05/18 15:42:13 INFO DeltaFileFormatWriter: Finished processing stats for write job e7c2aba6-9781-495f-b0e8-2c06cd73cf56.
26/05/18 15:42:13 INFO DeltaSink: Wrote 4 files, with total size 21254, 6 logical records, duration=1697 ms.
26/05/18 15:42:13 INFO OptimisticTransaction: [tableId=e54c2914,txnId=eb20454a] Attempting to commit version 1 with 6 actions with Serializable isolation level
26/05/18 15:42:13 INFO OptimisticTransaction: Incremental commit: starting with snapshot version 0
26/05/18 15:42:13 INFO DeltaLog: Creating a new snapshot v1 for commit version 1
26/05/18 15:42:13 INFO DeltaLog: Loading version 1.
26/05/18 15:42:13 INFO Snapshot: [tableId=e54c2914-4281-4b97-a14f-d4cd8e512b01] Created snapshot Snapshot(path=s3a://lakehouse/benchmark/bronze/20260518T154052Z/low/started/_delta_log, version=1, metadata=Metadata(e54c2914-4281-4b97-a14f-d4cd8e512b01,null,null,Format(parquet,Map()),{"type":"struct","fields":[{"name":"event_id","type":"string","nullable":true,"metadata":{}},{"name":"event_type","type":"string","nullable":true,"metadata":{}},{"name":"schema_version","type":"string","nullable":true,"metadata":{}},{"name":"trip_id","type":"string","nullable":true,"metadata":{}},{"name":"source_file","type":"string","nullable":true,"metadata":{}},{"name":"ingest_mode","type":"string","nullable":true,"metadata":{}},{"name":"ingest_timestamp","type":"timestamp","nullable":true,"metadata":{}},{"name":"event_time","type":"timestamp","nullable":true,"metadata":{}},{"name":"trip_date","type":"string","nullable":true,"metadata":{}},{"name":"vendor_id","type":"integer","nullable":true,"metadata":{}},{"name":"pickup_datetime","type":"timestamp","nullable":true,"metadata":{}},{"name":"passenger_count","type":"long","nullable":true,"metadata":{}},{"name":"pulocation_id","type":"integer","nullable":true,"metadata":{}},{"name":"dolocation_id","type":"integer","nullable":true,"metadata":{}}]},List(),Map(),Some(1779118886752)), logSegment=LogSegment(s3a://lakehouse/benchmark/bronze/20260518T154052Z/low/started/_delta_log,1,ArraySeq(S3AFileStatus{path=s3a://lakehouse/benchmark/bronze/20260518T154052Z/low/started/_delta_log/00000000000000000000.json; isDirectory=false; length=10954; replication=1; blocksize=33554432; modification_time=1779118909098; access_time=0; owner=spark; group=spark; permission=rw-rw-rw-; isSymlink=false; hasAcl=false; isEncrypted=true; isErasureCoded=false} isEmptyDirectory=FALSE eTag="2dc840860c22af6901e80b07ffd4ef78" versionId=null, S3AFileStatus{path=s3a://lakehouse/benchmark/bronze/20260518T154052Z/low/started/_delta_log/00000000000000000001.json; isDirectory=false; length=6534; replication=1; blocksize=33554432; modification_time=1779118933000; access_time=0; owner=spark; group=spark; permission=rw-rw-rw-; isSymlink=false; hasAcl=false; isEncrypted=true; isErasureCoded=false} isEmptyDirectory=FALSE eTag="12e73076721d9b91785d3f2f712039e1" versionId=null),org.apache.spark.sql.delta.EmptyCheckpointProvider$@664c2564,1779118933000), checksumOpt=Some(VersionChecksum(Some(eb20454a-71b2-4bf6-80cf-9d108f1155d8),106785,10,None,None,1,1,None,Some(List(SetTransaction(4c71fffa-098f-430a-acdb-8cf33542b27e,1,Some(1779118933400)))),Some(List()),Metadata(e54c2914-4281-4b97-a14f-d4cd8e512b01,null,null,Format(parquet,Map()),{"type":"struct","fields":[{"name":"event_id","type":"string","nullable":true,"metadata":{}},{"name":"event_type","type":"string","nullable":true,"metadata":{}},{"name":"schema_version","type":"string","nullable":true,"metadata":{}},{"name":"trip_id","type":"string","nullable":true,"metadata":{}},{"name":"source_file","type":"string","nullable":true,"metadata":{}},{"name":"ingest_mode","type":"string","nullable":true,"metadata":{}},{"name":"ingest_timestamp","type":"timestamp","nullable":true,"metadata":{}},{"name":"event_time","type":"timestamp","nullable":true,"metadata":{}},{"name":"trip_date","type":"string","nullable":true,"metadata":{}},{"name":"vendor_id","type":"integer","nullable":true,"metadata":{}},{"name":"pickup_datetime","type":"timestamp","nullable":true,"metadata":{}},{"name":"passenger_count","type":"long","nullable":true,"metadata":{}},{"name":"pulocation_id","type":"integer","nullable":true,"metadata":{}},{"name":"dolocation_id","type":"integer","nullable":true,"metadata":{}}]},List(),Map(),Some(1779118886752)),Protocol(1,2),None,None,Some(List(AddFile(part-00005-56447017-32c5-4b7e-b9ab-d59860935c92-c000.snappy.parquet,Map(),13745,1779118908000,false,{"numRecords":58,"minValues":{"event_id":"1455410b53ba26496dd8268d814efb0d","event_type":"trip_started","schema_version":"2.0","trip_id":"055d4dc21a238c32a1173721d4ca04f8","source_file":"yellow_tripdata_2024-09.parquet","ingest_mode":"streaming","ingest_timestamp":"2026-05-18T15:30:33.344Z","event_time":"2024-08-31T23:41:24.000Z","trip_date":"2024-08-31","vendor_id":1,"pickup_datetime":"2024-08-31T23:41:24.000Z","passenger_count":1,"pulocation_id":4,"dolocation_id":13},"maxValues":{"event_id":"fc33a45f23b40ebd214e1bfc68a49bcb","event_type":"trip_started","schema_version":"2.0","trip_id":"fe2349c4e6416804cff94b8f71437d80","source_file":"yellow_tripdata_2024-09.parquet","ingest_mode":"streaming","ingest_timestamp":"2026-05-18T15:39:01.111Z","event_time":"2024-09-01T00:03:38.000Z","trip_date":"2024-09-01","vendor_id":2,"pickup_datetime":"2024-09-01T00:03:38.000Z","passenger_count":5,"pulocation_id":263,"dolocation_id":261},"nullCount":{"event_id":0,"event_type":0,"schema_version":0,"trip_id":0,"source_file":0,"ingest_mode":0,"ingest_timestamp":0,"event_time":0,"trip_date":0,"vendor_id":0,"pickup_datetime":0,"passenger_count":7,"pulocation_id":0,"dolocation_id":0}},null,null,None,None,None), AddFile(part-00000-08aad25c-9cc6-4b91-9c29-ef1ada60ea60-c000.snappy.parquet,Map(),16483,1779118902000,false,{"numRecords":73,"minValues":{"event_id":"0212d8086261a2018cb807d1a4d7a46b","event_type":"trip_started","schema_version":"2.0","trip_id":"031b404c98f442710d2269c0a06824fd","source_file":"yellow_tripdata_2024-09.parquet","ingest_mode":"streaming","ingest_timestamp":"2026-05-18T15:30:18.343Z","event_time":"2024-08-31T23:16:36.000Z","trip_date":"2024-08-31","vendor_id":1,"pickup_datetime":"2024-08-31T23:16:36.000Z","passenger_count":1,"pulocation_id":41,"dolocation_id":15},"maxValues":{"event_id":"febc668d372ab0492f5c4e7165b45be2","event_type":"trip_started","schema_version":"2.0","trip_id":"f8cfd09088ab01f1042a890d127bfcca","source_file":"yellow_tripdata_2024-09.parquet","ingest_mode":"streaming","ingest_timestamp":"2026-05-18T15:41:12.372Z","event_time":"2024-09-01T00:03:44.000Z","trip_date":"2024-09-01","vendor_id":2,"pickup_datetime":"2024-09-01T00:03:44.000Z","passenger_count":5,"pulocation_id":249,"dolocation_id":265},"nullCount":{"event_id":0,"event_type":0,"schema_version":0,"trip_id":0,"source_file":0,"ingest_mode":0,"ingest_timestamp":0,"event_time":0,"trip_date":0,"vendor_id":0,"pickup_datetime":0,"passenger_count":7,"pulocation_id":0,"dolocation_id":0}},null,null,None,None,None), AddFile(part-00003-40e0630d-6fe9-4e39-9602-a33736b745ca-c000.snappy.parquet,Map(),5316,1779118933000,false,{"numRecords":2,"minValues":{"event_id":"3a11c04f3f86a8a2ed90c5835f8fcb0c","event_type":"trip_started","schema_version":"2.0","trip_id":"5ea4134ac6f17edb7f639fc94f24acac","source_file":"yellow_tripdata_2024-09.parquet","ingest_mode":"streaming","ingest_timestamp":"2026-05-18T15:41:27.373Z","event_time":"2024-08-31T23:41:24.000Z","trip_date":"2024-08-31","vendor_id":2,"pickup_datetime":"2024-08-31T23:41:24.000Z","passenger_count":1,"pulocation_id":100,"dolocation_id":42},"maxValues":{"event_id":"810ea42e4364ec7ab0e87ebf0400ae41","event_type":"trip_started","schema_version":"2.0","trip_id":"72cf0cd11b66424f5d72b72df8a87924","source_file":"yellow_tripdata_2024-09.parquet","ingest_mode":"streaming","ingest_timestamp":"2026-05-18T15:41:44.574Z","event_time":"2024-08-31T23:47:25.000Z","trip_date":"2024-08-31","vendor_id":2,"pickup_datetime":"2024-08-31T23:47:25.000Z","passenger_count":1,"pulocation_id":230,"dolocation_id":100},"nullCount":{"event_id":0,"event_type":0,"schema_version":0,"trip_id":0,"source_file":0,"ingest_mode":0,"ingest_timestamp":0,"event_time":0,"trip_date":0,"vendor_id":0,"pickup_datetime":0,"passenger_count":0,"pulocation_id":0,"dolocation_id":0}},null,null,None,None,None), AddFile(part-00004-bf95d00f-7224-4d19-8506-bb804d74ba69-c000.snappy.parquet,Map(),16203,1779118907000,false,{"numRecords":67,"minValues":{"event_id":"00f4412c4abb87a7edb991f16b8e3872","event_type":"trip_started","schema_version":"2.0","trip_id":"0106a3fdc6d124355ddbc3170eb7fa9d","source_file":"yellow_tripdata_2024-09.parquet","ingest_mode":"streaming","ingest_timestamp":"2026-05-18T15:30:55.546Z","event_time":"2024-08-31T23:48:15.000Z","trip_date":"2024-08-31","vendor_id":1,"pickup_datetime":"2024-08-31T23:48:15.000Z","passenger_count":0,"pulocation_id":41,"dolocation_id":4},"maxValues":{"event_id":"ffa973e5c6626d9b56f1d9367abd3987","event_type":"trip_started","schema_version":"2.0","trip_id":"fc82163fbf256ca3108569d8f7fa673b","source_file":"yellow_tripdata_2024-09.parquet","ingest_mode":"streaming","ingest_timestamp":"2026-05-18T15:39:10.112Z","event_time":"2024-09-01T00:03:47.000Z","trip_date":"2024-09-01","vendor_id":2,"pickup_datetime":"2024-09-01T00:03:47.000Z","passenger_count":5,"pulocation_id":255,"dolocation_id":263},"nullCount":{"event_id":0,"event_type":0,"schema_version":0,"trip_id":0,"source_file":0,"ingest_mode":0,"ingest_timestamp":0,"event_time":0,"trip_date":0,"vendor_id":0,"pickup_datetime":0,"passenger_count":12,"pulocation_id":0,"dolocation_id":0}},null,null,None,None,None), AddFile(part-00000-ac8a9b1d-58d7-4719-9e76-5f8fbe428c56-c000.snappy.parquet,Map(),5289,1779118932000,false,{"numRecords":2,"minValues":{"event_id":"0e42e0a8ff68c0593e5f62fe564cc867","event_type":"trip_started","schema_version":"2.0","trip_id":"74cc4dc0356999a5051ffc06fe590ba0","source_file":"yellow_tripdata_2024-09.parquet","ingest_mode":"streaming","ingest_timestamp":"2026-05-18T15:41:32.373Z","event_time":"2024-08-31T23:45:56.000Z","trip_date":"2024-08-31","vendor_id":2,"pickup_datetime":"2024-08-31T23:45:56.000Z","passenger_count":1,"pulocation_id":24,"dolocation_id":24},"maxValues":{"event_id":"20f272b57abcb77396229a1f4f79d2a6","event_type":"trip_started","schema_version":"2.0","trip_id":"7e4582c034b9714ccbb8b7972ee7452a","source_file":"yellow_tripdata_2024-09.parquet","ingest_mode":"streaming","ingest_timestamp":"2026-05-18T15:41:40.774Z","event_time":"2024-08-31T23:47:06.000Z","trip_date":"2024-08-31","vendor_id":2,"pickup_datetime":"2024-08-31T23:47:06.000Z","passenger_count":6,"pulocation_id":142,"dolocation_id":162},"nullCount":{"event_id":0,"event_type":0,"schema_version":0,"trip_id":0,"source_file":0,"ingest_mode":0,"ingest_timestamp":0,"event_time":0,"trip_date":0,"vendor_id":0,"pickup_datetime":0,"passenger_count":0,"pulocation_id":0,"dolocation_id":0}},null,null,None,None,None), AddFile(part-00001-3e08f1a9-004f-4148-96c2-ce39df27dafa-c000.snappy.parquet,Map(),5324,1779118932000,false,{"numRecords":1,"minValues":{"event_id":"49fd4523f0edf3af6db90b980f85b44b","event_type":"trip_started","schema_version":"2.0","trip_id":"a81a5f72bed880eb1011e846ec08a7b3","source_file":"yellow_tripdata_2024-09.parquet","ingest_mode":"streaming","ingest_timestamp":"2026-05-18T15:41:32.373Z","event_time":"2024-08-31T23:45:56.000Z","trip_date":"2024-08-31","vendor_id":2,"pickup_datetime":"2024-08-31T23:45:56.000Z","passenger_count":1,"pulocation_id":24,"dolocation_id":24},"maxValues":{"event_id":"49fd4523f0edf3af6db90b980f85b44b","event_type":"trip_started","schema_version":"2.0","trip_id":"a81a5f72bed880eb1011e846ec08a7b3","source_file":"yellow_tripdata_2024-09.parquet","ingest_mode":"streaming","ingest_timestamp":"2026-05-18T15:41:32.373Z","event_time":"2024-08-31T23:45:56.000Z","trip_date":"2024-08-31","vendor_id":2,"pickup_datetime":"2024-08-31T23:45:56.000Z","passenger_count":1,"pulocation_id":24,"dolocation_id":24},"nullCount":{"event_id":0,"event_type":0,"schema_version":0,"trip_id":0,"source_file":0,"ingest_mode":0,"ingest_timestamp":0,"event_time":0,"trip_date":0,"vendor_id":0,"pickup_datetime":0,"passenger_count":0,"pulocation_id":0,"dolocation_id":0}},null,null,None,None,None), AddFile(part-00002-d9b3fdfd-9a1c-4ba7-bce8-809853fb9b08-c000.snappy.parquet,Map(),5325,1779118933000,false,{"numRecords":1,"minValues":{"event_id":"c2b354f6093db075096dd7d6cd094124","event_type":"trip_started","schema_version":"2.0","trip_id":"2e493edb13c1adcaf6af648c66c05d11","source_file":"yellow_tripdata_2024-09.parquet","ingest_mode":"streaming","ingest_timestamp":"2026-05-18T15:41:49.575Z","event_time":"2024-08-31T23:48:15.000Z","trip_date":"2024-08-31","vendor_id":2,"pickup_datetime":"2024-08-31T23:48:15.000Z","passenger_count":1,"pulocation_id":87,"dolocation_id":232},"maxValues":{"event_id":"c2b354f6093db075096dd7d6cd094124","event_type":"trip_started","schema_version":"2.0","trip_id":"2e493edb13c1adcaf6af648c66c05d11","source_file":"yellow_tripdata_2024-09.parquet","ingest_mode":"streaming","ingest_timestamp":"2026-05-18T15:41:49.575Z","event_time":"2024-08-31T23:48:15.000Z","trip_date":"2024-08-31","vendor_id":2,"pickup_datetime":"2024-08-31T23:48:15.000Z","passenger_count":1,"pulocation_id":87,"dolocation_id":232},"nullCount":{"event_id":0,"event_type":0,"schema_version":0,"trip_id":0,"source_file":0,"ingest_mode":0,"ingest_timestamp":0,"event_time":0,"trip_date":0,"vendor_id":0,"pickup_datetime":0,"passenger_count":0,"pulocation_id":0,"dolocation_id":0}},null,null,None,None,None), AddFile(part-00003-b1b9f1d7-6ad3-4d3d-9129-31eff2c0ca88-c000.snappy.parquet,Map(),12843,1779118906000,false,{"numRecords":51,"minValues":{"event_id":"033a945818d220fae8d0f5ea06aade55","event_type":"trip_started","schema_version":"2.0","trip_id":"007211974f070e6081d820f78a892116","source_file":"yellow_tripdata_2024-09.parquet","ingest_mode":"streaming","ingest_timestamp":"2026-05-18T15:30:08.336Z","event_time":"2024-08-31T22:27:55.000Z","trip_date":"2024-08-31","vendor_id":1,"pickup_datetime":"2024-08-31T22:27:55.000Z","passenger_count":0,"pulocation_id":24,"dolocation_id":7},"maxValues":{"event_id":"f914c4bf2487bb514676e80f0e515e30","event_type":"trip_started","schema_version":"2.0","trip_id":"fd8556cf3a0c0a61eb48a4f6e35a55b5","source_file":"yellow_tripdata_2024-09.parquet","ingest_mode":"streaming","ingest_timestamp":"2026-05-18T15:41:02.366Z","event_time":"2024-09-01T00:03:39.000Z","trip_date":"2024-09-01","vendor_id":2,"pickup_datetime":"2024-09-01T00:03:39.000Z","passenger_count":5,"pulocation_id":249,"dolocation_id":265},"nullCount":{"event_id":0,"event_type":0,"schema_version":0,"trip_id":0,"source_file":0,"ingest_mode":0,"ingest_timestamp":0,"event_time":0,"trip_date":0,"vendor_id":0,"pickup_datetime":0,"passenger_count":11,"pulocation_id":0,"dolocation_id":0}},null,null,None,None,None), AddFile(part-00002-d9b630b8-3fe6-47f4-bef5-e312d5875278-c000.snappy.parquet,Map(),15373,1779118905000,false,{"numRecords":67,"minValues":{"event_id":"011a460cb5a25c4ee561b11bfa14604d","event_type":"trip_started","schema_version":"2.0","trip_id":"02a39a8e328190af69190a907699ab05","source_file":"yellow_tripdata_2024-09.parquet","ingest_mode":"streaming","ingest_timestamp":"2026-05-18T15:30:23.343Z","event_time":"2024-08-31T23:31:22.000Z","trip_date":"2024-08-31","vendor_id":1,"pickup_datetime":"2024-08-31T23:31:22.000Z","passenger_count":0,"pulocation_id":24,"dolocation_id":7},"maxValues":{"event_id":"fb8fb0226b979d486aa1fe15bcadfd02","event_type":"trip_started","schema_version":"2.0","trip_id":"ff8ff4056149324b8cb6441936211b7a","source_file":"yellow_tripdata_2024-09.parquet","ingest_mode":"streaming","ingest_timestamp":"2026-05-18T15:41:17.372Z","event_time":"2024-09-01T00:03:44.000Z","trip_date":"2024-09-01","vendor_id":2,"pickup_datetime":"2024-09-01T00:03:44.000Z","passenger_count":6,"pulocation_id":265,"dolocation_id":265},"nullCount":{"event_id":0,"event_type":0,"schema_version":0,"trip_id":0,"source_file":0,"ingest_mode":0,"ingest_timestamp":0,"event_time":0,"trip_date":0,"vendor_id":0,"pickup_datetime":0,"passenger_count":7,"pulocation_id":0,"dolocation_id":0}},null,null,None,None,None), AddFile(part-00001-25597aa3-37ba-4ada-a57e-d65085251b3f-c000.snappy.parquet,Map(),10884,1779118904000,false,{"numRecords":36,"minValues":{"event_id":"00bb01354109838b627c857eebe80dc2","event_type":"trip_started","schema_version":"2.0","trip_id":"0151b1434bda3c8918caec4e7800368d","source_file":"yellow_tripdata_2024-09.parquet","ingest_mode":"streaming","ingest_timestamp":"2026-05-18T15:31:05.546Z","event_time":"2024-08-31T23:49:47.000Z","trip_date":"2024-08-31","vendor_id":1,"pickup_datetime":"2024-08-31T23:49:47.000Z","passenger_count":0,"pulocation_id":68,"dolocation_id":45},"maxValues":{"event_id":"fc777a5f3c65c6d093b9336703c5e846","event_type":"trip_started","schema_version":"2.0","trip_id":"febc1b1d83b45aebc128b44d8bf1e48d","source_file":"yellow_tripdata_2024-09.parquet","ingest_mode":"streaming","ingest_timestamp":"2026-05-18T15:38:55.109Z","event_time":"2024-09-01T00:03:32.000Z","trip_date":"2024-09-01","vendor_id":2,"pickup_datetime":"2024-09-01T00:03:32.000Z","passenger_count":5,"pulocation_id":263,"dolocation_id":265},"nullCount":{"event_id":0,"event_type":0,"schema_version":0,"trip_id":0,"source_file":0,"ingest_mode":0,"ingest_timestamp":0,"event_time":0,"trip_date":0,"vendor_id":0,"pickup_datetime":0,"passenger_count":3,"pulocation_id":0,"dolocation_id":0}},null,null,None,None,None))))))
26/05/18 15:42:13 INFO DeltaLog: Updated snapshot to Snapshot(path=s3a://lakehouse/benchmark/bronze/20260518T154052Z/low/started/_delta_log, version=1, metadata=Metadata(e54c2914-4281-4b97-a14f-d4cd8e512b01,null,null,Format(parquet,Map()),{"type":"struct","fields":[{"name":"event_id","type":"string","nullable":true,"metadata":{}},{"name":"event_type","type":"string","nullable":true,"metadata":{}},{"name":"schema_version","type":"string","nullable":true,"metadata":{}},{"name":"trip_id","type":"string","nullable":true,"metadata":{}},{"name":"source_file","type":"string","nullable":true,"metadata":{}},{"name":"ingest_mode","type":"string","nullable":true,"metadata":{}},{"name":"ingest_timestamp","type":"timestamp","nullable":true,"metadata":{}},{"name":"event_time","type":"timestamp","nullable":true,"metadata":{}},{"name":"trip_date","type":"string","nullable":true,"metadata":{}},{"name":"vendor_id","type":"integer","nullable":true,"metadata":{}},{"name":"pickup_datetime","type":"timestamp","nullable":true,"metadata":{}},{"name":"passenger_count","type":"long","nullable":true,"metadata":{}},{"name":"pulocation_id","type":"integer","nullable":true,"metadata":{}},{"name":"dolocation_id","type":"integer","nullable":true,"metadata":{}}]},List(),Map(),Some(1779118886752)), logSegment=LogSegment(s3a://lakehouse/benchmark/bronze/20260518T154052Z/low/started/_delta_log,1,ArraySeq(S3AFileStatus{path=s3a://lakehouse/benchmark/bronze/20260518T154052Z/low/started/_delta_log/00000000000000000000.json; isDirectory=false; length=10954; replication=1; blocksize=33554432; modification_time=1779118909098; access_time=0; owner=spark; group=spark; permission=rw-rw-rw-; isSymlink=false; hasAcl=false; isEncrypted=true; isErasureCoded=false} isEmptyDirectory=FALSE eTag="2dc840860c22af6901e80b07ffd4ef78" versionId=null, S3AFileStatus{path=s3a://lakehouse/benchmark/bronze/20260518T154052Z/low/started/_delta_log/00000000000000000001.json; isDirectory=false; length=6534; replication=1; blocksize=33554432; modification_time=1779118933000; access_time=0; owner=spark; group=spark; permission=rw-rw-rw-; isSymlink=false; hasAcl=false; isEncrypted=true; isErasureCoded=false} isEmptyDirectory=FALSE eTag="12e73076721d9b91785d3f2f712039e1" versionId=null),org.apache.spark.sql.delta.EmptyCheckpointProvider$@664c2564,1779118933000), checksumOpt=Some(VersionChecksum(Some(eb20454a-71b2-4bf6-80cf-9d108f1155d8),106785,10,None,None,1,1,None,Some(List(SetTransaction(4c71fffa-098f-430a-acdb-8cf33542b27e,1,Some(1779118933400)))),Some(List()),Metadata(e54c2914-4281-4b97-a14f-d4cd8e512b01,null,null,Format(parquet,Map()),{"type":"struct","fields":[{"name":"event_id","type":"string","nullable":true,"metadata":{}},{"name":"event_type","type":"string","nullable":true,"metadata":{}},{"name":"schema_version","type":"string","nullable":true,"metadata":{}},{"name":"trip_id","type":"string","nullable":true,"metadata":{}},{"name":"source_file","type":"string","nullable":true,"metadata":{}},{"name":"ingest_mode","type":"string","nullable":true,"metadata":{}},{"name":"ingest_timestamp","type":"timestamp","nullable":true,"metadata":{}},{"name":"event_time","type":"timestamp","nullable":true,"metadata":{}},{"name":"trip_date","type":"string","nullable":true,"metadata":{}},{"name":"vendor_id","type":"integer","nullable":true,"metadata":{}},{"name":"pickup_datetime","type":"timestamp","nullable":true,"metadata":{}},{"name":"passenger_count","type":"long","nullable":true,"metadata":{}},{"name":"pulocation_id","type":"integer","nullable":true,"metadata":{}},{"name":"dolocation_id","type":"integer","nullable":true,"metadata":{}}]},List(),Map(),Some(1779118886752)),Protocol(1,2),None,None,Some(List(AddFile(part-00005-56447017-32c5-4b7e-b9ab-d59860935c92-c000.snappy.parquet,Map(),13745,1779118908000,false,{"numRecords":58,"minValues":{"event_id":"1455410b53ba26496dd8268d814efb0d","event_type":"trip_started","schema_version":"2.0","trip_id":"055d4dc21a238c32a1173721d4ca04f8","source_file":"yellow_tripdata_2024-09.parquet","ingest_mode":"streaming","ingest_timestamp":"2026-05-18T15:30:33.344Z","event_time":"2024-08-31T23:41:24.000Z","trip_date":"2024-08-31","vendor_id":1,"pickup_datetime":"2024-08-31T23:41:24.000Z","passenger_count":1,"pulocation_id":4,"dolocation_id":13},"maxValues":{"event_id":"fc33a45f23b40ebd214e1bfc68a49bcb","event_type":"trip_started","schema_version":"2.0","trip_id":"fe2349c4e6416804cff94b8f71437d80","source_file":"yellow_tripdata_2024-09.parquet","ingest_mode":"streaming","ingest_timestamp":"2026-05-18T15:39:01.111Z","event_time":"2024-09-01T00:03:38.000Z","trip_date":"2024-09-01","vendor_id":2,"pickup_datetime":"2024-09-01T00:03:38.000Z","passenger_count":5,"pulocation_id":263,"dolocation_id":261},"nullCount":{"event_id":0,"event_type":0,"schema_version":0,"trip_id":0,"source_file":0,"ingest_mode":0,"ingest_timestamp":0,"event_time":0,"trip_date":0,"vendor_id":0,"pickup_datetime":0,"passenger_count":7,"pulocation_id":0,"dolocation_id":0}},null,null,None,None,None), AddFile(part-00000-08aad25c-9cc6-4b91-9c29-ef1ada60ea60-c000.snappy.parquet,Map(),16483,1779118902000,false,{"numRecords":73,"minValues":{"event_id":"0212d8086261a2018cb807d1a4d7a46b","event_type":"trip_started","schema_version":"2.0","trip_id":"031b404c98f442710d2269c0a06824fd","source_file":"yellow_tripdata_2024-09.parquet","ingest_mode":"streaming","ingest_timestamp":"2026-05-18T15:30:18.343Z","event_time":"2024-08-31T23:16:36.000Z","trip_date":"2024-08-31","vendor_id":1,"pickup_datetime":"2024-08-31T23:16:36.000Z","passenger_count":1,"pulocation_id":41,"dolocation_id":15},"maxValues":{"event_id":"febc668d372ab0492f5c4e7165b45be2","event_type":"trip_started","schema_version":"2.0","trip_id":"f8cfd09088ab01f1042a890d127bfcca","source_file":"yellow_tripdata_2024-09.parquet","ingest_mode":"streaming","ingest_timestamp":"2026-05-18T15:41:12.372Z","event_time":"2024-09-01T00:03:44.000Z","trip_date":"2024-09-01","vendor_id":2,"pickup_datetime":"2024-09-01T00:03:44.000Z","passenger_count":5,"pulocation_id":249,"dolocation_id":265},"nullCount":{"event_id":0,"event_type":0,"schema_version":0,"trip_id":0,"source_file":0,"ingest_mode":0,"ingest_timestamp":0,"event_time":0,"trip_date":0,"vendor_id":0,"pickup_datetime":0,"passenger_count":7,"pulocation_id":0,"dolocation_id":0}},null,null,None,None,None), AddFile(part-00003-40e0630d-6fe9-4e39-9602-a33736b745ca-c000.snappy.parquet,Map(),5316,1779118933000,false,{"numRecords":2,"minValues":{"event_id":"3a11c04f3f86a8a2ed90c5835f8fcb0c","event_type":"trip_started","schema_version":"2.0","trip_id":"5ea4134ac6f17edb7f639fc94f24acac","source_file":"yellow_tripdata_2024-09.parquet","ingest_mode":"streaming","ingest_timestamp":"2026-05-18T15:41:27.373Z","event_time":"2024-08-31T23:41:24.000Z","trip_date":"2024-08-31","vendor_id":2,"pickup_datetime":"2024-08-31T23:41:24.000Z","passenger_count":1,"pulocation_id":100,"dolocation_id":42},"maxValues":{"event_id":"810ea42e4364ec7ab0e87ebf0400ae41","event_type":"trip_started","schema_version":"2.0","trip_id":"72cf0cd11b66424f5d72b72df8a87924","source_file":"yellow_tripdata_2024-09.parquet","ingest_mode":"streaming","ingest_timestamp":"2026-05-18T15:41:44.574Z","event_time":"2024-08-31T23:47:25.000Z","trip_date":"2024-08-31","vendor_id":2,"pickup_datetime":"2024-08-31T23:47:25.000Z","passenger_count":1,"pulocation_id":230,"dolocation_id":100},"nullCount":{"event_id":0,"event_type":0,"schema_version":0,"trip_id":0,"source_file":0,"ingest_mode":0,"ingest_timestamp":0,"event_time":0,"trip_date":0,"vendor_id":0,"pickup_datetime":0,"passenger_count":0,"pulocation_id":0,"dolocation_id":0}},null,null,None,None,None), AddFile(part-00004-bf95d00f-7224-4d19-8506-bb804d74ba69-c000.snappy.parquet,Map(),16203,1779118907000,false,{"numRecords":67,"minValues":{"event_id":"00f4412c4abb87a7edb991f16b8e3872","event_type":"trip_started","schema_version":"2.0","trip_id":"0106a3fdc6d124355ddbc3170eb7fa9d","source_file":"yellow_tripdata_2024-09.parquet","ingest_mode":"streaming","ingest_timestamp":"2026-05-18T15:30:55.546Z","event_time":"2024-08-31T23:48:15.000Z","trip_date":"2024-08-31","vendor_id":1,"pickup_datetime":"2024-08-31T23:48:15.000Z","passenger_count":0,"pulocation_id":41,"dolocation_id":4},"maxValues":{"event_id":"ffa973e5c6626d9b56f1d9367abd3987","event_type":"trip_started","schema_version":"2.0","trip_id":"fc82163fbf256ca3108569d8f7fa673b","source_file":"yellow_tripdata_2024-09.parquet","ingest_mode":"streaming","ingest_timestamp":"2026-05-18T15:39:10.112Z","event_time":"2024-09-01T00:03:47.000Z","trip_date":"2024-09-01","vendor_id":2,"pickup_datetime":"2024-09-01T00:03:47.000Z","passenger_count":5,"pulocation_id":255,"dolocation_id":263},"nullCount":{"event_id":0,"event_type":0,"schema_version":0,"trip_id":0,"source_file":0,"ingest_mode":0,"ingest_timestamp":0,"event_time":0,"trip_date":0,"vendor_id":0,"pickup_datetime":0,"passenger_count":12,"pulocation_id":0,"dolocation_id":0}},null,null,None,None,None), AddFile(part-00000-ac8a9b1d-58d7-4719-9e76-5f8fbe428c56-c000.snappy.parquet,Map(),5289,1779118932000,false,{"numRecords":2,"minValues":{"event_id":"0e42e0a8ff68c0593e5f62fe564cc867","event_type":"trip_started","schema_version":"2.0","trip_id":"74cc4dc0356999a5051ffc06fe590ba0","source_file":"yellow_tripdata_2024-09.parquet","ingest_mode":"streaming","ingest_timestamp":"2026-05-18T15:41:32.373Z","event_time":"2024-08-31T23:45:56.000Z","trip_date":"2024-08-31","vendor_id":2,"pickup_datetime":"2024-08-31T23:45:56.000Z","passenger_count":1,"pulocation_id":24,"dolocation_id":24},"maxValues":{"event_id":"20f272b57abcb77396229a1f4f79d2a6","event_type":"trip_started","schema_version":"2.0","trip_id":"7e4582c034b9714ccbb8b7972ee7452a","source_file":"yellow_tripdata_2024-09.parquet","ingest_mode":"streaming","ingest_timestamp":"2026-05-18T15:41:40.774Z","event_time":"2024-08-31T23:47:06.000Z","trip_date":"2024-08-31","vendor_id":2,"pickup_datetime":"2024-08-31T23:47:06.000Z","passenger_count":6,"pulocation_id":142,"dolocation_id":162},"nullCount":{"event_id":0,"event_type":0,"schema_version":0,"trip_id":0,"source_file":0,"ingest_mode":0,"ingest_timestamp":0,"event_time":0,"trip_date":0,"vendor_id":0,"pickup_datetime":0,"passenger_count":0,"pulocation_id":0,"dolocation_id":0}},null,null,None,None,None), AddFile(part-00001-3e08f1a9-004f-4148-96c2-ce39df27dafa-c000.snappy.parquet,Map(),5324,1779118932000,false,{"numRecords":1,"minValues":{"event_id":"49fd4523f0edf3af6db90b980f85b44b","event_type":"trip_started","schema_version":"2.0","trip_id":"a81a5f72bed880eb1011e846ec08a7b3","source_file":"yellow_tripdata_2024-09.parquet","ingest_mode":"streaming","ingest_timestamp":"2026-05-18T15:41:32.373Z","event_time":"2024-08-31T23:45:56.000Z","trip_date":"2024-08-31","vendor_id":2,"pickup_datetime":"2024-08-31T23:45:56.000Z","passenger_count":1,"pulocation_id":24,"dolocation_id":24},"maxValues":{"event_id":"49fd4523f0edf3af6db90b980f85b44b","event_type":"trip_started","schema_version":"2.0","trip_id":"a81a5f72bed880eb1011e846ec08a7b3","source_file":"yellow_tripdata_2024-09.parquet","ingest_mode":"streaming","ingest_timestamp":"2026-05-18T15:41:32.373Z","event_time":"2024-08-31T23:45:56.000Z","trip_date":"2024-08-31","vendor_id":2,"pickup_datetime":"2024-08-31T23:45:56.000Z","passenger_count":1,"pulocation_id":24,"dolocation_id":24},"nullCount":{"event_id":0,"event_type":0,"schema_version":0,"trip_id":0,"source_file":0,"ingest_mode":0,"ingest_timestamp":0,"event_time":0,"trip_date":0,"vendor_id":0,"pickup_datetime":0,"passenger_count":0,"pulocation_id":0,"dolocation_id":0}},null,null,None,None,None), AddFile(part-00002-d9b3fdfd-9a1c-4ba7-bce8-809853fb9b08-c000.snappy.parquet,Map(),5325,1779118933000,false,{"numRecords":1,"minValues":{"event_id":"c2b354f6093db075096dd7d6cd094124","event_type":"trip_started","schema_version":"2.0","trip_id":"2e493edb13c1adcaf6af648c66c05d11","source_file":"yellow_tripdata_2024-09.parquet","ingest_mode":"streaming","ingest_timestamp":"2026-05-18T15:41:49.575Z","event_time":"2024-08-31T23:48:15.000Z","trip_date":"2024-08-31","vendor_id":2,"pickup_datetime":"2024-08-31T23:48:15.000Z","passenger_count":1,"pulocation_id":87,"dolocation_id":232},"maxValues":{"event_id":"c2b354f6093db075096dd7d6cd094124","event_type":"trip_started","schema_version":"2.0","trip_id":"2e493edb13c1adcaf6af648c66c05d11","source_file":"yellow_tripdata_2024-09.parquet","ingest_mode":"streaming","ingest_timestamp":"2026-05-18T15:41:49.575Z","event_time":"2024-08-31T23:48:15.000Z","trip_date":"2024-08-31","vendor_id":2,"pickup_datetime":"2024-08-31T23:48:15.000Z","passenger_count":1,"pulocation_id":87,"dolocation_id":232},"nullCount":{"event_id":0,"event_type":0,"schema_version":0,"trip_id":0,"source_file":0,"ingest_mode":0,"ingest_timestamp":0,"event_time":0,"trip_date":0,"vendor_id":0,"pickup_datetime":0,"passenger_count":0,"pulocation_id":0,"dolocation_id":0}},null,null,None,None,None), AddFile(part-00003-b1b9f1d7-6ad3-4d3d-9129-31eff2c0ca88-c000.snappy.parquet,Map(),12843,1779118906000,false,{"numRecords":51,"minValues":{"event_id":"033a945818d220fae8d0f5ea06aade55","event_type":"trip_started","schema_version":"2.0","trip_id":"007211974f070e6081d820f78a892116","source_file":"yellow_tripdata_2024-09.parquet","ingest_mode":"streaming","ingest_timestamp":"2026-05-18T15:30:08.336Z","event_time":"2024-08-31T22:27:55.000Z","trip_date":"2024-08-31","vendor_id":1,"pickup_datetime":"2024-08-31T22:27:55.000Z","passenger_count":0,"pulocation_id":24,"dolocation_id":7},"maxValues":{"event_id":"f914c4bf2487bb514676e80f0e515e30","event_type":"trip_started","schema_version":"2.0","trip_id":"fd8556cf3a0c0a61eb48a4f6e35a55b5","source_file":"yellow_tripdata_2024-09.parquet","ingest_mode":"streaming","ingest_timestamp":"2026-05-18T15:41:02.366Z","event_time":"2024-09-01T00:03:39.000Z","trip_date":"2024-09-01","vendor_id":2,"pickup_datetime":"2024-09-01T00:03:39.000Z","passenger_count":5,"pulocation_id":249,"dolocation_id":265},"nullCount":{"event_id":0,"event_type":0,"schema_version":0,"trip_id":0,"source_file":0,"ingest_mode":0,"ingest_timestamp":0,"event_time":0,"trip_date":0,"vendor_id":0,"pickup_datetime":0,"passenger_count":11,"pulocation_id":0,"dolocation_id":0}},null,null,None,None,None), AddFile(part-00002-d9b630b8-3fe6-47f4-bef5-e312d5875278-c000.snappy.parquet,Map(),15373,1779118905000,false,{"numRecords":67,"minValues":{"event_id":"011a460cb5a25c4ee561b11bfa14604d","event_type":"trip_started","schema_version":"2.0","trip_id":"02a39a8e328190af69190a907699ab05","source_file":"yellow_tripdata_2024-09.parquet","ingest_mode":"streaming","ingest_timestamp":"2026-05-18T15:30:23.343Z","event_time":"2024-08-31T23:31:22.000Z","trip_date":"2024-08-31","vendor_id":1,"pickup_datetime":"2024-08-31T23:31:22.000Z","passenger_count":0,"pulocation_id":24,"dolocation_id":7},"maxValues":{"event_id":"fb8fb0226b979d486aa1fe15bcadfd02","event_type":"trip_started","schema_version":"2.0","trip_id":"ff8ff4056149324b8cb6441936211b7a","source_file":"yellow_tripdata_2024-09.parquet","ingest_mode":"streaming","ingest_timestamp":"2026-05-18T15:41:17.372Z","event_time":"2024-09-01T00:03:44.000Z","trip_date":"2024-09-01","vendor_id":2,"pickup_datetime":"2024-09-01T00:03:44.000Z","passenger_count":6,"pulocation_id":265,"dolocation_id":265},"nullCount":{"event_id":0,"event_type":0,"schema_version":0,"trip_id":0,"source_file":0,"ingest_mode":0,"ingest_timestamp":0,"event_time":0,"trip_date":0,"vendor_id":0,"pickup_datetime":0,"passenger_count":7,"pulocation_id":0,"dolocation_id":0}},null,null,None,None,None), AddFile(part-00001-25597aa3-37ba-4ada-a57e-d65085251b3f-c000.snappy.parquet,Map(),10884,1779118904000,false,{"numRecords":36,"minValues":{"event_id":"00bb01354109838b627c857eebe80dc2","event_type":"trip_started","schema_version":"2.0","trip_id":"0151b1434bda3c8918caec4e7800368d","source_file":"yellow_tripdata_2024-09.parquet","ingest_mode":"streaming","ingest_timestamp":"2026-05-18T15:31:05.546Z","event_time":"2024-08-31T23:49:47.000Z","trip_date":"2024-08-31","vendor_id":1,"pickup_datetime":"2024-08-31T23:49:47.000Z","passenger_count":0,"pulocation_id":68,"dolocation_id":45},"maxValues":{"event_id":"fc777a5f3c65c6d093b9336703c5e846","event_type":"trip_started","schema_version":"2.0","trip_id":"febc1b1d83b45aebc128b44d8bf1e48d","source_file":"yellow_tripdata_2024-09.parquet","ingest_mode":"streaming","ingest_timestamp":"2026-05-18T15:38:55.109Z","event_time":"2024-09-01T00:03:32.000Z","trip_date":"2024-09-01","vendor_id":2,"pickup_datetime":"2024-09-01T00:03:32.000Z","passenger_count":5,"pulocation_id":263,"dolocation_id":265},"nullCount":{"event_id":0,"event_type":0,"schema_version":0,"trip_id":0,"source_file":0,"ingest_mode":0,"ingest_timestamp":0,"event_time":0,"trip_date":0,"vendor_id":0,"pickup_datetime":0,"passenger_count":3,"pulocation_id":0,"dolocation_id":0}},null,null,None,None,None))))))
26/05/18 15:42:13 INFO MapPartitionsRDD: Removing RDD 17 from persistence list
26/05/18 15:42:13 INFO BlockManager: Removing RDD 17
26/05/18 15:42:13 INFO DeltaLogFileIndex: Created DeltaLogFileIndex(JSON, numFilesInSegment: 2, totalFileSize: 17488)
26/05/18 15:42:13 INFO OptimisticTransaction: [tableId=e54c2914,txnId=eb20454a] Committed delta #1 to s3a://lakehouse/benchmark/bronze/20260518T154052Z/low/started/_delta_log
26/05/18 15:42:13 INFO ChecksumHook: Writing checksum file for table path s3a://lakehouse/benchmark/bronze/20260518T154052Z/low/started/_delta_log version 1
26/05/18 15:42:13 INFO CheckpointFileManager: Writing atomically to s3a://lakehouse/benchmark/bronze/20260518T154052Z/low/started/_delta_log/00000000000000000001.crc using temp file s3a://lakehouse/benchmark/bronze/20260518T154052Z/low/started/_delta_log/.00000000000000000001.crc.f44d921d-a776-4750-b92a-cad2a4761c93.tmp
26/05/18 15:42:13 INFO CheckpointFileManager: Renamed temp file s3a://lakehouse/benchmark/bronze/20260518T154052Z/low/started/_delta_log/.00000000000000000001.crc.f44d921d-a776-4750-b92a-cad2a4761c93.tmp to s3a://lakehouse/benchmark/bronze/20260518T154052Z/low/started/_delta_log/00000000000000000001.crc
26/05/18 15:42:13 INFO DeltaSink: Committed transaction, batchId=1, duration=208 ms, added 4 files, removed 0 files.
26/05/18 15:42:13 INFO CheckpointFileManager: Writing atomically to s3a://lakehouse/_checkpoints/benchmark/20260518T154052Z/low/started/commits/1 using temp file s3a://lakehouse/_checkpoints/benchmark/20260518T154052Z/low/started/commits/.1.f704b2d1-dc91-48cf-ab01-18c85673c4e0.tmp
26/05/18 15:42:13 INFO CheckpointFileManager: Renamed temp file s3a://lakehouse/_checkpoints/benchmark/20260518T154052Z/low/started/commits/.1.f704b2d1-dc91-48cf-ab01-18c85673c4e0.tmp to s3a://lakehouse/_checkpoints/benchmark/20260518T154052Z/low/started/commits/1
26/05/18 15:42:13 INFO MicroBatchExecutionContext: Extracting source progress metrics for source=KafkaV2[Subscribe[nyc-taxi-trip-started]] took duration_ms=0
26/05/18 15:42:13 INFO MicroBatchExecutionContext: Extracting sink progress metrics for sink=DeltaSink[s3a://lakehouse/benchmark/bronze/20260518T154052Z/low/started] took duration_ms=0
26/05/18 15:42:13 INFO ProgressReporter: Streaming query made progress: {
  "id" : "4c71fffa-098f-430a-acdb-8cf33542b27e",
  "runId" : "115be754-ecb0-4808-843b-18c4b16f4924",
  "name" : null,
  "timestamp" : "2026-05-18T15:41:53.196Z",
  "batchId" : 1,
  "batchDuration" : 20519,
  "numInputRows" : 6,
  "inputRowsPerSecond" : 0.20315568497325118,
  "processedRowsPerSecond" : 0.2924119109118378,
  "durationMs" : {
    "addBatch" : 19703,
    "commitOffsets" : 105,
    "getBatch" : 0,
    "latestOffset" : 8,
    "queryPlanning" : 109,
    "triggerExecution" : 20518,
    "walCommit" : 590
  },
  "stateOperators" : [ ],
  "sources" : [ {
    "description" : "KafkaV2[Subscribe[nyc-taxi-trip-started]]",
    "startOffset" : {
      "nyc-taxi-trip-started" : {
        "0" : 73,
        "1" : 36,
        "2" : 51,
        "3" : 58,
        "4" : 67,
        "5" : 67
      }
    },
    "endOffset" : {
      "nyc-taxi-trip-started" : {
        "0" : 73,
        "1" : 36,
        "2" : 52,
        "3" : 60,
        "4" : 68,
        "5" : 69
      }
    },
    "latestOffset" : {
      "nyc-taxi-trip-started" : {
        "0" : 73,
        "1" : 36,
        "2" : 52,
        "3" : 60,
        "4" : 68,
        "5" : 69
      }
    },
    "numInputRows" : 6,
    "inputRowsPerSecond" : 0.20315568497325118,
    "processedRowsPerSecond" : 0.2924119109118378,
    "metrics" : {
      "avgOffsetsBehindLatest" : "0.0",
      "maxOffsetsBehindLatest" : "0",
      "minOffsetsBehindLatest" : "0"
    }
  } ],
  "sink" : {
    "description" : "DeltaSink[s3a://lakehouse/benchmark/bronze/20260518T154052Z/low/started]",
    "numOutputRows" : -1
  }
}
26/05/18 15:42:13 WARN ProcessingTimeExecutor: Current batch is falling behind. The trigger interval is 10000} milliseconds, but spent 20520 milliseconds
26/05/18 15:42:13 INFO CheckpointFileManager: Writing atomically to s3a://lakehouse/_checkpoints/benchmark/20260518T154052Z/low/started/offsets/2 using temp file s3a://lakehouse/_checkpoints/benchmark/20260518T154052Z/low/started/offsets/.2.faa61e05-fa5f-4995-bfd5-b5e9404a99f0.tmp
26/05/18 15:42:13 INFO CheckpointFileManager: Renamed temp file s3a://lakehouse/_checkpoints/benchmark/20260518T154052Z/low/started/offsets/.2.faa61e05-fa5f-4995-bfd5-b5e9404a99f0.tmp to s3a://lakehouse/_checkpoints/benchmark/20260518T154052Z/low/started/offsets/2
26/05/18 15:42:13 INFO MicroBatchExecution: Committed offsets for batch 2. Metadata OffsetSeqMetadata(0,1779118933723,HashMap(spark.sql.streaming.stateStore.providerClass -> org.apache.spark.sql.execution.streaming.state.HDFSBackedStateStoreProvider, spark.sql.streaming.stateStore.rocksdb.formatVersion -> 5, spark.sql.streaming.stateStore.encodingFormat -> unsaferow, spark.sql.streaming.statefulOperator.useStrictDistribution -> true, spark.sql.streaming.flatMapGroupsWithState.stateFormatVersion -> 2, spark.sql.streaming.multipleWatermarkPolicy -> min, spark.sql.streaming.aggregation.stateFormatVersion -> 2, spark.sql.shuffle.partitions -> 4, spark.sql.streaming.join.stateFormatVersion -> 2, spark.sql.streaming.stateStore.compression.codec -> lz4, spark.sql.optimizer.pruneFiltersCanPruneStreamingSubplan -> false))
[benchmark][spark_progress] {"add_batch_ms": 19703, "batch_id": 1, "end_offset": {"nyc-taxi-trip-started": {"0": 73, "1": 36, "2": 52, "3": 60, "4": 68, "5": 69}}, "event_kind": "started", "get_batch_ms": 0, "input_rows_per_second": 0.20315568497325118, "kafka_group_id": "nyc-taxi-bench-low-20260518T154052Z-started", "latest_offset": {"nyc-taxi-trip-started": {"0": 73, "1": 36, "2": 52, "3": 60, "4": 68, "5": 69}}, "metric_type": "spark_microbatch_progress", "num_input_rows": 6, "processed_rows_per_second": 0.2924119109118378, "start_offset": {"nyc-taxi-trip-started": {"0": 73, "1": 36, "2": 51, "3": 58, "4": 67, "5": 67}}, "timestamp": "2026-05-18T15:41:53.196Z", "topic": "nyc-taxi-trip-started", "trigger_execution_ms": 20518}
26/05/18 15:42:14 INFO DeltaLog: Loading version 1.
26/05/18 15:42:14 INFO Snapshot: [tableId=e54c2914-4281-4b97-a14f-d4cd8e512b01] Created snapshot Snapshot(path=s3a://lakehouse/benchmark/bronze/20260518T154052Z/low/started/_delta_log, version=1, metadata=Metadata(e54c2914-4281-4b97-a14f-d4cd8e512b01,null,null,Format(parquet,Map()),{"type":"struct","fields":[{"name":"event_id","type":"string","nullable":true,"metadata":{}},{"name":"event_type","type":"string","nullable":true,"metadata":{}},{"name":"schema_version","type":"string","nullable":true,"metadata":{}},{"name":"trip_id","type":"string","nullable":true,"metadata":{}},{"name":"source_file","type":"string","nullable":true,"metadata":{}},{"name":"ingest_mode","type":"string","nullable":true,"metadata":{}},{"name":"ingest_timestamp","type":"timestamp","nullable":true,"metadata":{}},{"name":"event_time","type":"timestamp","nullable":true,"metadata":{}},{"name":"trip_date","type":"string","nullable":true,"metadata":{}},{"name":"vendor_id","type":"integer","nullable":true,"metadata":{}},{"name":"pickup_datetime","type":"timestamp","nullable":true,"metadata":{}},{"name":"passenger_count","type":"long","nullable":true,"metadata":{}},{"name":"pulocation_id","type":"integer","nullable":true,"metadata":{}},{"name":"dolocation_id","type":"integer","nullable":true,"metadata":{}}]},List(),Map(),Some(1779118886752)), logSegment=LogSegment(s3a://lakehouse/benchmark/bronze/20260518T154052Z/low/started/_delta_log,1,ArraySeq(S3AFileStatus{path=s3a://lakehouse/benchmark/bronze/20260518T154052Z/low/started/_delta_log/00000000000000000000.json; isDirectory=false; length=10954; replication=1; blocksize=33554432; modification_time=1779118909098; access_time=0; owner=spark; group=spark; permission=rw-rw-rw-; isSymlink=false; hasAcl=false; isEncrypted=true; isErasureCoded=false} isEmptyDirectory=FALSE eTag="2dc840860c22af6901e80b07ffd4ef78" versionId=null, S3AFileStatus{path=s3a://lakehouse/benchmark/bronze/20260518T154052Z/low/started/_delta_log/00000000000000000001.json; isDirectory=false; length=6534; replication=1; blocksize=33554432; modification_time=1779118933421; access_time=0; owner=spark; group=spark; permission=rw-rw-rw-; isSymlink=false; hasAcl=false; isEncrypted=true; isErasureCoded=false} isEmptyDirectory=FALSE eTag="12e73076721d9b91785d3f2f712039e1" versionId=null),org.apache.spark.sql.delta.EmptyCheckpointProvider$@664c2564,1779118933421), checksumOpt=Some(VersionChecksum(Some(eb20454a-71b2-4bf6-80cf-9d108f1155d8),106785,10,None,None,1,1,None,Some(List(SetTransaction(4c71fffa-098f-430a-acdb-8cf33542b27e,1,Some(1779118933400)))),Some(List()),Metadata(e54c2914-4281-4b97-a14f-d4cd8e512b01,null,null,Format(parquet,Map()),{"type":"struct","fields":[{"name":"event_id","type":"string","nullable":true,"metadata":{}},{"name":"event_type","type":"string","nullable":true,"metadata":{}},{"name":"schema_version","type":"string","nullable":true,"metadata":{}},{"name":"trip_id","type":"string","nullable":true,"metadata":{}},{"name":"source_file","type":"string","nullable":true,"metadata":{}},{"name":"ingest_mode","type":"string","nullable":true,"metadata":{}},{"name":"ingest_timestamp","type":"timestamp","nullable":true,"metadata":{}},{"name":"event_time","type":"timestamp","nullable":true,"metadata":{}},{"name":"trip_date","type":"string","nullable":true,"metadata":{}},{"name":"vendor_id","type":"integer","nullable":true,"metadata":{}},{"name":"pickup_datetime","type":"timestamp","nullable":true,"metadata":{}},{"name":"passenger_count","type":"long","nullable":true,"metadata":{}},{"name":"pulocation_id","type":"integer","nullable":true,"metadata":{}},{"name":"dolocation_id","type":"integer","nullable":true,"metadata":{}}]},List(),Map(),Some(1779118886752)),Protocol(1,2),None,None,Some(List(AddFile(part-00005-56447017-32c5-4b7e-b9ab-d59860935c92-c000.snappy.parquet,Map(),13745,1779118908000,false,{"numRecords":58,"minValues":{"event_id":"1455410b53ba26496dd8268d814efb0d","event_type":"trip_started","schema_version":"2.0","trip_id":"055d4dc21a238c32a1173721d4ca04f8","source_file":"yellow_tripdata_2024-09.parquet","ingest_mode":"streaming","ingest_timestamp":"2026-05-18T15:30:33.344Z","event_time":"2024-08-31T23:41:24.000Z","trip_date":"2024-08-31","vendor_id":1,"pickup_datetime":"2024-08-31T23:41:24.000Z","passenger_count":1,"pulocation_id":4,"dolocation_id":13},"maxValues":{"event_id":"fc33a45f23b40ebd214e1bfc68a49bcb","event_type":"trip_started","schema_version":"2.0","trip_id":"fe2349c4e6416804cff94b8f71437d80","source_file":"yellow_tripdata_2024-09.parquet","ingest_mode":"streaming","ingest_timestamp":"2026-05-18T15:39:01.111Z","event_time":"2024-09-01T00:03:38.000Z","trip_date":"2024-09-01","vendor_id":2,"pickup_datetime":"2024-09-01T00:03:38.000Z","passenger_count":5,"pulocation_id":263,"dolocation_id":261},"nullCount":{"event_id":0,"event_type":0,"schema_version":0,"trip_id":0,"source_file":0,"ingest_mode":0,"ingest_timestamp":0,"event_time":0,"trip_date":0,"vendor_id":0,"pickup_datetime":0,"passenger_count":7,"pulocation_id":0,"dolocation_id":0}},null,null,None,None,None), AddFile(part-00000-08aad25c-9cc6-4b91-9c29-ef1ada60ea60-c000.snappy.parquet,Map(),16483,1779118902000,false,{"numRecords":73,"minValues":{"event_id":"0212d8086261a2018cb807d1a4d7a46b","event_type":"trip_started","schema_version":"2.0","trip_id":"031b404c98f442710d2269c0a06824fd","source_file":"yellow_tripdata_2024-09.parquet","ingest_mode":"streaming","ingest_timestamp":"2026-05-18T15:30:18.343Z","event_time":"2024-08-31T23:16:36.000Z","trip_date":"2024-08-31","vendor_id":1,"pickup_datetime":"2024-08-31T23:16:36.000Z","passenger_count":1,"pulocation_id":41,"dolocation_id":15},"maxValues":{"event_id":"febc668d372ab0492f5c4e7165b45be2","event_type":"trip_started","schema_version":"2.0","trip_id":"f8cfd09088ab01f1042a890d127bfcca","source_file":"yellow_tripdata_2024-09.parquet","ingest_mode":"streaming","ingest_timestamp":"2026-05-18T15:41:12.372Z","event_time":"2024-09-01T00:03:44.000Z","trip_date":"2024-09-01","vendor_id":2,"pickup_datetime":"2024-09-01T00:03:44.000Z","passenger_count":5,"pulocation_id":249,"dolocation_id":265},"nullCount":{"event_id":0,"event_type":0,"schema_version":0,"trip_id":0,"source_file":0,"ingest_mode":0,"ingest_timestamp":0,"event_time":0,"trip_date":0,"vendor_id":0,"pickup_datetime":0,"passenger_count":7,"pulocation_id":0,"dolocation_id":0}},null,null,None,None,None), AddFile(part-00003-40e0630d-6fe9-4e39-9602-a33736b745ca-c000.snappy.parquet,Map(),5316,1779118933000,false,{"numRecords":2,"minValues":{"event_id":"3a11c04f3f86a8a2ed90c5835f8fcb0c","event_type":"trip_started","schema_version":"2.0","trip_id":"5ea4134ac6f17edb7f639fc94f24acac","source_file":"yellow_tripdata_2024-09.parquet","ingest_mode":"streaming","ingest_timestamp":"2026-05-18T15:41:27.373Z","event_time":"2024-08-31T23:41:24.000Z","trip_date":"2024-08-31","vendor_id":2,"pickup_datetime":"2024-08-31T23:41:24.000Z","passenger_count":1,"pulocation_id":100,"dolocation_id":42},"maxValues":{"event_id":"810ea42e4364ec7ab0e87ebf0400ae41","event_type":"trip_started","schema_version":"2.0","trip_id":"72cf0cd11b66424f5d72b72df8a87924","source_file":"yellow_tripdata_2024-09.parquet","ingest_mode":"streaming","ingest_timestamp":"2026-05-18T15:41:44.574Z","event_time":"2024-08-31T23:47:25.000Z","trip_date":"2024-08-31","vendor_id":2,"pickup_datetime":"2024-08-31T23:47:25.000Z","passenger_count":1,"pulocation_id":230,"dolocation_id":100},"nullCount":{"event_id":0,"event_type":0,"schema_version":0,"trip_id":0,"source_file":0,"ingest_mode":0,"ingest_timestamp":0,"event_time":0,"trip_date":0,"vendor_id":0,"pickup_datetime":0,"passenger_count":0,"pulocation_id":0,"dolocation_id":0}},null,null,None,None,None), AddFile(part-00004-bf95d00f-7224-4d19-8506-bb804d74ba69-c000.snappy.parquet,Map(),16203,1779118907000,false,{"numRecords":67,"minValues":{"event_id":"00f4412c4abb87a7edb991f16b8e3872","event_type":"trip_started","schema_version":"2.0","trip_id":"0106a3fdc6d124355ddbc3170eb7fa9d","source_file":"yellow_tripdata_2024-09.parquet","ingest_mode":"streaming","ingest_timestamp":"2026-05-18T15:30:55.546Z","event_time":"2024-08-31T23:48:15.000Z","trip_date":"2024-08-31","vendor_id":1,"pickup_datetime":"2024-08-31T23:48:15.000Z","passenger_count":0,"pulocation_id":41,"dolocation_id":4},"maxValues":{"event_id":"ffa973e5c6626d9b56f1d9367abd3987","event_type":"trip_started","schema_version":"2.0","trip_id":"fc82163fbf256ca3108569d8f7fa673b","source_file":"yellow_tripdata_2024-09.parquet","ingest_mode":"streaming","ingest_timestamp":"2026-05-18T15:39:10.112Z","event_time":"2024-09-01T00:03:47.000Z","trip_date":"2024-09-01","vendor_id":2,"pickup_datetime":"2024-09-01T00:03:47.000Z","passenger_count":5,"pulocation_id":255,"dolocation_id":263},"nullCount":{"event_id":0,"event_type":0,"schema_version":0,"trip_id":0,"source_file":0,"ingest_mode":0,"ingest_timestamp":0,"event_time":0,"trip_date":0,"vendor_id":0,"pickup_datetime":0,"passenger_count":12,"pulocation_id":0,"dolocation_id":0}},null,null,None,None,None), AddFile(part-00000-ac8a9b1d-58d7-4719-9e76-5f8fbe428c56-c000.snappy.parquet,Map(),5289,1779118932000,false,{"numRecords":2,"minValues":{"event_id":"0e42e0a8ff68c0593e5f62fe564cc867","event_type":"trip_started","schema_version":"2.0","trip_id":"74cc4dc0356999a5051ffc06fe590ba0","source_file":"yellow_tripdata_2024-09.parquet","ingest_mode":"streaming","ingest_timestamp":"2026-05-18T15:41:32.373Z","event_time":"2024-08-31T23:45:56.000Z","trip_date":"2024-08-31","vendor_id":2,"pickup_datetime":"2024-08-31T23:45:56.000Z","passenger_count":1,"pulocation_id":24,"dolocation_id":24},"maxValues":{"event_id":"20f272b57abcb77396229a1f4f79d2a6","event_type":"trip_started","schema_version":"2.0","trip_id":"7e4582c034b9714ccbb8b7972ee7452a","source_file":"yellow_tripdata_2024-09.parquet","ingest_mode":"streaming","ingest_timestamp":"2026-05-18T15:41:40.774Z","event_time":"2024-08-31T23:47:06.000Z","trip_date":"2024-08-31","vendor_id":2,"pickup_datetime":"2024-08-31T23:47:06.000Z","passenger_count":6,"pulocation_id":142,"dolocation_id":162},"nullCount":{"event_id":0,"event_type":0,"schema_version":0,"trip_id":0,"source_file":0,"ingest_mode":0,"ingest_timestamp":0,"event_time":0,"trip_date":0,"vendor_id":0,"pickup_datetime":0,"passenger_count":0,"pulocation_id":0,"dolocation_id":0}},null,null,None,None,None), AddFile(part-00001-3e08f1a9-004f-4148-96c2-ce39df27dafa-c000.snappy.parquet,Map(),5324,1779118932000,false,{"numRecords":1,"minValues":{"event_id":"49fd4523f0edf3af6db90b980f85b44b","event_type":"trip_started","schema_version":"2.0","trip_id":"a81a5f72bed880eb1011e846ec08a7b3","source_file":"yellow_tripdata_2024-09.parquet","ingest_mode":"streaming","ingest_timestamp":"2026-05-18T15:41:32.373Z","event_time":"2024-08-31T23:45:56.000Z","trip_date":"2024-08-31","vendor_id":2,"pickup_datetime":"2024-08-31T23:45:56.000Z","passenger_count":1,"pulocation_id":24,"dolocation_id":24},"maxValues":{"event_id":"49fd4523f0edf3af6db90b980f85b44b","event_type":"trip_started","schema_version":"2.0","trip_id":"a81a5f72bed880eb1011e846ec08a7b3","source_file":"yellow_tripdata_2024-09.parquet","ingest_mode":"streaming","ingest_timestamp":"2026-05-18T15:41:32.373Z","event_time":"2024-08-31T23:45:56.000Z","trip_date":"2024-08-31","vendor_id":2,"pickup_datetime":"2024-08-31T23:45:56.000Z","passenger_count":1,"pulocation_id":24,"dolocation_id":24},"nullCount":{"event_id":0,"event_type":0,"schema_version":0,"trip_id":0,"source_file":0,"ingest_mode":0,"ingest_timestamp":0,"event_time":0,"trip_date":0,"vendor_id":0,"pickup_datetime":0,"passenger_count":0,"pulocation_id":0,"dolocation_id":0}},null,null,None,None,None), AddFile(part-00002-d9b3fdfd-9a1c-4ba7-bce8-809853fb9b08-c000.snappy.parquet,Map(),5325,1779118933000,false,{"numRecords":1,"minValues":{"event_id":"c2b354f6093db075096dd7d6cd094124","event_type":"trip_started","schema_version":"2.0","trip_id":"2e493edb13c1adcaf6af648c66c05d11","source_file":"yellow_tripdata_2024-09.parquet","ingest_mode":"streaming","ingest_timestamp":"2026-05-18T15:41:49.575Z","event_time":"2024-08-31T23:48:15.000Z","trip_date":"2024-08-31","vendor_id":2,"pickup_datetime":"2024-08-31T23:48:15.000Z","passenger_count":1,"pulocation_id":87,"dolocation_id":232},"maxValues":{"event_id":"c2b354f6093db075096dd7d6cd094124","event_type":"trip_started","schema_version":"2.0","trip_id":"2e493edb13c1adcaf6af648c66c05d11","source_file":"yellow_tripdata_2024-09.parquet","ingest_mode":"streaming","ingest_timestamp":"2026-05-18T15:41:49.575Z","event_time":"2024-08-31T23:48:15.000Z","trip_date":"2024-08-31","vendor_id":2,"pickup_datetime":"2024-08-31T23:48:15.000Z","passenger_count":1,"pulocation_id":87,"dolocation_id":232},"nullCount":{"event_id":0,"event_type":0,"schema_version":0,"trip_id":0,"source_file":0,"ingest_mode":0,"ingest_timestamp":0,"event_time":0,"trip_date":0,"vendor_id":0,"pickup_datetime":0,"passenger_count":0,"pulocation_id":0,"dolocation_id":0}},null,null,None,None,None), AddFile(part-00003-b1b9f1d7-6ad3-4d3d-9129-31eff2c0ca88-c000.snappy.parquet,Map(),12843,1779118906000,false,{"numRecords":51,"minValues":{"event_id":"033a945818d220fae8d0f5ea06aade55","event_type":"trip_started","schema_version":"2.0","trip_id":"007211974f070e6081d820f78a892116","source_file":"yellow_tripdata_2024-09.parquet","ingest_mode":"streaming","ingest_timestamp":"2026-05-18T15:30:08.336Z","event_time":"2024-08-31T22:27:55.000Z","trip_date":"2024-08-31","vendor_id":1,"pickup_datetime":"2024-08-31T22:27:55.000Z","passenger_count":0,"pulocation_id":24,"dolocation_id":7},"maxValues":{"event_id":"f914c4bf2487bb514676e80f0e515e30","event_type":"trip_started","schema_version":"2.0","trip_id":"fd8556cf3a0c0a61eb48a4f6e35a55b5","source_file":"yellow_tripdata_2024-09.parquet","ingest_mode":"streaming","ingest_timestamp":"2026-05-18T15:41:02.366Z","event_time":"2024-09-01T00:03:39.000Z","trip_date":"2024-09-01","vendor_id":2,"pickup_datetime":"2024-09-01T00:03:39.000Z","passenger_count":5,"pulocation_id":249,"dolocation_id":265},"nullCount":{"event_id":0,"event_type":0,"schema_version":0,"trip_id":0,"source_file":0,"ingest_mode":0,"ingest_timestamp":0,"event_time":0,"trip_date":0,"vendor_id":0,"pickup_datetime":0,"passenger_count":11,"pulocation_id":0,"dolocation_id":0}},null,null,None,None,None), AddFile(part-00002-d9b630b8-3fe6-47f4-bef5-e312d5875278-c000.snappy.parquet,Map(),15373,1779118905000,false,{"numRecords":67,"minValues":{"event_id":"011a460cb5a25c4ee561b11bfa14604d","event_type":"trip_started","schema_version":"2.0","trip_id":"02a39a8e328190af69190a907699ab05","source_file":"yellow_tripdata_2024-09.parquet","ingest_mode":"streaming","ingest_timestamp":"2026-05-18T15:30:23.343Z","event_time":"2024-08-31T23:31:22.000Z","trip_date":"2024-08-31","vendor_id":1,"pickup_datetime":"2024-08-31T23:31:22.000Z","passenger_count":0,"pulocation_id":24,"dolocation_id":7},"maxValues":{"event_id":"fb8fb0226b979d486aa1fe15bcadfd02","event_type":"trip_started","schema_version":"2.0","trip_id":"ff8ff4056149324b8cb6441936211b7a","source_file":"yellow_tripdata_2024-09.parquet","ingest_mode":"streaming","ingest_timestamp":"2026-05-18T15:41:17.372Z","event_time":"2024-09-01T00:03:44.000Z","trip_date":"2024-09-01","vendor_id":2,"pickup_datetime":"2024-09-01T00:03:44.000Z","passenger_count":6,"pulocation_id":265,"dolocation_id":265},"nullCount":{"event_id":0,"event_type":0,"schema_version":0,"trip_id":0,"source_file":0,"ingest_mode":0,"ingest_timestamp":0,"event_time":0,"trip_date":0,"vendor_id":0,"pickup_datetime":0,"passenger_count":7,"pulocation_id":0,"dolocation_id":0}},null,null,None,None,None), AddFile(part-00001-25597aa3-37ba-4ada-a57e-d65085251b3f-c000.snappy.parquet,Map(),10884,1779118904000,false,{"numRecords":36,"minValues":{"event_id":"00bb01354109838b627c857eebe80dc2","event_type":"trip_started","schema_version":"2.0","trip_id":"0151b1434bda3c8918caec4e7800368d","source_file":"yellow_tripdata_2024-09.parquet","ingest_mode":"streaming","ingest_timestamp":"2026-05-18T15:31:05.546Z","event_time":"2024-08-31T23:49:47.000Z","trip_date":"2024-08-31","vendor_id":1,"pickup_datetime":"2024-08-31T23:49:47.000Z","passenger_count":0,"pulocation_id":68,"dolocation_id":45},"maxValues":{"event_id":"fc777a5f3c65c6d093b9336703c5e846","event_type":"trip_started","schema_version":"2.0","trip_id":"febc1b1d83b45aebc128b44d8bf1e48d","source_file":"yellow_tripdata_2024-09.parquet","ingest_mode":"streaming","ingest_timestamp":"2026-05-18T15:38:55.109Z","event_time":"2024-09-01T00:03:32.000Z","trip_date":"2024-09-01","vendor_id":2,"pickup_datetime":"2024-09-01T00:03:32.000Z","passenger_count":5,"pulocation_id":263,"dolocation_id":265},"nullCount":{"event_id":0,"event_type":0,"schema_version":0,"trip_id":0,"source_file":0,"ingest_mode":0,"ingest_timestamp":0,"event_time":0,"trip_date":0,"vendor_id":0,"pickup_datetime":0,"passenger_count":3,"pulocation_id":0,"dolocation_id":0}},null,null,None,None,None))))))
26/05/18 15:42:14 INFO DeltaLog: Updated snapshot to Snapshot(path=s3a://lakehouse/benchmark/bronze/20260518T154052Z/low/started/_delta_log, version=1, metadata=Metadata(e54c2914-4281-4b97-a14f-d4cd8e512b01,null,null,Format(parquet,Map()),{"type":"struct","fields":[{"name":"event_id","type":"string","nullable":true,"metadata":{}},{"name":"event_type","type":"string","nullable":true,"metadata":{}},{"name":"schema_version","type":"string","nullable":true,"metadata":{}},{"name":"trip_id","type":"string","nullable":true,"metadata":{}},{"name":"source_file","type":"string","nullable":true,"metadata":{}},{"name":"ingest_mode","type":"string","nullable":true,"metadata":{}},{"name":"ingest_timestamp","type":"timestamp","nullable":true,"metadata":{}},{"name":"event_time","type":"timestamp","nullable":true,"metadata":{}},{"name":"trip_date","type":"string","nullable":true,"metadata":{}},{"name":"vendor_id","type":"integer","nullable":true,"metadata":{}},{"name":"pickup_datetime","type":"timestamp","nullable":true,"metadata":{}},{"name":"passenger_count","type":"long","nullable":true,"metadata":{}},{"name":"pulocation_id","type":"integer","nullable":true,"metadata":{}},{"name":"dolocation_id","type":"integer","nullable":true,"metadata":{}}]},List(),Map(),Some(1779118886752)), logSegment=LogSegment(s3a://lakehouse/benchmark/bronze/20260518T154052Z/low/started/_delta_log,1,ArraySeq(S3AFileStatus{path=s3a://lakehouse/benchmark/bronze/20260518T154052Z/low/started/_delta_log/00000000000000000000.json; isDirectory=false; length=10954; replication=1; blocksize=33554432; modification_time=1779118909098; access_time=0; owner=spark; group=spark; permission=rw-rw-rw-; isSymlink=false; hasAcl=false; isEncrypted=true; isErasureCoded=false} isEmptyDirectory=FALSE eTag="2dc840860c22af6901e80b07ffd4ef78" versionId=null, S3AFileStatus{path=s3a://lakehouse/benchmark/bronze/20260518T154052Z/low/started/_delta_log/00000000000000000001.json; isDirectory=false; length=6534; replication=1; blocksize=33554432; modification_time=1779118933421; access_time=0; owner=spark; group=spark; permission=rw-rw-rw-; isSymlink=false; hasAcl=false; isEncrypted=true; isErasureCoded=false} isEmptyDirectory=FALSE eTag="12e73076721d9b91785d3f2f712039e1" versionId=null),org.apache.spark.sql.delta.EmptyCheckpointProvider$@664c2564,1779118933421), checksumOpt=Some(VersionChecksum(Some(eb20454a-71b2-4bf6-80cf-9d108f1155d8),106785,10,None,None,1,1,None,Some(List(SetTransaction(4c71fffa-098f-430a-acdb-8cf33542b27e,1,Some(1779118933400)))),Some(List()),Metadata(e54c2914-4281-4b97-a14f-d4cd8e512b01,null,null,Format(parquet,Map()),{"type":"struct","fields":[{"name":"event_id","type":"string","nullable":true,"metadata":{}},{"name":"event_type","type":"string","nullable":true,"metadata":{}},{"name":"schema_version","type":"string","nullable":true,"metadata":{}},{"name":"trip_id","type":"string","nullable":true,"metadata":{}},{"name":"source_file","type":"string","nullable":true,"metadata":{}},{"name":"ingest_mode","type":"string","nullable":true,"metadata":{}},{"name":"ingest_timestamp","type":"timestamp","nullable":true,"metadata":{}},{"name":"event_time","type":"timestamp","nullable":true,"metadata":{}},{"name":"trip_date","type":"string","nullable":true,"metadata":{}},{"name":"vendor_id","type":"integer","nullable":true,"metadata":{}},{"name":"pickup_datetime","type":"timestamp","nullable":true,"metadata":{}},{"name":"passenger_count","type":"long","nullable":true,"metadata":{}},{"name":"pulocation_id","type":"integer","nullable":true,"metadata":{}},{"name":"dolocation_id","type":"integer","nullable":true,"metadata":{}}]},List(),Map(),Some(1779118886752)),Protocol(1,2),None,None,Some(List(AddFile(part-00005-56447017-32c5-4b7e-b9ab-d59860935c92-c000.snappy.parquet,Map(),13745,1779118908000,false,{"numRecords":58,"minValues":{"event_id":"1455410b53ba26496dd8268d814efb0d","event_type":"trip_started","schema_version":"2.0","trip_id":"055d4dc21a238c32a1173721d4ca04f8","source_file":"yellow_tripdata_2024-09.parquet","ingest_mode":"streaming","ingest_timestamp":"2026-05-18T15:30:33.344Z","event_time":"2024-08-31T23:41:24.000Z","trip_date":"2024-08-31","vendor_id":1,"pickup_datetime":"2024-08-31T23:41:24.000Z","passenger_count":1,"pulocation_id":4,"dolocation_id":13},"maxValues":{"event_id":"fc33a45f23b40ebd214e1bfc68a49bcb","event_type":"trip_started","schema_version":"2.0","trip_id":"fe2349c4e6416804cff94b8f71437d80","source_file":"yellow_tripdata_2024-09.parquet","ingest_mode":"streaming","ingest_timestamp":"2026-05-18T15:39:01.111Z","event_time":"2024-09-01T00:03:38.000Z","trip_date":"2024-09-01","vendor_id":2,"pickup_datetime":"2024-09-01T00:03:38.000Z","passenger_count":5,"pulocation_id":263,"dolocation_id":261},"nullCount":{"event_id":0,"event_type":0,"schema_version":0,"trip_id":0,"source_file":0,"ingest_mode":0,"ingest_timestamp":0,"event_time":0,"trip_date":0,"vendor_id":0,"pickup_datetime":0,"passenger_count":7,"pulocation_id":0,"dolocation_id":0}},null,null,None,None,None), AddFile(part-00000-08aad25c-9cc6-4b91-9c29-ef1ada60ea60-c000.snappy.parquet,Map(),16483,1779118902000,false,{"numRecords":73,"minValues":{"event_id":"0212d8086261a2018cb807d1a4d7a46b","event_type":"trip_started","schema_version":"2.0","trip_id":"031b404c98f442710d2269c0a06824fd","source_file":"yellow_tripdata_2024-09.parquet","ingest_mode":"streaming","ingest_timestamp":"2026-05-18T15:30:18.343Z","event_time":"2024-08-31T23:16:36.000Z","trip_date":"2024-08-31","vendor_id":1,"pickup_datetime":"2024-08-31T23:16:36.000Z","passenger_count":1,"pulocation_id":41,"dolocation_id":15},"maxValues":{"event_id":"febc668d372ab0492f5c4e7165b45be2","event_type":"trip_started","schema_version":"2.0","trip_id":"f8cfd09088ab01f1042a890d127bfcca","source_file":"yellow_tripdata_2024-09.parquet","ingest_mode":"streaming","ingest_timestamp":"2026-05-18T15:41:12.372Z","event_time":"2024-09-01T00:03:44.000Z","trip_date":"2024-09-01","vendor_id":2,"pickup_datetime":"2024-09-01T00:03:44.000Z","passenger_count":5,"pulocation_id":249,"dolocation_id":265},"nullCount":{"event_id":0,"event_type":0,"schema_version":0,"trip_id":0,"source_file":0,"ingest_mode":0,"ingest_timestamp":0,"event_time":0,"trip_date":0,"vendor_id":0,"pickup_datetime":0,"passenger_count":7,"pulocation_id":0,"dolocation_id":0}},null,null,None,None,None), AddFile(part-00003-40e0630d-6fe9-4e39-9602-a33736b745ca-c000.snappy.parquet,Map(),5316,1779118933000,false,{"numRecords":2,"minValues":{"event_id":"3a11c04f3f86a8a2ed90c5835f8fcb0c","event_type":"trip_started","schema_version":"2.0","trip_id":"5ea4134ac6f17edb7f639fc94f24acac","source_file":"yellow_tripdata_2024-09.parquet","ingest_mode":"streaming","ingest_timestamp":"2026-05-18T15:41:27.373Z","event_time":"2024-08-31T23:41:24.000Z","trip_date":"2024-08-31","vendor_id":2,"pickup_datetime":"2024-08-31T23:41:24.000Z","passenger_count":1,"pulocation_id":100,"dolocation_id":42},"maxValues":{"event_id":"810ea42e4364ec7ab0e87ebf0400ae41","event_type":"trip_started","schema_version":"2.0","trip_id":"72cf0cd11b66424f5d72b72df8a87924","source_file":"yellow_tripdata_2024-09.parquet","ingest_mode":"streaming","ingest_timestamp":"2026-05-18T15:41:44.574Z","event_time":"2024-08-31T23:47:25.000Z","trip_date":"2024-08-31","vendor_id":2,"pickup_datetime":"2024-08-31T23:47:25.000Z","passenger_count":1,"pulocation_id":230,"dolocation_id":100},"nullCount":{"event_id":0,"event_type":0,"schema_version":0,"trip_id":0,"source_file":0,"ingest_mode":0,"ingest_timestamp":0,"event_time":0,"trip_date":0,"vendor_id":0,"pickup_datetime":0,"passenger_count":0,"pulocation_id":0,"dolocation_id":0}},null,null,None,None,None), AddFile(part-00004-bf95d00f-7224-4d19-8506-bb804d74ba69-c000.snappy.parquet,Map(),16203,1779118907000,false,{"numRecords":67,"minValues":{"event_id":"00f4412c4abb87a7edb991f16b8e3872","event_type":"trip_started","schema_version":"2.0","trip_id":"0106a3fdc6d124355ddbc3170eb7fa9d","source_file":"yellow_tripdata_2024-09.parquet","ingest_mode":"streaming","ingest_timestamp":"2026-05-18T15:30:55.546Z","event_time":"2024-08-31T23:48:15.000Z","trip_date":"2024-08-31","vendor_id":1,"pickup_datetime":"2024-08-31T23:48:15.000Z","passenger_count":0,"pulocation_id":41,"dolocation_id":4},"maxValues":{"event_id":"ffa973e5c6626d9b56f1d9367abd3987","event_type":"trip_started","schema_version":"2.0","trip_id":"fc82163fbf256ca3108569d8f7fa673b","source_file":"yellow_tripdata_2024-09.parquet","ingest_mode":"streaming","ingest_timestamp":"2026-05-18T15:39:10.112Z","event_time":"2024-09-01T00:03:47.000Z","trip_date":"2024-09-01","vendor_id":2,"pickup_datetime":"2024-09-01T00:03:47.000Z","passenger_count":5,"pulocation_id":255,"dolocation_id":263},"nullCount":{"event_id":0,"event_type":0,"schema_version":0,"trip_id":0,"source_file":0,"ingest_mode":0,"ingest_timestamp":0,"event_time":0,"trip_date":0,"vendor_id":0,"pickup_datetime":0,"passenger_count":12,"pulocation_id":0,"dolocation_id":0}},null,null,None,None,None), AddFile(part-00000-ac8a9b1d-58d7-4719-9e76-5f8fbe428c56-c000.snappy.parquet,Map(),5289,1779118932000,false,{"numRecords":2,"minValues":{"event_id":"0e42e0a8ff68c0593e5f62fe564cc867","event_type":"trip_started","schema_version":"2.0","trip_id":"74cc4dc0356999a5051ffc06fe590ba0","source_file":"yellow_tripdata_2024-09.parquet","ingest_mode":"streaming","ingest_timestamp":"2026-05-18T15:41:32.373Z","event_time":"2024-08-31T23:45:56.000Z","trip_date":"2024-08-31","vendor_id":2,"pickup_datetime":"2024-08-31T23:45:56.000Z","passenger_count":1,"pulocation_id":24,"dolocation_id":24},"maxValues":{"event_id":"20f272b57abcb77396229a1f4f79d2a6","event_type":"trip_started","schema_version":"2.0","trip_id":"7e4582c034b9714ccbb8b7972ee7452a","source_file":"yellow_tripdata_2024-09.parquet","ingest_mode":"streaming","ingest_timestamp":"2026-05-18T15:41:40.774Z","event_time":"2024-08-31T23:47:06.000Z","trip_date":"2024-08-31","vendor_id":2,"pickup_datetime":"2024-08-31T23:47:06.000Z","passenger_count":6,"pulocation_id":142,"dolocation_id":162},"nullCount":{"event_id":0,"event_type":0,"schema_version":0,"trip_id":0,"source_file":0,"ingest_mode":0,"ingest_timestamp":0,"event_time":0,"trip_date":0,"vendor_id":0,"pickup_datetime":0,"passenger_count":0,"pulocation_id":0,"dolocation_id":0}},null,null,None,None,None), AddFile(part-00001-3e08f1a9-004f-4148-96c2-ce39df27dafa-c000.snappy.parquet,Map(),5324,1779118932000,false,{"numRecords":1,"minValues":{"event_id":"49fd4523f0edf3af6db90b980f85b44b","event_type":"trip_started","schema_version":"2.0","trip_id":"a81a5f72bed880eb1011e846ec08a7b3","source_file":"yellow_tripdata_2024-09.parquet","ingest_mode":"streaming","ingest_timestamp":"2026-05-18T15:41:32.373Z","event_time":"2024-08-31T23:45:56.000Z","trip_date":"2024-08-31","vendor_id":2,"pickup_datetime":"2024-08-31T23:45:56.000Z","passenger_count":1,"pulocation_id":24,"dolocation_id":24},"maxValues":{"event_id":"49fd4523f0edf3af6db90b980f85b44b","event_type":"trip_started","schema_version":"2.0","trip_id":"a81a5f72bed880eb1011e846ec08a7b3","source_file":"yellow_tripdata_2024-09.parquet","ingest_mode":"streaming","ingest_timestamp":"2026-05-18T15:41:32.373Z","event_time":"2024-08-31T23:45:56.000Z","trip_date":"2024-08-31","vendor_id":2,"pickup_datetime":"2024-08-31T23:45:56.000Z","passenger_count":1,"pulocation_id":24,"dolocation_id":24},"nullCount":{"event_id":0,"event_type":0,"schema_version":0,"trip_id":0,"source_file":0,"ingest_mode":0,"ingest_timestamp":0,"event_time":0,"trip_date":0,"vendor_id":0,"pickup_datetime":0,"passenger_count":0,"pulocation_id":0,"dolocation_id":0}},null,null,None,None,None), AddFile(part-00002-d9b3fdfd-9a1c-4ba7-bce8-809853fb9b08-c000.snappy.parquet,Map(),5325,1779118933000,false,{"numRecords":1,"minValues":{"event_id":"c2b354f6093db075096dd7d6cd094124","event_type":"trip_started","schema_version":"2.0","trip_id":"2e493edb13c1adcaf6af648c66c05d11","source_file":"yellow_tripdata_2024-09.parquet","ingest_mode":"streaming","ingest_timestamp":"2026-05-18T15:41:49.575Z","event_time":"2024-08-31T23:48:15.000Z","trip_date":"2024-08-31","vendor_id":2,"pickup_datetime":"2024-08-31T23:48:15.000Z","passenger_count":1,"pulocation_id":87,"dolocation_id":232},"maxValues":{"event_id":"c2b354f6093db075096dd7d6cd094124","event_type":"trip_started","schema_version":"2.0","trip_id":"2e493edb13c1adcaf6af648c66c05d11","source_file":"yellow_tripdata_2024-09.parquet","ingest_mode":"streaming","ingest_timestamp":"2026-05-18T15:41:49.575Z","event_time":"2024-08-31T23:48:15.000Z","trip_date":"2024-08-31","vendor_id":2,"pickup_datetime":"2024-08-31T23:48:15.000Z","passenger_count":1,"pulocation_id":87,"dolocation_id":232},"nullCount":{"event_id":0,"event_type":0,"schema_version":0,"trip_id":0,"source_file":0,"ingest_mode":0,"ingest_timestamp":0,"event_time":0,"trip_date":0,"vendor_id":0,"pickup_datetime":0,"passenger_count":0,"pulocation_id":0,"dolocation_id":0}},null,null,None,None,None), AddFile(part-00003-b1b9f1d7-6ad3-4d3d-9129-31eff2c0ca88-c000.snappy.parquet,Map(),12843,1779118906000,false,{"numRecords":51,"minValues":{"event_id":"033a945818d220fae8d0f5ea06aade55","event_type":"trip_started","schema_version":"2.0","trip_id":"007211974f070e6081d820f78a892116","source_file":"yellow_tripdata_2024-09.parquet","ingest_mode":"streaming","ingest_timestamp":"2026-05-18T15:30:08.336Z","event_time":"2024-08-31T22:27:55.000Z","trip_date":"2024-08-31","vendor_id":1,"pickup_datetime":"2024-08-31T22:27:55.000Z","passenger_count":0,"pulocation_id":24,"dolocation_id":7},"maxValues":{"event_id":"f914c4bf2487bb514676e80f0e515e30","event_type":"trip_started","schema_version":"2.0","trip_id":"fd8556cf3a0c0a61eb48a4f6e35a55b5","source_file":"yellow_tripdata_2024-09.parquet","ingest_mode":"streaming","ingest_timestamp":"2026-05-18T15:41:02.366Z","event_time":"2024-09-01T00:03:39.000Z","trip_date":"2024-09-01","vendor_id":2,"pickup_datetime":"2024-09-01T00:03:39.000Z","passenger_count":5,"pulocation_id":249,"dolocation_id":265},"nullCount":{"event_id":0,"event_type":0,"schema_version":0,"trip_id":0,"source_file":0,"ingest_mode":0,"ingest_timestamp":0,"event_time":0,"trip_date":0,"vendor_id":0,"pickup_datetime":0,"passenger_count":11,"pulocation_id":0,"dolocation_id":0}},null,null,None,None,None), AddFile(part-00002-d9b630b8-3fe6-47f4-bef5-e312d5875278-c000.snappy.parquet,Map(),15373,1779118905000,false,{"numRecords":67,"minValues":{"event_id":"011a460cb5a25c4ee561b11bfa14604d","event_type":"trip_started","schema_version":"2.0","trip_id":"02a39a8e328190af69190a907699ab05","source_file":"yellow_tripdata_2024-09.parquet","ingest_mode":"streaming","ingest_timestamp":"2026-05-18T15:30:23.343Z","event_time":"2024-08-31T23:31:22.000Z","trip_date":"2024-08-31","vendor_id":1,"pickup_datetime":"2024-08-31T23:31:22.000Z","passenger_count":0,"pulocation_id":24,"dolocation_id":7},"maxValues":{"event_id":"fb8fb0226b979d486aa1fe15bcadfd02","event_type":"trip_started","schema_version":"2.0","trip_id":"ff8ff4056149324b8cb6441936211b7a","source_file":"yellow_tripdata_2024-09.parquet","ingest_mode":"streaming","ingest_timestamp":"2026-05-18T15:41:17.372Z","event_time":"2024-09-01T00:03:44.000Z","trip_date":"2024-09-01","vendor_id":2,"pickup_datetime":"2024-09-01T00:03:44.000Z","passenger_count":6,"pulocation_id":265,"dolocation_id":265},"nullCount":{"event_id":0,"event_type":0,"schema_version":0,"trip_id":0,"source_file":0,"ingest_mode":0,"ingest_timestamp":0,"event_time":0,"trip_date":0,"vendor_id":0,"pickup_datetime":0,"passenger_count":7,"pulocation_id":0,"dolocation_id":0}},null,null,None,None,None), AddFile(part-00001-25597aa3-37ba-4ada-a57e-d65085251b3f-c000.snappy.parquet,Map(),10884,1779118904000,false,{"numRecords":36,"minValues":{"event_id":"00bb01354109838b627c857eebe80dc2","event_type":"trip_started","schema_version":"2.0","trip_id":"0151b1434bda3c8918caec4e7800368d","source_file":"yellow_tripdata_2024-09.parquet","ingest_mode":"streaming","ingest_timestamp":"2026-05-18T15:31:05.546Z","event_time":"2024-08-31T23:49:47.000Z","trip_date":"2024-08-31","vendor_id":1,"pickup_datetime":"2024-08-31T23:49:47.000Z","passenger_count":0,"pulocation_id":68,"dolocation_id":45},"maxValues":{"event_id":"fc777a5f3c65c6d093b9336703c5e846","event_type":"trip_started","schema_version":"2.0","trip_id":"febc1b1d83b45aebc128b44d8bf1e48d","source_file":"yellow_tripdata_2024-09.parquet","ingest_mode":"streaming","ingest_timestamp":"2026-05-18T15:38:55.109Z","event_time":"2024-09-01T00:03:32.000Z","trip_date":"2024-09-01","vendor_id":2,"pickup_datetime":"2024-09-01T00:03:32.000Z","passenger_count":5,"pulocation_id":263,"dolocation_id":265},"nullCount":{"event_id":0,"event_type":0,"schema_version":0,"trip_id":0,"source_file":0,"ingest_mode":0,"ingest_timestamp":0,"event_time":0,"trip_date":0,"vendor_id":0,"pickup_datetime":0,"passenger_count":3,"pulocation_id":0,"dolocation_id":0}},null,null,None,None,None))))))
26/05/18 15:42:14 INFO Snapshot: DELTA: Compute snapshot for version: 1
26/05/18 15:42:14 INFO MemoryStore: Block broadcast_7 stored as values in memory (estimated size 242.1 KiB, free 431.6 MiB)
26/05/18 15:42:14 INFO MemoryStore: Block broadcast_7_piece0 stored as bytes in memory (estimated size 41.2 KiB, free 431.5 MiB)
26/05/18 15:42:14 INFO SparkContext: Created broadcast 7 from start at NativeMethodAccessorImpl.java:0
26/05/18 15:42:14 INFO DeltaLogFileIndex: Created DeltaLogFileIndex(JSON, numFilesInSegment: 2, totalFileSize: 17488)
26/05/18 15:42:14 INFO DataSourceStrategy: Pruning directories with: Set()
26/05/18 15:42:14 INFO FileSourceStrategy: Pushed Filters: 
26/05/18 15:42:14 INFO FileSourceStrategy: Post-Scan Filters: Set()
26/05/18 15:42:15 INFO MemoryStore: Block broadcast_8 stored as values in memory (estimated size 242.4 KiB, free 431.3 MiB)
26/05/18 15:42:15 INFO MemoryStore: Block broadcast_8_piece0 stored as bytes in memory (estimated size 41.3 KiB, free 431.2 MiB)
26/05/18 15:42:15 INFO SparkContext: Created broadcast 8 from start at NativeMethodAccessorImpl.java:0
26/05/18 15:42:15 INFO FileSourceScanExec: Planning scan with bin packing, max size: 4203048 bytes, open cost is considered as scanning 4194304 bytes.
26/05/18 15:42:15 INFO SparkContext: Starting job: start at NativeMethodAccessorImpl.java:0
26/05/18 15:42:15 INFO DAGScheduler: Registering RDD 30 (start at NativeMethodAccessorImpl.java:0) as input to shuffle 2
26/05/18 15:42:15 INFO DAGScheduler: Registering RDD 40 (start at NativeMethodAccessorImpl.java:0) as input to shuffle 3
26/05/18 15:42:15 INFO DAGScheduler: Got job 4 (start at NativeMethodAccessorImpl.java:0) with 1 output partitions
26/05/18 15:42:15 INFO DAGScheduler: Final stage: ResultStage 7 (start at NativeMethodAccessorImpl.java:0)
26/05/18 15:42:15 INFO DAGScheduler: Parents of final stage: List(ShuffleMapStage 6)
26/05/18 15:42:15 INFO DAGScheduler: Missing parents: List(ShuffleMapStage 6)
26/05/18 15:42:15 INFO DAGScheduler: Submitting ShuffleMapStage 5 (MapPartitionsRDD[30] at start at NativeMethodAccessorImpl.java:0), which has no missing parents
26/05/18 15:42:15 INFO MemoryStore: Block broadcast_9 stored as values in memory (estimated size 100.7 KiB, free 431.1 MiB)
26/05/18 15:42:15 INFO MemoryStore: Block broadcast_9_piece0 stored as bytes in memory (estimated size 29.1 KiB, free 431.1 MiB)
26/05/18 15:42:15 INFO SparkContext: Created broadcast 9 from broadcast at DAGScheduler.scala:1676
26/05/18 15:42:15 INFO DAGScheduler: Submitting 2 missing tasks from ShuffleMapStage 5 (MapPartitionsRDD[30] at start at NativeMethodAccessorImpl.java:0) (first 15 tasks are for partitions Vector(0, 1))
26/05/18 15:42:15 INFO TaskSchedulerImpl: Adding task set 5.0 with 2 tasks resource profile 0
26/05/18 15:42:15 INFO TaskSetManager: Starting task 0.0 in stage 5.0 (TID 62) (10.42.1.64,executor 1, partition 0, PROCESS_LOCAL, 10351 bytes) 
26/05/18 15:42:15 INFO TaskSetManager: Starting task 1.0 in stage 5.0 (TID 63) (10.42.1.64,executor 1, partition 1, PROCESS_LOCAL, 10351 bytes) 
26/05/18 15:42:15 INFO TaskSetManager: Finished task 0.0 in stage 5.0 (TID 62) in 110 ms on 10.42.1.64 (executor 1) (1/2)
26/05/18 15:42:15 INFO TaskSetManager: Finished task 1.0 in stage 5.0 (TID 63) in 30 ms on 10.42.1.64 (executor 1) (2/2)
26/05/18 15:42:15 INFO TaskSchedulerImpl: Removed TaskSet 5.0 whose tasks have all completed, from pool 
26/05/18 15:42:15 INFO DAGScheduler: ShuffleMapStage 5 (start at NativeMethodAccessorImpl.java:0) finished in 234 ms
26/05/18 15:42:15 INFO DAGScheduler: looking for newly runnable stages
26/05/18 15:42:15 INFO DAGScheduler: running: HashSet()
26/05/18 15:42:15 INFO DAGScheduler: waiting: HashSet(ShuffleMapStage 6, ResultStage 7)
26/05/18 15:42:15 INFO DAGScheduler: failed: HashSet()
26/05/18 15:42:15 INFO DAGScheduler: Submitting ShuffleMapStage 6 (MapPartitionsRDD[40] at start at NativeMethodAccessorImpl.java:0), which has no missing parents
26/05/18 15:42:15 INFO MemoryStore: Block broadcast_10 stored as values in memory (estimated size 601.1 KiB, free 432.6 MiB)
26/05/18 15:42:15 INFO MemoryStore: Block broadcast_10_piece0 stored as bytes in memory (estimated size 136.3 KiB, free 432.4 MiB)
26/05/18 15:42:15 INFO SparkContext: Created broadcast 10 from broadcast at DAGScheduler.scala:1676
26/05/18 15:42:15 INFO DAGScheduler: Submitting 50 missing tasks from ShuffleMapStage 6 (MapPartitionsRDD[40] at start at NativeMethodAccessorImpl.java:0) (first 15 tasks are for partitions Vector(0, 1, 2, 3, 4, 5, 6, 7, 8, 9, 10, 11, 12, 13, 14))
26/05/18 15:42:15 INFO TaskSchedulerImpl: Adding task set 6.0 with 50 tasks resource profile 0
26/05/18 15:42:15 INFO TaskSetManager: Starting task 6.0 in stage 6.0 (TID 64) (10.42.1.64,executor 1, partition 6, NODE_LOCAL, 9639 bytes) 
26/05/18 15:42:15 INFO MapOutputTrackerMasterEndpoint: Asked to send map output locations for shuffle 2 to 10.42.1.64:59476
26/05/18 15:42:15 INFO TaskSetManager: Starting task 23.0 in stage 6.0 (TID 65) (10.42.1.64,executor 1, partition 23, NODE_LOCAL, 9639 bytes) 
26/05/18 15:42:15 INFO TaskSetManager: Finished task 6.0 in stage 6.0 (TID 64) in 91 ms on 10.42.1.64 (executor 1) (1/50)
26/05/18 15:42:15 INFO TaskSetManager: Starting task 28.0 in stage 6.0 (TID 66) (10.42.1.64,executor 1, partition 28, NODE_LOCAL, 9639 bytes) 
26/05/18 15:42:15 INFO TaskSetManager: Finished task 23.0 in stage 6.0 (TID 65) in 82 ms on 10.42.1.64 (executor 1) (2/50)
26/05/18 15:42:15 INFO TaskSetManager: Starting task 29.0 in stage 6.0 (TID 67) (10.42.1.64,executor 1, partition 29, NODE_LOCAL, 9639 bytes) 
26/05/18 15:42:15 INFO TaskSetManager: Finished task 28.0 in stage 6.0 (TID 66) in 75 ms on 10.42.1.64 (executor 1) (3/50)
26/05/18 15:42:16 INFO TaskSetManager: Starting task 31.0 in stage 6.0 (TID 68) (10.42.1.64,executor 1, partition 31, NODE_LOCAL, 9639 bytes) 
26/05/18 15:42:16 INFO TaskSetManager: Finished task 29.0 in stage 6.0 (TID 67) in 40 ms on 10.42.1.64 (executor 1) (4/50)
26/05/18 15:42:16 INFO TaskSetManager: Starting task 40.0 in stage 6.0 (TID 69) (10.42.1.64,executor 1, partition 40, NODE_LOCAL, 9639 bytes) 
26/05/18 15:42:16 INFO TaskSetManager: Finished task 31.0 in stage 6.0 (TID 68) in 93 ms on 10.42.1.64 (executor 1) (5/50)
26/05/18 15:42:16 INFO TaskSetManager: Starting task 42.0 in stage 6.0 (TID 70) (10.42.1.64,executor 1, partition 42, NODE_LOCAL, 9639 bytes) 
26/05/18 15:42:16 INFO TaskSetManager: Finished task 40.0 in stage 6.0 (TID 69) in 102 ms on 10.42.1.64 (executor 1) (6/50)
26/05/18 15:42:16 INFO TaskSetManager: Starting task 43.0 in stage 6.0 (TID 71) (10.42.1.64,executor 1, partition 43, NODE_LOCAL, 9639 bytes) 
26/05/18 15:42:16 INFO TaskSetManager: Finished task 42.0 in stage 6.0 (TID 70) in 69 ms on 10.42.1.64 (executor 1) (7/50)
26/05/18 15:42:16 INFO TaskSetManager: Starting task 44.0 in stage 6.0 (TID 72) (10.42.1.64,executor 1, partition 44, NODE_LOCAL, 9639 bytes) 
26/05/18 15:42:16 INFO TaskSetManager: Finished task 43.0 in stage 6.0 (TID 71) in 39 ms on 10.42.1.64 (executor 1) (8/50)
26/05/18 15:42:16 INFO TaskSetManager: Starting task 48.0 in stage 6.0 (TID 73) (10.42.1.64,executor 1, partition 48, NODE_LOCAL, 9639 bytes) 
26/05/18 15:42:16 INFO TaskSetManager: Finished task 44.0 in stage 6.0 (TID 72) in 72 ms on 10.42.1.64 (executor 1) (9/50)
26/05/18 15:42:16 INFO TaskSetManager: Starting task 49.0 in stage 6.0 (TID 74) (10.42.1.64,executor 1, partition 49, NODE_LOCAL, 9639 bytes) 
26/05/18 15:42:16 INFO TaskSetManager: Finished task 48.0 in stage 6.0 (TID 73) in 94 ms on 10.42.1.64 (executor 1) (10/50)
26/05/18 15:42:16 INFO TaskSetManager: Starting task 0.0 in stage 6.0 (TID 75) (10.42.1.64,executor 1, partition 0, PROCESS_LOCAL, 9639 bytes) 
26/05/18 15:42:16 INFO TaskSetManager: Finished task 49.0 in stage 6.0 (TID 74) in 100 ms on 10.42.1.64 (executor 1) (11/50)
26/05/18 15:42:16 INFO TaskSetManager: Starting task 1.0 in stage 6.0 (TID 76) (10.42.1.64,executor 1, partition 1, PROCESS_LOCAL, 9639 bytes) 
26/05/18 15:42:16 INFO TaskSetManager: Finished task 0.0 in stage 6.0 (TID 75) in 213 ms on 10.42.1.64 (executor 1) (12/50)
26/05/18 15:42:16 INFO TaskSetManager: Starting task 2.0 in stage 6.0 (TID 77) (10.42.1.64,executor 1, partition 2, PROCESS_LOCAL, 9639 bytes) 
26/05/18 15:42:16 INFO TaskSetManager: Finished task 1.0 in stage 6.0 (TID 76) in 87 ms on 10.42.1.64 (executor 1) (13/50)
26/05/18 15:42:16 INFO TaskSetManager: Starting task 3.0 in stage 6.0 (TID 78) (10.42.1.64,executor 1, partition 3, PROCESS_LOCAL, 9639 bytes) 
26/05/18 15:42:16 INFO TaskSetManager: Finished task 2.0 in stage 6.0 (TID 77) in 29 ms on 10.42.1.64 (executor 1) (14/50)
26/05/18 15:42:16 INFO TaskSetManager: Starting task 4.0 in stage 6.0 (TID 79) (10.42.1.64,executor 1, partition 4, PROCESS_LOCAL, 9639 bytes) 
26/05/18 15:42:16 INFO TaskSetManager: Finished task 3.0 in stage 6.0 (TID 78) in 75 ms on 10.42.1.64 (executor 1) (15/50)
26/05/18 15:42:17 INFO TaskSetManager: Starting task 5.0 in stage 6.0 (TID 80) (10.42.1.64,executor 1, partition 5, PROCESS_LOCAL, 9639 bytes) 
26/05/18 15:42:17 INFO TaskSetManager: Finished task 4.0 in stage 6.0 (TID 79) in 30 ms on 10.42.1.64 (executor 1) (16/50)
26/05/18 15:42:17 INFO TaskSetManager: Starting task 7.0 in stage 6.0 (TID 81) (10.42.1.64,executor 1, partition 7, PROCESS_LOCAL, 9639 bytes) 
26/05/18 15:42:17 INFO TaskSetManager: Finished task 5.0 in stage 6.0 (TID 80) in 86 ms on 10.42.1.64 (executor 1) (17/50)
26/05/18 15:42:17 INFO TaskSetManager: Starting task 8.0 in stage 6.0 (TID 82) (10.42.1.64,executor 1, partition 8, PROCESS_LOCAL, 9639 bytes) 
26/05/18 15:42:17 INFO TaskSetManager: Finished task 7.0 in stage 6.0 (TID 81) in 94 ms on 10.42.1.64 (executor 1) (18/50)
26/05/18 15:42:17 INFO TaskSetManager: Starting task 9.0 in stage 6.0 (TID 83) (10.42.1.64,executor 1, partition 9, PROCESS_LOCAL, 9639 bytes) 
26/05/18 15:42:17 INFO TaskSetManager: Finished task 8.0 in stage 6.0 (TID 82) in 98 ms on 10.42.1.64 (executor 1) (19/50)
26/05/18 15:42:17 INFO TaskSetManager: Starting task 10.0 in stage 6.0 (TID 84) (10.42.1.64,executor 1, partition 10, PROCESS_LOCAL, 9639 bytes) 
26/05/18 15:42:17 INFO TaskSetManager: Finished task 9.0 in stage 6.0 (TID 83) in 98 ms on 10.42.1.64 (executor 1) (20/50)
26/05/18 15:42:17 INFO TaskSetManager: Starting task 11.0 in stage 6.0 (TID 85) (10.42.1.64,executor 1, partition 11, PROCESS_LOCAL, 9639 bytes) 
26/05/18 15:42:17 INFO TaskSetManager: Finished task 10.0 in stage 6.0 (TID 84) in 93 ms on 10.42.1.64 (executor 1) (21/50)
26/05/18 15:42:17 INFO TaskSetManager: Starting task 12.0 in stage 6.0 (TID 86) (10.42.1.64,executor 1, partition 12, PROCESS_LOCAL, 9639 bytes) 
26/05/18 15:42:17 INFO TaskSetManager: Finished task 11.0 in stage 6.0 (TID 85) in 30 ms on 10.42.1.64 (executor 1) (22/50)
26/05/18 15:42:17 INFO TaskSetManager: Starting task 13.0 in stage 6.0 (TID 87) (10.42.1.64,executor 1, partition 13, PROCESS_LOCAL, 9639 bytes) 
26/05/18 15:42:17 INFO TaskSetManager: Finished task 12.0 in stage 6.0 (TID 86) in 29 ms on 10.42.1.64 (executor 1) (23/50)
26/05/18 15:42:17 INFO TaskSetManager: Starting task 14.0 in stage 6.0 (TID 88) (10.42.1.64,executor 1, partition 14, PROCESS_LOCAL, 9639 bytes) 
26/05/18 15:42:17 INFO TaskSetManager: Finished task 13.0 in stage 6.0 (TID 87) in 44 ms on 10.42.1.64 (executor 1) (24/50)
26/05/18 15:42:17 INFO TaskSetManager: Starting task 15.0 in stage 6.0 (TID 89) (10.42.1.64,executor 1, partition 15, PROCESS_LOCAL, 9639 bytes) 
26/05/18 15:42:17 INFO TaskSetManager: Finished task 14.0 in stage 6.0 (TID 88) in 29 ms on 10.42.1.64 (executor 1) (25/50)
26/05/18 15:42:17 INFO TaskSetManager: Starting task 16.0 in stage 6.0 (TID 90) (10.42.1.64,executor 1, partition 16, PROCESS_LOCAL, 9639 bytes) 
26/05/18 15:42:17 INFO TaskSetManager: Finished task 15.0 in stage 6.0 (TID 89) in 66 ms on 10.42.1.64 (executor 1) (26/50)
26/05/18 15:42:17 INFO TaskSetManager: Starting task 17.0 in stage 6.0 (TID 91) (10.42.1.64,executor 1, partition 17, PROCESS_LOCAL, 9639 bytes) 
26/05/18 15:42:17 INFO TaskSetManager: Finished task 16.0 in stage 6.0 (TID 90) in 29 ms on 10.42.1.64 (executor 1) (27/50)
26/05/18 15:42:17 INFO TaskSetManager: Starting task 18.0 in stage 6.0 (TID 92) (10.42.1.64,executor 1, partition 18, PROCESS_LOCAL, 9639 bytes) 
26/05/18 15:42:17 INFO TaskSetManager: Finished task 17.0 in stage 6.0 (TID 91) in 28 ms on 10.42.1.64 (executor 1) (28/50)
26/05/18 15:42:17 INFO TaskSetManager: Starting task 19.0 in stage 6.0 (TID 93) (10.42.1.64,executor 1, partition 19, PROCESS_LOCAL, 9639 bytes) 
26/05/18 15:42:17 INFO TaskSetManager: Finished task 18.0 in stage 6.0 (TID 92) in 69 ms on 10.42.1.64 (executor 1) (29/50)
26/05/18 15:42:17 INFO TaskSetManager: Starting task 20.0 in stage 6.0 (TID 94) (10.42.1.64,executor 1, partition 20, PROCESS_LOCAL, 9639 bytes) 
26/05/18 15:42:17 INFO TaskSetManager: Finished task 19.0 in stage 6.0 (TID 93) in 27 ms on 10.42.1.64 (executor 1) (30/50)
26/05/18 15:42:17 INFO TaskSetManager: Starting task 21.0 in stage 6.0 (TID 95) (10.42.1.64,executor 1, partition 21, PROCESS_LOCAL, 9639 bytes) 
26/05/18 15:42:17 INFO TaskSetManager: Finished task 20.0 in stage 6.0 (TID 94) in 62 ms on 10.42.1.64 (executor 1) (31/50)
26/05/18 15:42:17 INFO TaskSetManager: Starting task 22.0 in stage 6.0 (TID 96) (10.42.1.64,executor 1, partition 22, PROCESS_LOCAL, 9639 bytes) 
26/05/18 15:42:17 INFO TaskSetManager: Finished task 21.0 in stage 6.0 (TID 95) in 28 ms on 10.42.1.64 (executor 1) (32/50)
26/05/18 15:42:18 INFO TaskSetManager: Starting task 24.0 in stage 6.0 (TID 97) (10.42.1.64,executor 1, partition 24, PROCESS_LOCAL, 9639 bytes) 
26/05/18 15:42:18 INFO TaskSetManager: Finished task 22.0 in stage 6.0 (TID 96) in 73 ms on 10.42.1.64 (executor 1) (33/50)
26/05/18 15:42:18 INFO TaskSetManager: Starting task 25.0 in stage 6.0 (TID 98) (10.42.1.64,executor 1, partition 25, PROCESS_LOCAL, 9639 bytes) 
26/05/18 15:42:18 INFO TaskSetManager: Finished task 24.0 in stage 6.0 (TID 97) in 94 ms on 10.42.1.64 (executor 1) (34/50)
26/05/18 15:42:18 INFO TaskSetManager: Starting task 26.0 in stage 6.0 (TID 99) (10.42.1.64,executor 1, partition 26, PROCESS_LOCAL, 9639 bytes) 
26/05/18 15:42:18 INFO TaskSetManager: Finished task 25.0 in stage 6.0 (TID 98) in 26 ms on 10.42.1.64 (executor 1) (35/50)
26/05/18 15:42:18 INFO TaskSetManager: Starting task 27.0 in stage 6.0 (TID 100) (10.42.1.64,executor 1, partition 27, PROCESS_LOCAL, 9639 bytes) 
26/05/18 15:42:18 INFO TaskSetManager: Finished task 26.0 in stage 6.0 (TID 99) in 94 ms on 10.42.1.64 (executor 1) (36/50)
26/05/18 15:42:18 INFO TaskSetManager: Starting task 30.0 in stage 6.0 (TID 101) (10.42.1.64,executor 1, partition 30, PROCESS_LOCAL, 9639 bytes) 
26/05/18 15:42:18 INFO TaskSetManager: Finished task 27.0 in stage 6.0 (TID 100) in 94 ms on 10.42.1.64 (executor 1) (37/50)
26/05/18 15:42:18 INFO TaskSetManager: Starting task 32.0 in stage 6.0 (TID 102) (10.42.1.64,executor 1, partition 32, PROCESS_LOCAL, 9639 bytes) 
26/05/18 15:42:18 INFO TaskSetManager: Finished task 30.0 in stage 6.0 (TID 101) in 28 ms on 10.42.1.64 (executor 1) (38/50)
26/05/18 15:42:18 INFO TaskSetManager: Starting task 33.0 in stage 6.0 (TID 103) (10.42.1.64,executor 1, partition 33, PROCESS_LOCAL, 9639 bytes) 
26/05/18 15:42:18 INFO TaskSetManager: Finished task 32.0 in stage 6.0 (TID 102) in 70 ms on 10.42.1.64 (executor 1) (39/50)
26/05/18 15:42:18 INFO TaskSetManager: Starting task 34.0 in stage 6.0 (TID 104) (10.42.1.64,executor 1, partition 34, PROCESS_LOCAL, 9639 bytes) 
26/05/18 15:42:18 INFO TaskSetManager: Finished task 33.0 in stage 6.0 (TID 103) in 97 ms on 10.42.1.64 (executor 1) (40/50)
26/05/18 15:42:18 INFO TaskSetManager: Starting task 35.0 in stage 6.0 (TID 105) (10.42.1.64,executor 1, partition 35, PROCESS_LOCAL, 9639 bytes) 
26/05/18 15:42:18 INFO TaskSetManager: Finished task 34.0 in stage 6.0 (TID 104) in 27 ms on 10.42.1.64 (executor 1) (41/50)
26/05/18 15:42:18 INFO TaskSetManager: Starting task 36.0 in stage 6.0 (TID 106) (10.42.1.64,executor 1, partition 36, PROCESS_LOCAL, 9639 bytes) 
26/05/18 15:42:18 INFO TaskSetManager: Finished task 35.0 in stage 6.0 (TID 105) in 27 ms on 10.42.1.64 (executor 1) (42/50)
26/05/18 15:42:18 INFO TaskSetManager: Starting task 37.0 in stage 6.0 (TID 107) (10.42.1.64,executor 1, partition 37, PROCESS_LOCAL, 9639 bytes) 
26/05/18 15:42:18 INFO TaskSetManager: Finished task 36.0 in stage 6.0 (TID 106) in 38 ms on 10.42.1.64 (executor 1) (43/50)
26/05/18 15:42:18 INFO TaskSetManager: Starting task 38.0 in stage 6.0 (TID 108) (10.42.1.64,executor 1, partition 38, PROCESS_LOCAL, 9639 bytes) 
26/05/18 15:42:18 INFO TaskSetManager: Finished task 37.0 in stage 6.0 (TID 107) in 28 ms on 10.42.1.64 (executor 1) (44/50)
26/05/18 15:42:18 INFO TaskSetManager: Starting task 39.0 in stage 6.0 (TID 109) (10.42.1.64,executor 1, partition 39, PROCESS_LOCAL, 9639 bytes) 
26/05/18 15:42:18 INFO TaskSetManager: Finished task 38.0 in stage 6.0 (TID 108) in 85 ms on 10.42.1.64 (executor 1) (45/50)
26/05/18 15:42:18 INFO TaskSetManager: Starting task 41.0 in stage 6.0 (TID 110) (10.42.1.64,executor 1, partition 41, PROCESS_LOCAL, 9639 bytes) 
26/05/18 15:42:18 INFO TaskSetManager: Finished task 39.0 in stage 6.0 (TID 109) in 27 ms on 10.42.1.64 (executor 1) (46/50)
26/05/18 15:42:18 INFO TaskSetManager: Starting task 45.0 in stage 6.0 (TID 111) (10.42.1.64,executor 1, partition 45, PROCESS_LOCAL, 9639 bytes) 
26/05/18 15:42:18 INFO TaskSetManager: Finished task 41.0 in stage 6.0 (TID 110) in 57 ms on 10.42.1.64 (executor 1) (47/50)
26/05/18 15:42:18 INFO TaskSetManager: Starting task 46.0 in stage 6.0 (TID 112) (10.42.1.64,executor 1, partition 46, PROCESS_LOCAL, 9639 bytes) 
26/05/18 15:42:18 INFO TaskSetManager: Finished task 45.0 in stage 6.0 (TID 111) in 28 ms on 10.42.1.64 (executor 1) (48/50)
26/05/18 15:42:18 INFO TaskSetManager: Starting task 47.0 in stage 6.0 (TID 113) (10.42.1.64,executor 1, partition 47, PROCESS_LOCAL, 9639 bytes) 
26/05/18 15:42:18 INFO TaskSetManager: Finished task 46.0 in stage 6.0 (TID 112) in 71 ms on 10.42.1.64 (executor 1) (49/50)
26/05/18 15:42:18 INFO TaskSetManager: Finished task 47.0 in stage 6.0 (TID 113) in 28 ms on 10.42.1.64 (executor 1) (50/50)
26/05/18 15:42:18 INFO TaskSchedulerImpl: Removed TaskSet 6.0 whose tasks have all completed, from pool 
26/05/18 15:42:18 INFO DAGScheduler: ShuffleMapStage 6 (start at NativeMethodAccessorImpl.java:0) finished in 3180 ms
26/05/18 15:42:18 INFO DAGScheduler: looking for newly runnable stages
26/05/18 15:42:18 INFO DAGScheduler: running: HashSet()
26/05/18 15:42:18 INFO DAGScheduler: waiting: HashSet(ResultStage 7)
26/05/18 15:42:18 INFO DAGScheduler: failed: HashSet()
26/05/18 15:42:18 INFO DAGScheduler: Submitting ResultStage 7 (MapPartitionsRDD[43] at start at NativeMethodAccessorImpl.java:0), which has no missing parents
26/05/18 15:42:18 INFO MemoryStore: Block broadcast_11 stored as values in memory (estimated size 528.8 KiB, free 432.1 MiB)
26/05/18 15:42:18 INFO MemoryStore: Block broadcast_11_piece0 stored as bytes in memory (estimated size 121.2 KiB, free 431.9 MiB)
26/05/18 15:42:18 INFO SparkContext: Created broadcast 11 from broadcast at DAGScheduler.scala:1676
26/05/18 15:42:18 INFO DAGScheduler: Submitting 1 missing tasks from ResultStage 7 (MapPartitionsRDD[43] at start at NativeMethodAccessorImpl.java:0) (first 15 tasks are for partitions Vector(0))
26/05/18 15:42:18 INFO TaskSchedulerImpl: Adding task set 7.0 with 1 tasks resource profile 0
26/05/18 15:42:18 INFO TaskSetManager: Starting task 0.0 in stage 7.0 (TID 114) (10.42.1.64,executor 1, partition 0, NODE_LOCAL, 9650 bytes) 
26/05/18 15:42:18 INFO MapOutputTrackerMasterEndpoint: Asked to send map output locations for shuffle 3 to 10.42.1.64:59476
26/05/18 15:42:19 INFO TaskSetManager: Finished task 0.0 in stage 7.0 (TID 114) in 81 ms on 10.42.1.64 (executor 1) (1/1)
26/05/18 15:42:19 INFO TaskSchedulerImpl: Removed TaskSet 7.0 whose tasks have all completed, from pool 
26/05/18 15:42:19 INFO DAGScheduler: ResultStage 7 (start at NativeMethodAccessorImpl.java:0) finished in 92 ms
26/05/18 15:42:19 INFO DAGScheduler: Job 4 is finished. Cancelling potential speculative or zombie tasks for this job
26/05/18 15:42:19 INFO TaskSchedulerImpl: Canceling stage 7
26/05/18 15:42:19 INFO TaskSchedulerImpl: Killing all running tasks in stage 7: Stage finished
26/05/18 15:42:19 INFO DAGScheduler: Job 4 finished: start at NativeMethodAccessorImpl.java:0, took 3514.466967 ms
26/05/18 15:42:19 INFO BlockManager: Removing RDD 17
26/05/18 15:42:19 INFO Snapshot: DELTA: Done
26/05/18 15:42:19 INFO ParquetUtils: Using default output committer for Parquet: org.apache.parquet.hadoop.ParquetOutputCommitter
26/05/18 15:42:19 INFO KafkaOffsetReaderAdmin: Partitions added: Map()
26/05/18 15:42:19 INFO SparkContext: Starting job: start at NativeMethodAccessorImpl.java:0
26/05/18 15:42:19 INFO DAGScheduler: Got job 5 (start at NativeMethodAccessorImpl.java:0) with 3 output partitions
26/05/18 15:42:19 INFO DAGScheduler: Final stage: ResultStage 8 (start at NativeMethodAccessorImpl.java:0)
26/05/18 15:42:19 INFO DAGScheduler: Parents of final stage: List()
26/05/18 15:42:19 INFO DAGScheduler: Missing parents: List()
26/05/18 15:42:19 INFO DAGScheduler: Submitting ResultStage 8 (MapPartitionsRDD[46] at start at NativeMethodAccessorImpl.java:0), which has no missing parents
26/05/18 15:42:19 INFO MemoryStore: Block broadcast_12 stored as values in memory (estimated size 429.0 KiB, free 432.1 MiB)
26/05/18 15:42:19 INFO MemoryStore: Block broadcast_12_piece0 stored as bytes in memory (estimated size 149.1 KiB, free 431.9 MiB)
26/05/18 15:42:19 INFO SparkContext: Created broadcast 12 from broadcast at DAGScheduler.scala:1676
26/05/18 15:42:19 INFO DAGScheduler: Submitting 3 missing tasks from ResultStage 8 (MapPartitionsRDD[46] at start at NativeMethodAccessorImpl.java:0) (first 15 tasks are for partitions Vector(0, 1, 2))
26/05/18 15:42:19 INFO TaskSchedulerImpl: Adding task set 8.0 with 3 tasks resource profile 0
26/05/18 15:42:19 INFO TaskSetManager: Starting task 0.0 in stage 8.0 (TID 115) (10.42.1.64,executor 1, partition 0, PROCESS_LOCAL, 10863 bytes) 
26/05/18 15:42:20 INFO TaskSetManager: Starting task 1.0 in stage 8.0 (TID 116) (10.42.1.64,executor 1, partition 1, PROCESS_LOCAL, 10863 bytes) 
26/05/18 15:42:20 INFO TaskSetManager: Finished task 0.0 in stage 8.0 (TID 115) in 586 ms on 10.42.1.64 (executor 1) (1/3)
26/05/18 15:42:20 INFO TaskSetManager: Starting task 2.0 in stage 8.0 (TID 117) (10.42.1.64,executor 1, partition 2, PROCESS_LOCAL, 10863 bytes) 
26/05/18 15:42:20 INFO TaskSetManager: Finished task 1.0 in stage 8.0 (TID 116) in 608 ms on 10.42.1.64 (executor 1) (2/3)
26/05/18 15:42:21 INFO TaskSetManager: Finished task 2.0 in stage 8.0 (TID 117) in 596 ms on 10.42.1.64 (executor 1) (3/3)
26/05/18 15:42:21 INFO TaskSchedulerImpl: Removed TaskSet 8.0 whose tasks have all completed, from pool 
26/05/18 15:42:21 INFO DAGScheduler: ResultStage 8 (start at NativeMethodAccessorImpl.java:0) finished in 1865 ms
26/05/18 15:42:21 INFO DAGScheduler: Job 5 is finished. Cancelling potential speculative or zombie tasks for this job
26/05/18 15:42:21 INFO TaskSchedulerImpl: Canceling stage 8
26/05/18 15:42:21 INFO TaskSchedulerImpl: Killing all running tasks in stage 8: Stage finished
26/05/18 15:42:21 INFO DAGScheduler: Job 5 finished: start at NativeMethodAccessorImpl.java:0, took 1866.900652 ms
26/05/18 15:42:21 INFO DeltaFileFormatWriter: Start to commit write Job 1ca889e1-21a6-4a94-8157-cf96b3476355.
26/05/18 15:42:21 INFO DeltaFileFormatWriter: Write Job 1ca889e1-21a6-4a94-8157-cf96b3476355 committed. Elapsed time: 0 ms.
26/05/18 15:42:21 INFO DeltaFileFormatWriter: Finished processing stats for write job 1ca889e1-21a6-4a94-8157-cf96b3476355.
26/05/18 15:42:21 INFO DeltaSink: Wrote 3 files, with total size 15929, 5 logical records, duration=2295 ms.
26/05/18 15:42:21 INFO OptimisticTransaction: [tableId=e54c2914,txnId=e72b9385] Attempting to commit version 2 with 5 actions with Serializable isolation level
26/05/18 15:42:21 INFO OptimisticTransaction: Incremental commit: starting with snapshot version 1
26/05/18 15:42:21 INFO DeltaLog: Creating a new snapshot v2 for commit version 2
26/05/18 15:42:21 INFO DeltaLog: Loading version 2.
26/05/18 15:42:21 INFO Snapshot: [tableId=e54c2914-4281-4b97-a14f-d4cd8e512b01] Created snapshot Snapshot(path=s3a://lakehouse/benchmark/bronze/20260518T154052Z/low/started/_delta_log, version=2, metadata=Metadata(e54c2914-4281-4b97-a14f-d4cd8e512b01,null,null,Format(parquet,Map()),{"type":"struct","fields":[{"name":"event_id","type":"string","nullable":true,"metadata":{}},{"name":"event_type","type":"string","nullable":true,"metadata":{}},{"name":"schema_version","type":"string","nullable":true,"metadata":{}},{"name":"trip_id","type":"string","nullable":true,"metadata":{}},{"name":"source_file","type":"string","nullable":true,"metadata":{}},{"name":"ingest_mode","type":"string","nullable":true,"metadata":{}},{"name":"ingest_timestamp","type":"timestamp","nullable":true,"metadata":{}},{"name":"event_time","type":"timestamp","nullable":true,"metadata":{}},{"name":"trip_date","type":"string","nullable":true,"metadata":{}},{"name":"vendor_id","type":"integer","nullable":true,"metadata":{}},{"name":"pickup_datetime","type":"timestamp","nullable":true,"metadata":{}},{"name":"passenger_count","type":"long","nullable":true,"metadata":{}},{"name":"pulocation_id","type":"integer","nullable":true,"metadata":{}},{"name":"dolocation_id","type":"integer","nullable":true,"metadata":{}}]},List(),Map(),Some(1779118886752)), logSegment=LogSegment(s3a://lakehouse/benchmark/bronze/20260518T154052Z/low/started/_delta_log,2,ArraySeq(S3AFileStatus{path=s3a://lakehouse/benchmark/bronze/20260518T154052Z/low/started/_delta_log/00000000000000000000.json; isDirectory=false; length=10954; replication=1; blocksize=33554432; modification_time=1779118909098; access_time=0; owner=spark; group=spark; permission=rw-rw-rw-; isSymlink=false; hasAcl=false; isEncrypted=true; isErasureCoded=false} isEmptyDirectory=FALSE eTag="2dc840860c22af6901e80b07ffd4ef78" versionId=null, S3AFileStatus{path=s3a://lakehouse/benchmark/bronze/20260518T154052Z/low/started/_delta_log/00000000000000000001.json; isDirectory=false; length=6534; replication=1; blocksize=33554432; modification_time=1779118933421; access_time=0; owner=spark; group=spark; permission=rw-rw-rw-; isSymlink=false; hasAcl=false; isEncrypted=true; isErasureCoded=false} isEmptyDirectory=FALSE eTag="12e73076721d9b91785d3f2f712039e1" versionId=null, S3AFileStatus{path=s3a://lakehouse/benchmark/bronze/20260518T154052Z/low/started/_delta_log/00000000000000000002.json; isDirectory=false; length=5042; replication=1; blocksize=33554432; modification_time=1779118941000; access_time=0; owner=spark; group=spark; permission=rw-rw-rw-; isSymlink=false; hasAcl=false; isEncrypted=true; isErasureCoded=false} isEmptyDirectory=FALSE eTag="004bb0d2cb529c0cb5ef31cccea13acb" versionId=null),org.apache.spark.sql.delta.EmptyCheckpointProvider$@664c2564,1779118941000), checksumOpt=Some(VersionChecksum(Some(e72b9385-acd2-45d3-9cb5-9dcb5dedd0c1),122714,13,None,None,1,1,None,Some(List(SetTransaction(4c71fffa-098f-430a-acdb-8cf33542b27e,2,Some(1779118941397)))),Some(List()),Metadata(e54c2914-4281-4b97-a14f-d4cd8e512b01,null,null,Format(parquet,Map()),{"type":"struct","fields":[{"name":"event_id","type":"string","nullable":true,"metadata":{}},{"name":"event_type","type":"string","nullable":true,"metadata":{}},{"name":"schema_version","type":"string","nullable":true,"metadata":{}},{"name":"trip_id","type":"string","nullable":true,"metadata":{}},{"name":"source_file","type":"string","nullable":true,"metadata":{}},{"name":"ingest_mode","type":"string","nullable":true,"metadata":{}},{"name":"ingest_timestamp","type":"timestamp","nullable":true,"metadata":{}},{"name":"event_time","type":"timestamp","nullable":true,"metadata":{}},{"name":"trip_date","type":"string","nullable":true,"metadata":{}},{"name":"vendor_id","type":"integer","nullable":true,"metadata":{}},{"name":"pickup_datetime","type":"timestamp","nullable":true,"metadata":{}},{"name":"passenger_count","type":"long","nullable":true,"metadata":{}},{"name":"pulocation_id","type":"integer","nullable":true,"metadata":{}},{"name":"dolocation_id","type":"integer","nullable":true,"metadata":{}}]},List(),Map(),Some(1779118886752)),Protocol(1,2),None,None,Some(List(AddFile(part-00005-56447017-32c5-4b7e-b9ab-d59860935c92-c000.snappy.parquet,Map(),13745,1779118908000,false,{"numRecords":58,"minValues":{"event_id":"1455410b53ba26496dd8268d814efb0d","event_type":"trip_started","schema_version":"2.0","trip_id":"055d4dc21a238c32a1173721d4ca04f8","source_file":"yellow_tripdata_2024-09.parquet","ingest_mode":"streaming","ingest_timestamp":"2026-05-18T15:30:33.344Z","event_time":"2024-08-31T23:41:24.000Z","trip_date":"2024-08-31","vendor_id":1,"pickup_datetime":"2024-08-31T23:41:24.000Z","passenger_count":1,"pulocation_id":4,"dolocation_id":13},"maxValues":{"event_id":"fc33a45f23b40ebd214e1bfc68a49bcb","event_type":"trip_started","schema_version":"2.0","trip_id":"fe2349c4e6416804cff94b8f71437d80","source_file":"yellow_tripdata_2024-09.parquet","ingest_mode":"streaming","ingest_timestamp":"2026-05-18T15:39:01.111Z","event_time":"2024-09-01T00:03:38.000Z","trip_date":"2024-09-01","vendor_id":2,"pickup_datetime":"2024-09-01T00:03:38.000Z","passenger_count":5,"pulocation_id":263,"dolocation_id":261},"nullCount":{"event_id":0,"event_type":0,"schema_version":0,"trip_id":0,"source_file":0,"ingest_mode":0,"ingest_timestamp":0,"event_time":0,"trip_date":0,"vendor_id":0,"pickup_datetime":0,"passenger_count":7,"pulocation_id":0,"dolocation_id":0}},null,null,None,None,None), AddFile(part-00000-08aad25c-9cc6-4b91-9c29-ef1ada60ea60-c000.snappy.parquet,Map(),16483,1779118902000,false,{"numRecords":73,"minValues":{"event_id":"0212d8086261a2018cb807d1a4d7a46b","event_type":"trip_started","schema_version":"2.0","trip_id":"031b404c98f442710d2269c0a06824fd","source_file":"yellow_tripdata_2024-09.parquet","ingest_mode":"streaming","ingest_timestamp":"2026-05-18T15:30:18.343Z","event_time":"2024-08-31T23:16:36.000Z","trip_date":"2024-08-31","vendor_id":1,"pickup_datetime":"2024-08-31T23:16:36.000Z","passenger_count":1,"pulocation_id":41,"dolocation_id":15},"maxValues":{"event_id":"febc668d372ab0492f5c4e7165b45be2","event_type":"trip_started","schema_version":"2.0","trip_id":"f8cfd09088ab01f1042a890d127bfcca","source_file":"yellow_tripdata_2024-09.parquet","ingest_mode":"streaming","ingest_timestamp":"2026-05-18T15:41:12.372Z","event_time":"2024-09-01T00:03:44.000Z","trip_date":"2024-09-01","vendor_id":2,"pickup_datetime":"2024-09-01T00:03:44.000Z","passenger_count":5,"pulocation_id":249,"dolocation_id":265},"nullCount":{"event_id":0,"event_type":0,"schema_version":0,"trip_id":0,"source_file":0,"ingest_mode":0,"ingest_timestamp":0,"event_time":0,"trip_date":0,"vendor_id":0,"pickup_datetime":0,"passenger_count":7,"pulocation_id":0,"dolocation_id":0}},null,null,None,None,None), AddFile(part-00002-204c9462-febd-4a6e-9fc5-d2cff48b0fab-c000.snappy.parquet,Map(),5290,1779118941000,false,{"numRecords":2,"minValues":{"event_id":"7094784f7b964147a344562f3c700452","event_type":"trip_started","schema_version":"2.0","trip_id":"49abd9d6c1136369978e031c3defd4dd","source_file":"yellow_tripdata_2024-09.parquet","ingest_mode":"streaming","ingest_timestamp":"2026-05-18T15:42:09.576Z","event_time":"2024-08-31T23:54:28.000Z","trip_date":"2024-08-31","vendor_id":2,"pickup_datetime":"2024-08-31T23:54:28.000Z","passenger_count":1,"pulocation_id":138,"dolocation_id":129},"maxValues":{"event_id":"a33916c25654965d32f61be210f37d0f","event_type":"trip_started","schema_version":"2.0","trip_id":"87e7c11c9799f63c59e672e1b144842e","source_file":"yellow_tripdata_2024-09.parquet","ingest_mode":"streaming","ingest_timestamp":"2026-05-18T15:42:11.576Z","event_time":"2024-08-31T23:54:38.000Z","trip_date":"2024-08-31","vendor_id":2,"pickup_datetime":"2024-08-31T23:54:38.000Z","passenger_count":2,"pulocation_id":230,"dolocation_id":162},"nullCount":{"event_id":0,"event_type":0,"schema_version":0,"trip_id":0,"source_file":0,"ingest_mode":0,"ingest_timestamp":0,"event_time":0,"trip_date":0,"vendor_id":0,"pickup_datetime":0,"passenger_count":0,"pulocation_id":0,"dolocation_id":0}},null,null,None,None,None), AddFile(part-00000-ac8a9b1d-58d7-4719-9e76-5f8fbe428c56-c000.snappy.parquet,Map(),5289,1779118932000,false,{"numRecords":2,"minValues":{"event_id":"0e42e0a8ff68c0593e5f62fe564cc867","event_type":"trip_started","schema_version":"2.0","trip_id":"74cc4dc0356999a5051ffc06fe590ba0","source_file":"yellow_tripdata_2024-09.parquet","ingest_mode":"streaming","ingest_timestamp":"2026-05-18T15:41:32.373Z","event_time":"2024-08-31T23:45:56.000Z","trip_date":"2024-08-31","vendor_id":2,"pickup_datetime":"2024-08-31T23:45:56.000Z","passenger_count":1,"pulocation_id":24,"dolocation_id":24},"maxValues":{"event_id":"20f272b57abcb77396229a1f4f79d2a6","event_type":"trip_started","schema_version":"2.0","trip_id":"7e4582c034b9714ccbb8b7972ee7452a","source_file":"yellow_tripdata_2024-09.parquet","ingest_mode":"streaming","ingest_timestamp":"2026-05-18T15:41:40.774Z","event_time":"2024-08-31T23:47:06.000Z","trip_date":"2024-08-31","vendor_id":2,"pickup_datetime":"2024-08-31T23:47:06.000Z","passenger_count":6,"pulocation_id":142,"dolocation_id":162},"nullCount":{"event_id":0,"event_type":0,"schema_version":0,"trip_id":0,"source_file":0,"ingest_mode":0,"ingest_timestamp":0,"event_time":0,"trip_date":0,"vendor_id":0,"pickup_datetime":0,"passenger_count":0,"pulocation_id":0,"dolocation_id":0}},null,null,None,None,None), AddFile(part-00001-3e08f1a9-004f-4148-96c2-ce39df27dafa-c000.snappy.parquet,Map(),5324,1779118932000,false,{"numRecords":1,"minValues":{"event_id":"49fd4523f0edf3af6db90b980f85b44b","event_type":"trip_started","schema_version":"2.0","trip_id":"a81a5f72bed880eb1011e846ec08a7b3","source_file":"yellow_tripdata_2024-09.parquet","ingest_mode":"streaming","ingest_timestamp":"2026-05-18T15:41:32.373Z","event_time":"2024-08-31T23:45:56.000Z","trip_date":"2024-08-31","vendor_id":2,"pickup_datetime":"2024-08-31T23:45:56.000Z","passenger_count":1,"pulocation_id":24,"dolocation_id":24},"maxValues":{"event_id":"49fd4523f0edf3af6db90b980f85b44b","event_type":"trip_started","schema_version":"2.0","trip_id":"a81a5f72bed880eb1011e846ec08a7b3","source_file":"yellow_tripdata_2024-09.parquet","ingest_mode":"streaming","ingest_timestamp":"2026-05-18T15:41:32.373Z","event_time":"2024-08-31T23:45:56.000Z","trip_date":"2024-08-31","vendor_id":2,"pickup_datetime":"2024-08-31T23:45:56.000Z","passenger_count":1,"pulocation_id":24,"dolocation_id":24},"nullCount":{"event_id":0,"event_type":0,"schema_version":0,"trip_id":0,"source_file":0,"ingest_mode":0,"ingest_timestamp":0,"event_time":0,"trip_date":0,"vendor_id":0,"pickup_datetime":0,"passenger_count":0,"pulocation_id":0,"dolocation_id":0}},null,null,None,None,None), AddFile(part-00002-d9b3fdfd-9a1c-4ba7-bce8-809853fb9b08-c000.snappy.parquet,Map(),5325,1779118933000,false,{"numRecords":1,"minValues":{"event_id":"c2b354f6093db075096dd7d6cd094124","event_type":"trip_started","schema_version":"2.0","trip_id":"2e493edb13c1adcaf6af648c66c05d11","source_file":"yellow_tripdata_2024-09.parquet","ingest_mode":"streaming","ingest_timestamp":"2026-05-18T15:41:49.575Z","event_time":"2024-08-31T23:48:15.000Z","trip_date":"2024-08-31","vendor_id":2,"pickup_datetime":"2024-08-31T23:48:15.000Z","passenger_count":1,"pulocation_id":87,"dolocation_id":232},"maxValues":{"event_id":"c2b354f6093db075096dd7d6cd094124","event_type":"trip_started","schema_version":"2.0","trip_id":"2e493edb13c1adcaf6af648c66c05d11","source_file":"yellow_tripdata_2024-09.parquet","ingest_mode":"streaming","ingest_timestamp":"2026-05-18T15:41:49.575Z","event_time":"2024-08-31T23:48:15.000Z","trip_date":"2024-08-31","vendor_id":2,"pickup_datetime":"2024-08-31T23:48:15.000Z","passenger_count":1,"pulocation_id":87,"dolocation_id":232},"nullCount":{"event_id":0,"event_type":0,"schema_version":0,"trip_id":0,"source_file":0,"ingest_mode":0,"ingest_timestamp":0,"event_time":0,"trip_date":0,"vendor_id":0,"pickup_datetime":0,"passenger_count":0,"pulocation_id":0,"dolocation_id":0}},null,null,None,None,None), AddFile(part-00002-d9b630b8-3fe6-47f4-bef5-e312d5875278-c000.snappy.parquet,Map(),15373,1779118905000,false,{"numRecords":67,"minValues":{"event_id":"011a460cb5a25c4ee561b11bfa14604d","event_type":"trip_started","schema_version":"2.0","trip_id":"02a39a8e328190af69190a907699ab05","source_file":"yellow_tripdata_2024-09.parquet","ingest_mode":"streaming","ingest_timestamp":"2026-05-18T15:30:23.343Z","event_time":"2024-08-31T23:31:22.000Z","trip_date":"2024-08-31","vendor_id":1,"pickup_datetime":"2024-08-31T23:31:22.000Z","passenger_count":0,"pulocation_id":24,"dolocation_id":7},"maxValues":{"event_id":"fb8fb0226b979d486aa1fe15bcadfd02","event_type":"trip_started","schema_version":"2.0","trip_id":"ff8ff4056149324b8cb6441936211b7a","source_file":"yellow_tripdata_2024-09.parquet","ingest_mode":"streaming","ingest_timestamp":"2026-05-18T15:41:17.372Z","event_time":"2024-09-01T00:03:44.000Z","trip_date":"2024-09-01","vendor_id":2,"pickup_datetime":"2024-09-01T00:03:44.000Z","passenger_count":6,"pulocation_id":265,"dolocation_id":265},"nullCount":{"event_id":0,"event_type":0,"schema_version":0,"trip_id":0,"source_file":0,"ingest_mode":0,"ingest_timestamp":0,"event_time":0,"trip_date":0,"vendor_id":0,"pickup_datetime":0,"passenger_count":7,"pulocation_id":0,"dolocation_id":0}},null,null,None,None,None), AddFile(part-00001-25597aa3-37ba-4ada-a57e-d65085251b3f-c000.snappy.parquet,Map(),10884,1779118904000,false,{"numRecords":36,"minValues":{"event_id":"00bb01354109838b627c857eebe80dc2","event_type":"trip_started","schema_version":"2.0","trip_id":"0151b1434bda3c8918caec4e7800368d","source_file":"yellow_tripdata_2024-09.parquet","ingest_mode":"streaming","ingest_timestamp":"2026-05-18T15:31:05.546Z","event_time":"2024-08-31T23:49:47.000Z","trip_date":"2024-08-31","vendor_id":1,"pickup_datetime":"2024-08-31T23:49:47.000Z","passenger_count":0,"pulocation_id":68,"dolocation_id":45},"maxValues":{"event_id":"fc777a5f3c65c6d093b9336703c5e846","event_type":"trip_started","schema_version":"2.0","trip_id":"febc1b1d83b45aebc128b44d8bf1e48d","source_file":"yellow_tripdata_2024-09.parquet","ingest_mode":"streaming","ingest_timestamp":"2026-05-18T15:38:55.109Z","event_time":"2024-09-01T00:03:32.000Z","trip_date":"2024-09-01","vendor_id":2,"pickup_datetime":"2024-09-01T00:03:32.000Z","passenger_count":5,"pulocation_id":263,"dolocation_id":265},"nullCount":{"event_id":0,"event_type":0,"schema_version":0,"trip_id":0,"source_file":0,"ingest_mode":0,"ingest_timestamp":0,"event_time":0,"trip_date":0,"vendor_id":0,"pickup_datetime":0,"passenger_count":3,"pulocation_id":0,"dolocation_id":0}},null,null,None,None,None), AddFile(part-00000-354a8d2e-7fe2-4583-a46c-fa6563c44f3f-c000.snappy.parquet,Map(),5314,1779118940000,false,{"numRecords":2,"minValues":{"event_id":"14702b58b8c37db8b2b50034899fc9c7","event_type":"trip_started","schema_version":"2.0","trip_id":"2c7293107d5369aafe0b0f664a64c1e4","source_file":"yellow_tripdata_2024-09.parquet","ingest_mode":"streaming","ingest_timestamp":"2026-05-18T15:42:04.576Z","event_time":"2024-08-31T23:53:06.000Z","trip_date":"2024-08-31","vendor_id":2,"pickup_datetime":"2024-08-31T23:53:06.000Z","passenger_count":1,"pulocation_id":48,"dolocation_id":48},"maxValues":{"event_id":"53de4f6d29a18ae8c5ee21ff0b51e6dd","event_type":"trip_started","schema_version":"2.0","trip_id":"2c83a9caa91b8b0fc7bb449a3e93bc05","source_file":"yellow_tripdata_2024-09.parquet","ingest_mode":"streaming","ingest_timestamp":"2026-05-18T15:42:12.777Z","event_time":"2024-08-31T23:54:44.000Z","trip_date":"2024-08-31","vendor_id":2,"pickup_datetime":"2024-08-31T23:54:44.000Z","passenger_count":1,"pulocation_id":231,"dolocation_id":231},"nullCount":{"event_id":0,"event_type":0,"schema_version":0,"trip_id":0,"source_file":0,"ingest_mode":0,"ingest_timestamp":0,"event_time":0,"trip_date":0,"vendor_id":0,"pickup_datetime":0,"passenger_count":0,"pulocation_id":0,"dolocation_id":0}},null,null,None,None,None), AddFile(part-00003-40e0630d-6fe9-4e39-9602-a33736b745ca-c000.snappy.parquet,Map(),5316,1779118933000,false,{"numRecords":2,"minValues":{"event_id":"3a11c04f3f86a8a2ed90c5835f8fcb0c","event_type":"trip_started","schema_version":"2.0","trip_id":"5ea4134ac6f17edb7f639fc94f24acac","source_file":"yellow_tripdata_2024-09.parquet","ingest_mode":"streaming","ingest_timestamp":"2026-05-18T15:41:27.373Z","event_time":"2024-08-31T23:41:24.000Z","trip_date":"2024-08-31","vendor_id":2,"pickup_datetime":"2024-08-31T23:41:24.000Z","passenger_count":1,"pulocation_id":100,"dolocation_id":42},"maxValues":{"event_id":"810ea42e4364ec7ab0e87ebf0400ae41","event_type":"trip_started","schema_version":"2.0","trip_id":"72cf0cd11b66424f5d72b72df8a87924","source_file":"yellow_tripdata_2024-09.parquet","ingest_mode":"streaming","ingest_timestamp":"2026-05-18T15:41:44.574Z","event_time":"2024-08-31T23:47:25.000Z","trip_date":"2024-08-31","vendor_id":2,"pickup_datetime":"2024-08-31T23:47:25.000Z","passenger_count":1,"pulocation_id":230,"dolocation_id":100},"nullCount":{"event_id":0,"event_type":0,"schema_version":0,"trip_id":0,"source_file":0,"ingest_mode":0,"ingest_timestamp":0,"event_time":0,"trip_date":0,"vendor_id":0,"pickup_datetime":0,"passenger_count":0,"pulocation_id":0,"dolocation_id":0}},null,null,None,None,None), AddFile(part-00004-bf95d00f-7224-4d19-8506-bb804d74ba69-c000.snappy.parquet,Map(),16203,1779118907000,false,{"numRecords":67,"minValues":{"event_id":"00f4412c4abb87a7edb991f16b8e3872","event_type":"trip_started","schema_version":"2.0","trip_id":"0106a3fdc6d124355ddbc3170eb7fa9d","source_file":"yellow_tripdata_2024-09.parquet","ingest_mode":"streaming","ingest_timestamp":"2026-05-18T15:30:55.546Z","event_time":"2024-08-31T23:48:15.000Z","trip_date":"2024-08-31","vendor_id":1,"pickup_datetime":"2024-08-31T23:48:15.000Z","passenger_count":0,"pulocation_id":41,"dolocation_id":4},"maxValues":{"event_id":"ffa973e5c6626d9b56f1d9367abd3987","event_type":"trip_started","schema_version":"2.0","trip_id":"fc82163fbf256ca3108569d8f7fa673b","source_file":"yellow_tripdata_2024-09.parquet","ingest_mode":"streaming","ingest_timestamp":"2026-05-18T15:39:10.112Z","event_time":"2024-09-01T00:03:47.000Z","trip_date":"2024-09-01","vendor_id":2,"pickup_datetime":"2024-09-01T00:03:47.000Z","passenger_count":5,"pulocation_id":255,"dolocation_id":263},"nullCount":{"event_id":0,"event_type":0,"schema_version":0,"trip_id":0,"source_file":0,"ingest_mode":0,"ingest_timestamp":0,"event_time":0,"trip_date":0,"vendor_id":0,"pickup_datetime":0,"passenger_count":12,"pulocation_id":0,"dolocation_id":0}},null,null,None,None,None), AddFile(part-00001-15e62d34-1cb7-4e48-afd5-30601fa3f01e-c000.snappy.parquet,Map(),5325,1779118940000,false,{"numRecords":1,"minValues":{"event_id":"b395c7a81f12a58f58489f623d958178","event_type":"trip_started","schema_version":"2.0","trip_id":"133e7d3180d10215019a7d0e6e3cc052","source_file":"yellow_tripdata_2024-09.parquet","ingest_mode":"streaming","ingest_timestamp":"2026-05-18T15:41:59.575Z","event_time":"2024-08-31T23:49:47.000Z","trip_date":"2024-08-31","vendor_id":2,"pickup_datetime":"2024-08-31T23:49:47.000Z","passenger_count":1,"pulocation_id":79,"dolocation_id":211},"maxValues":{"event_id":"b395c7a81f12a58f58489f623d958178","event_type":"trip_started","schema_version":"2.0","trip_id":"133e7d3180d10215019a7d0e6e3cc052","source_file":"yellow_tripdata_2024-09.parquet","ingest_mode":"streaming","ingest_timestamp":"2026-05-18T15:41:59.575Z","event_time":"2024-08-31T23:49:47.000Z","trip_date":"2024-08-31","vendor_id":2,"pickup_datetime":"2024-08-31T23:49:47.000Z","passenger_count":1,"pulocation_id":79,"dolocation_id":211},"nullCount":{"event_id":0,"event_type":0,"schema_version":0,"trip_id":0,"source_file":0,"ingest_mode":0,"ingest_timestamp":0,"event_time":0,"trip_date":0,"vendor_id":0,"pickup_datetime":0,"passenger_count":0,"pulocation_id":0,"dolocation_id":0}},null,null,None,None,None), AddFile(part-00003-b1b9f1d7-6ad3-4d3d-9129-31eff2c0ca88-c000.snappy.parquet,Map(),12843,1779118906000,false,{"numRecords":51,"minValues":{"event_id":"033a945818d220fae8d0f5ea06aade55","event_type":"trip_started","schema_version":"2.0","trip_id":"007211974f070e6081d820f78a892116","source_file":"yellow_tripdata_2024-09.parquet","ingest_mode":"streaming","ingest_timestamp":"2026-05-18T15:30:08.336Z","event_time":"2024-08-31T22:27:55.000Z","trip_date":"2024-08-31","vendor_id":1,"pickup_datetime":"2024-08-31T22:27:55.000Z","passenger_count":0,"pulocation_id":24,"dolocation_id":7},"maxValues":{"event_id":"f914c4bf2487bb514676e80f0e515e30","event_type":"trip_started","schema_version":"2.0","trip_id":"fd8556cf3a0c0a61eb48a4f6e35a55b5","source_file":"yellow_tripdata_2024-09.parquet","ingest_mode":"streaming","ingest_timestamp":"2026-05-18T15:41:02.366Z","event_time":"2024-09-01T00:03:39.000Z","trip_date":"2024-09-01","vendor_id":2,"pickup_datetime":"2024-09-01T00:03:39.000Z","passenger_count":5,"pulocation_id":249,"dolocation_id":265},"nullCount":{"event_id":0,"event_type":0,"schema_version":0,"trip_id":0,"source_file":0,"ingest_mode":0,"ingest_timestamp":0,"event_time":0,"trip_date":0,"vendor_id":0,"pickup_datetime":0,"passenger_count":11,"pulocation_id":0,"dolocation_id":0}},null,null,None,None,None))))))
26/05/18 15:42:21 INFO DeltaLog: Updated snapshot to Snapshot(path=s3a://lakehouse/benchmark/bronze/20260518T154052Z/low/started/_delta_log, version=2, metadata=Metadata(e54c2914-4281-4b97-a14f-d4cd8e512b01,null,null,Format(parquet,Map()),{"type":"struct","fields":[{"name":"event_id","type":"string","nullable":true,"metadata":{}},{"name":"event_type","type":"string","nullable":true,"metadata":{}},{"name":"schema_version","type":"string","nullable":true,"metadata":{}},{"name":"trip_id","type":"string","nullable":true,"metadata":{}},{"name":"source_file","type":"string","nullable":true,"metadata":{}},{"name":"ingest_mode","type":"string","nullable":true,"metadata":{}},{"name":"ingest_timestamp","type":"timestamp","nullable":true,"metadata":{}},{"name":"event_time","type":"timestamp","nullable":true,"metadata":{}},{"name":"trip_date","type":"string","nullable":true,"metadata":{}},{"name":"vendor_id","type":"integer","nullable":true,"metadata":{}},{"name":"pickup_datetime","type":"timestamp","nullable":true,"metadata":{}},{"name":"passenger_count","type":"long","nullable":true,"metadata":{}},{"name":"pulocation_id","type":"integer","nullable":true,"metadata":{}},{"name":"dolocation_id","type":"integer","nullable":true,"metadata":{}}]},List(),Map(),Some(1779118886752)), logSegment=LogSegment(s3a://lakehouse/benchmark/bronze/20260518T154052Z/low/started/_delta_log,2,ArraySeq(S3AFileStatus{path=s3a://lakehouse/benchmark/bronze/20260518T154052Z/low/started/_delta_log/00000000000000000000.json; isDirectory=false; length=10954; replication=1; blocksize=33554432; modification_time=1779118909098; access_time=0; owner=spark; group=spark; permission=rw-rw-rw-; isSymlink=false; hasAcl=false; isEncrypted=true; isErasureCoded=false} isEmptyDirectory=FALSE eTag="2dc840860c22af6901e80b07ffd4ef78" versionId=null, S3AFileStatus{path=s3a://lakehouse/benchmark/bronze/20260518T154052Z/low/started/_delta_log/00000000000000000001.json; isDirectory=false; length=6534; replication=1; blocksize=33554432; modification_time=1779118933421; access_time=0; owner=spark; group=spark; permission=rw-rw-rw-; isSymlink=false; hasAcl=false; isEncrypted=true; isErasureCoded=false} isEmptyDirectory=FALSE eTag="12e73076721d9b91785d3f2f712039e1" versionId=null, S3AFileStatus{path=s3a://lakehouse/benchmark/bronze/20260518T154052Z/low/started/_delta_log/00000000000000000002.json; isDirectory=false; length=5042; replication=1; blocksize=33554432; modification_time=1779118941000; access_time=0; owner=spark; group=spark; permission=rw-rw-rw-; isSymlink=false; hasAcl=false; isEncrypted=true; isErasureCoded=false} isEmptyDirectory=FALSE eTag="004bb0d2cb529c0cb5ef31cccea13acb" versionId=null),org.apache.spark.sql.delta.EmptyCheckpointProvider$@664c2564,1779118941000), checksumOpt=Some(VersionChecksum(Some(e72b9385-acd2-45d3-9cb5-9dcb5dedd0c1),122714,13,None,None,1,1,None,Some(List(SetTransaction(4c71fffa-098f-430a-acdb-8cf33542b27e,2,Some(1779118941397)))),Some(List()),Metadata(e54c2914-4281-4b97-a14f-d4cd8e512b01,null,null,Format(parquet,Map()),{"type":"struct","fields":[{"name":"event_id","type":"string","nullable":true,"metadata":{}},{"name":"event_type","type":"string","nullable":true,"metadata":{}},{"name":"schema_version","type":"string","nullable":true,"metadata":{}},{"name":"trip_id","type":"string","nullable":true,"metadata":{}},{"name":"source_file","type":"string","nullable":true,"metadata":{}},{"name":"ingest_mode","type":"string","nullable":true,"metadata":{}},{"name":"ingest_timestamp","type":"timestamp","nullable":true,"metadata":{}},{"name":"event_time","type":"timestamp","nullable":true,"metadata":{}},{"name":"trip_date","type":"string","nullable":true,"metadata":{}},{"name":"vendor_id","type":"integer","nullable":true,"metadata":{}},{"name":"pickup_datetime","type":"timestamp","nullable":true,"metadata":{}},{"name":"passenger_count","type":"long","nullable":true,"metadata":{}},{"name":"pulocation_id","type":"integer","nullable":true,"metadata":{}},{"name":"dolocation_id","type":"integer","nullable":true,"metadata":{}}]},List(),Map(),Some(1779118886752)),Protocol(1,2),None,None,Some(List(AddFile(part-00005-56447017-32c5-4b7e-b9ab-d59860935c92-c000.snappy.parquet,Map(),13745,1779118908000,false,{"numRecords":58,"minValues":{"event_id":"1455410b53ba26496dd8268d814efb0d","event_type":"trip_started","schema_version":"2.0","trip_id":"055d4dc21a238c32a1173721d4ca04f8","source_file":"yellow_tripdata_2024-09.parquet","ingest_mode":"streaming","ingest_timestamp":"2026-05-18T15:30:33.344Z","event_time":"2024-08-31T23:41:24.000Z","trip_date":"2024-08-31","vendor_id":1,"pickup_datetime":"2024-08-31T23:41:24.000Z","passenger_count":1,"pulocation_id":4,"dolocation_id":13},"maxValues":{"event_id":"fc33a45f23b40ebd214e1bfc68a49bcb","event_type":"trip_started","schema_version":"2.0","trip_id":"fe2349c4e6416804cff94b8f71437d80","source_file":"yellow_tripdata_2024-09.parquet","ingest_mode":"streaming","ingest_timestamp":"2026-05-18T15:39:01.111Z","event_time":"2024-09-01T00:03:38.000Z","trip_date":"2024-09-01","vendor_id":2,"pickup_datetime":"2024-09-01T00:03:38.000Z","passenger_count":5,"pulocation_id":263,"dolocation_id":261},"nullCount":{"event_id":0,"event_type":0,"schema_version":0,"trip_id":0,"source_file":0,"ingest_mode":0,"ingest_timestamp":0,"event_time":0,"trip_date":0,"vendor_id":0,"pickup_datetime":0,"passenger_count":7,"pulocation_id":0,"dolocation_id":0}},null,null,None,None,None), AddFile(part-00000-08aad25c-9cc6-4b91-9c29-ef1ada60ea60-c000.snappy.parquet,Map(),16483,1779118902000,false,{"numRecords":73,"minValues":{"event_id":"0212d8086261a2018cb807d1a4d7a46b","event_type":"trip_started","schema_version":"2.0","trip_id":"031b404c98f442710d2269c0a06824fd","source_file":"yellow_tripdata_2024-09.parquet","ingest_mode":"streaming","ingest_timestamp":"2026-05-18T15:30:18.343Z","event_time":"2024-08-31T23:16:36.000Z","trip_date":"2024-08-31","vendor_id":1,"pickup_datetime":"2024-08-31T23:16:36.000Z","passenger_count":1,"pulocation_id":41,"dolocation_id":15},"maxValues":{"event_id":"febc668d372ab0492f5c4e7165b45be2","event_type":"trip_started","schema_version":"2.0","trip_id":"f8cfd09088ab01f1042a890d127bfcca","source_file":"yellow_tripdata_2024-09.parquet","ingest_mode":"streaming","ingest_timestamp":"2026-05-18T15:41:12.372Z","event_time":"2024-09-01T00:03:44.000Z","trip_date":"2024-09-01","vendor_id":2,"pickup_datetime":"2024-09-01T00:03:44.000Z","passenger_count":5,"pulocation_id":249,"dolocation_id":265},"nullCount":{"event_id":0,"event_type":0,"schema_version":0,"trip_id":0,"source_file":0,"ingest_mode":0,"ingest_timestamp":0,"event_time":0,"trip_date":0,"vendor_id":0,"pickup_datetime":0,"passenger_count":7,"pulocation_id":0,"dolocation_id":0}},null,null,None,None,None), AddFile(part-00002-204c9462-febd-4a6e-9fc5-d2cff48b0fab-c000.snappy.parquet,Map(),5290,1779118941000,false,{"numRecords":2,"minValues":{"event_id":"7094784f7b964147a344562f3c700452","event_type":"trip_started","schema_version":"2.0","trip_id":"49abd9d6c1136369978e031c3defd4dd","source_file":"yellow_tripdata_2024-09.parquet","ingest_mode":"streaming","ingest_timestamp":"2026-05-18T15:42:09.576Z","event_time":"2024-08-31T23:54:28.000Z","trip_date":"2024-08-31","vendor_id":2,"pickup_datetime":"2024-08-31T23:54:28.000Z","passenger_count":1,"pulocation_id":138,"dolocation_id":129},"maxValues":{"event_id":"a33916c25654965d32f61be210f37d0f","event_type":"trip_started","schema_version":"2.0","trip_id":"87e7c11c9799f63c59e672e1b144842e","source_file":"yellow_tripdata_2024-09.parquet","ingest_mode":"streaming","ingest_timestamp":"2026-05-18T15:42:11.576Z","event_time":"2024-08-31T23:54:38.000Z","trip_date":"2024-08-31","vendor_id":2,"pickup_datetime":"2024-08-31T23:54:38.000Z","passenger_count":2,"pulocation_id":230,"dolocation_id":162},"nullCount":{"event_id":0,"event_type":0,"schema_version":0,"trip_id":0,"source_file":0,"ingest_mode":0,"ingest_timestamp":0,"event_time":0,"trip_date":0,"vendor_id":0,"pickup_datetime":0,"passenger_count":0,"pulocation_id":0,"dolocation_id":0}},null,null,None,None,None), AddFile(part-00000-ac8a9b1d-58d7-4719-9e76-5f8fbe428c56-c000.snappy.parquet,Map(),5289,1779118932000,false,{"numRecords":2,"minValues":{"event_id":"0e42e0a8ff68c0593e5f62fe564cc867","event_type":"trip_started","schema_version":"2.0","trip_id":"74cc4dc0356999a5051ffc06fe590ba0","source_file":"yellow_tripdata_2024-09.parquet","ingest_mode":"streaming","ingest_timestamp":"2026-05-18T15:41:32.373Z","event_time":"2024-08-31T23:45:56.000Z","trip_date":"2024-08-31","vendor_id":2,"pickup_datetime":"2024-08-31T23:45:56.000Z","passenger_count":1,"pulocation_id":24,"dolocation_id":24},"maxValues":{"event_id":"20f272b57abcb77396229a1f4f79d2a6","event_type":"trip_started","schema_version":"2.0","trip_id":"7e4582c034b9714ccbb8b7972ee7452a","source_file":"yellow_tripdata_2024-09.parquet","ingest_mode":"streaming","ingest_timestamp":"2026-05-18T15:41:40.774Z","event_time":"2024-08-31T23:47:06.000Z","trip_date":"2024-08-31","vendor_id":2,"pickup_datetime":"2024-08-31T23:47:06.000Z","passenger_count":6,"pulocation_id":142,"dolocation_id":162},"nullCount":{"event_id":0,"event_type":0,"schema_version":0,"trip_id":0,"source_file":0,"ingest_mode":0,"ingest_timestamp":0,"event_time":0,"trip_date":0,"vendor_id":0,"pickup_datetime":0,"passenger_count":0,"pulocation_id":0,"dolocation_id":0}},null,null,None,None,None), AddFile(part-00001-3e08f1a9-004f-4148-96c2-ce39df27dafa-c000.snappy.parquet,Map(),5324,1779118932000,false,{"numRecords":1,"minValues":{"event_id":"49fd4523f0edf3af6db90b980f85b44b","event_type":"trip_started","schema_version":"2.0","trip_id":"a81a5f72bed880eb1011e846ec08a7b3","source_file":"yellow_tripdata_2024-09.parquet","ingest_mode":"streaming","ingest_timestamp":"2026-05-18T15:41:32.373Z","event_time":"2024-08-31T23:45:56.000Z","trip_date":"2024-08-31","vendor_id":2,"pickup_datetime":"2024-08-31T23:45:56.000Z","passenger_count":1,"pulocation_id":24,"dolocation_id":24},"maxValues":{"event_id":"49fd4523f0edf3af6db90b980f85b44b","event_type":"trip_started","schema_version":"2.0","trip_id":"a81a5f72bed880eb1011e846ec08a7b3","source_file":"yellow_tripdata_2024-09.parquet","ingest_mode":"streaming","ingest_timestamp":"2026-05-18T15:41:32.373Z","event_time":"2024-08-31T23:45:56.000Z","trip_date":"2024-08-31","vendor_id":2,"pickup_datetime":"2024-08-31T23:45:56.000Z","passenger_count":1,"pulocation_id":24,"dolocation_id":24},"nullCount":{"event_id":0,"event_type":0,"schema_version":0,"trip_id":0,"source_file":0,"ingest_mode":0,"ingest_timestamp":0,"event_time":0,"trip_date":0,"vendor_id":0,"pickup_datetime":0,"passenger_count":0,"pulocation_id":0,"dolocation_id":0}},null,null,None,None,None), AddFile(part-00002-d9b3fdfd-9a1c-4ba7-bce8-809853fb9b08-c000.snappy.parquet,Map(),5325,1779118933000,false,{"numRecords":1,"minValues":{"event_id":"c2b354f6093db075096dd7d6cd094124","event_type":"trip_started","schema_version":"2.0","trip_id":"2e493edb13c1adcaf6af648c66c05d11","source_file":"yellow_tripdata_2024-09.parquet","ingest_mode":"streaming","ingest_timestamp":"2026-05-18T15:41:49.575Z","event_time":"2024-08-31T23:48:15.000Z","trip_date":"2024-08-31","vendor_id":2,"pickup_datetime":"2024-08-31T23:48:15.000Z","passenger_count":1,"pulocation_id":87,"dolocation_id":232},"maxValues":{"event_id":"c2b354f6093db075096dd7d6cd094124","event_type":"trip_started","schema_version":"2.0","trip_id":"2e493edb13c1adcaf6af648c66c05d11","source_file":"yellow_tripdata_2024-09.parquet","ingest_mode":"streaming","ingest_timestamp":"2026-05-18T15:41:49.575Z","event_time":"2024-08-31T23:48:15.000Z","trip_date":"2024-08-31","vendor_id":2,"pickup_datetime":"2024-08-31T23:48:15.000Z","passenger_count":1,"pulocation_id":87,"dolocation_id":232},"nullCount":{"event_id":0,"event_type":0,"schema_version":0,"trip_id":0,"source_file":0,"ingest_mode":0,"ingest_timestamp":0,"event_time":0,"trip_date":0,"vendor_id":0,"pickup_datetime":0,"passenger_count":0,"pulocation_id":0,"dolocation_id":0}},null,null,None,None,None), AddFile(part-00002-d9b630b8-3fe6-47f4-bef5-e312d5875278-c000.snappy.parquet,Map(),15373,1779118905000,false,{"numRecords":67,"minValues":{"event_id":"011a460cb5a25c4ee561b11bfa14604d","event_type":"trip_started","schema_version":"2.0","trip_id":"02a39a8e328190af69190a907699ab05","source_file":"yellow_tripdata_2024-09.parquet","ingest_mode":"streaming","ingest_timestamp":"2026-05-18T15:30:23.343Z","event_time":"2024-08-31T23:31:22.000Z","trip_date":"2024-08-31","vendor_id":1,"pickup_datetime":"2024-08-31T23:31:22.000Z","passenger_count":0,"pulocation_id":24,"dolocation_id":7},"maxValues":{"event_id":"fb8fb0226b979d486aa1fe15bcadfd02","event_type":"trip_started","schema_version":"2.0","trip_id":"ff8ff4056149324b8cb6441936211b7a","source_file":"yellow_tripdata_2024-09.parquet","ingest_mode":"streaming","ingest_timestamp":"2026-05-18T15:41:17.372Z","event_time":"2024-09-01T00:03:44.000Z","trip_date":"2024-09-01","vendor_id":2,"pickup_datetime":"2024-09-01T00:03:44.000Z","passenger_count":6,"pulocation_id":265,"dolocation_id":265},"nullCount":{"event_id":0,"event_type":0,"schema_version":0,"trip_id":0,"source_file":0,"ingest_mode":0,"ingest_timestamp":0,"event_time":0,"trip_date":0,"vendor_id":0,"pickup_datetime":0,"passenger_count":7,"pulocation_id":0,"dolocation_id":0}},null,null,None,None,None), AddFile(part-00001-25597aa3-37ba-4ada-a57e-d65085251b3f-c000.snappy.parquet,Map(),10884,1779118904000,false,{"numRecords":36,"minValues":{"event_id":"00bb01354109838b627c857eebe80dc2","event_type":"trip_started","schema_version":"2.0","trip_id":"0151b1434bda3c8918caec4e7800368d","source_file":"yellow_tripdata_2024-09.parquet","ingest_mode":"streaming","ingest_timestamp":"2026-05-18T15:31:05.546Z","event_time":"2024-08-31T23:49:47.000Z","trip_date":"2024-08-31","vendor_id":1,"pickup_datetime":"2024-08-31T23:49:47.000Z","passenger_count":0,"pulocation_id":68,"dolocation_id":45},"maxValues":{"event_id":"fc777a5f3c65c6d093b9336703c5e846","event_type":"trip_started","schema_version":"2.0","trip_id":"febc1b1d83b45aebc128b44d8bf1e48d","source_file":"yellow_tripdata_2024-09.parquet","ingest_mode":"streaming","ingest_timestamp":"2026-05-18T15:38:55.109Z","event_time":"2024-09-01T00:03:32.000Z","trip_date":"2024-09-01","vendor_id":2,"pickup_datetime":"2024-09-01T00:03:32.000Z","passenger_count":5,"pulocation_id":263,"dolocation_id":265},"nullCount":{"event_id":0,"event_type":0,"schema_version":0,"trip_id":0,"source_file":0,"ingest_mode":0,"ingest_timestamp":0,"event_time":0,"trip_date":0,"vendor_id":0,"pickup_datetime":0,"passenger_count":3,"pulocation_id":0,"dolocation_id":0}},null,null,None,None,None), AddFile(part-00000-354a8d2e-7fe2-4583-a46c-fa6563c44f3f-c000.snappy.parquet,Map(),5314,1779118940000,false,{"numRecords":2,"minValues":{"event_id":"14702b58b8c37db8b2b50034899fc9c7","event_type":"trip_started","schema_version":"2.0","trip_id":"2c7293107d5369aafe0b0f664a64c1e4","source_file":"yellow_tripdata_2024-09.parquet","ingest_mode":"streaming","ingest_timestamp":"2026-05-18T15:42:04.576Z","event_time":"2024-08-31T23:53:06.000Z","trip_date":"2024-08-31","vendor_id":2,"pickup_datetime":"2024-08-31T23:53:06.000Z","passenger_count":1,"pulocation_id":48,"dolocation_id":48},"maxValues":{"event_id":"53de4f6d29a18ae8c5ee21ff0b51e6dd","event_type":"trip_started","schema_version":"2.0","trip_id":"2c83a9caa91b8b0fc7bb449a3e93bc05","source_file":"yellow_tripdata_2024-09.parquet","ingest_mode":"streaming","ingest_timestamp":"2026-05-18T15:42:12.777Z","event_time":"2024-08-31T23:54:44.000Z","trip_date":"2024-08-31","vendor_id":2,"pickup_datetime":"2024-08-31T23:54:44.000Z","passenger_count":1,"pulocation_id":231,"dolocation_id":231},"nullCount":{"event_id":0,"event_type":0,"schema_version":0,"trip_id":0,"source_file":0,"ingest_mode":0,"ingest_timestamp":0,"event_time":0,"trip_date":0,"vendor_id":0,"pickup_datetime":0,"passenger_count":0,"pulocation_id":0,"dolocation_id":0}},null,null,None,None,None), AddFile(part-00003-40e0630d-6fe9-4e39-9602-a33736b745ca-c000.snappy.parquet,Map(),5316,1779118933000,false,{"numRecords":2,"minValues":{"event_id":"3a11c04f3f86a8a2ed90c5835f8fcb0c","event_type":"trip_started","schema_version":"2.0","trip_id":"5ea4134ac6f17edb7f639fc94f24acac","source_file":"yellow_tripdata_2024-09.parquet","ingest_mode":"streaming","ingest_timestamp":"2026-05-18T15:41:27.373Z","event_time":"2024-08-31T23:41:24.000Z","trip_date":"2024-08-31","vendor_id":2,"pickup_datetime":"2024-08-31T23:41:24.000Z","passenger_count":1,"pulocation_id":100,"dolocation_id":42},"maxValues":{"event_id":"810ea42e4364ec7ab0e87ebf0400ae41","event_type":"trip_started","schema_version":"2.0","trip_id":"72cf0cd11b66424f5d72b72df8a87924","source_file":"yellow_tripdata_2024-09.parquet","ingest_mode":"streaming","ingest_timestamp":"2026-05-18T15:41:44.574Z","event_time":"2024-08-31T23:47:25.000Z","trip_date":"2024-08-31","vendor_id":2,"pickup_datetime":"2024-08-31T23:47:25.000Z","passenger_count":1,"pulocation_id":230,"dolocation_id":100},"nullCount":{"event_id":0,"event_type":0,"schema_version":0,"trip_id":0,"source_file":0,"ingest_mode":0,"ingest_timestamp":0,"event_time":0,"trip_date":0,"vendor_id":0,"pickup_datetime":0,"passenger_count":0,"pulocation_id":0,"dolocation_id":0}},null,null,None,None,None), AddFile(part-00004-bf95d00f-7224-4d19-8506-bb804d74ba69-c000.snappy.parquet,Map(),16203,1779118907000,false,{"numRecords":67,"minValues":{"event_id":"00f4412c4abb87a7edb991f16b8e3872","event_type":"trip_started","schema_version":"2.0","trip_id":"0106a3fdc6d124355ddbc3170eb7fa9d","source_file":"yellow_tripdata_2024-09.parquet","ingest_mode":"streaming","ingest_timestamp":"2026-05-18T15:30:55.546Z","event_time":"2024-08-31T23:48:15.000Z","trip_date":"2024-08-31","vendor_id":1,"pickup_datetime":"2024-08-31T23:48:15.000Z","passenger_count":0,"pulocation_id":41,"dolocation_id":4},"maxValues":{"event_id":"ffa973e5c6626d9b56f1d9367abd3987","event_type":"trip_started","schema_version":"2.0","trip_id":"fc82163fbf256ca3108569d8f7fa673b","source_file":"yellow_tripdata_2024-09.parquet","ingest_mode":"streaming","ingest_timestamp":"2026-05-18T15:39:10.112Z","event_time":"2024-09-01T00:03:47.000Z","trip_date":"2024-09-01","vendor_id":2,"pickup_datetime":"2024-09-01T00:03:47.000Z","passenger_count":5,"pulocation_id":255,"dolocation_id":263},"nullCount":{"event_id":0,"event_type":0,"schema_version":0,"trip_id":0,"source_file":0,"ingest_mode":0,"ingest_timestamp":0,"event_time":0,"trip_date":0,"vendor_id":0,"pickup_datetime":0,"passenger_count":12,"pulocation_id":0,"dolocation_id":0}},null,null,None,None,None), AddFile(part-00001-15e62d34-1cb7-4e48-afd5-30601fa3f01e-c000.snappy.parquet,Map(),5325,1779118940000,false,{"numRecords":1,"minValues":{"event_id":"b395c7a81f12a58f58489f623d958178","event_type":"trip_started","schema_version":"2.0","trip_id":"133e7d3180d10215019a7d0e6e3cc052","source_file":"yellow_tripdata_2024-09.parquet","ingest_mode":"streaming","ingest_timestamp":"2026-05-18T15:41:59.575Z","event_time":"2024-08-31T23:49:47.000Z","trip_date":"2024-08-31","vendor_id":2,"pickup_datetime":"2024-08-31T23:49:47.000Z","passenger_count":1,"pulocation_id":79,"dolocation_id":211},"maxValues":{"event_id":"b395c7a81f12a58f58489f623d958178","event_type":"trip_started","schema_version":"2.0","trip_id":"133e7d3180d10215019a7d0e6e3cc052","source_file":"yellow_tripdata_2024-09.parquet","ingest_mode":"streaming","ingest_timestamp":"2026-05-18T15:41:59.575Z","event_time":"2024-08-31T23:49:47.000Z","trip_date":"2024-08-31","vendor_id":2,"pickup_datetime":"2024-08-31T23:49:47.000Z","passenger_count":1,"pulocation_id":79,"dolocation_id":211},"nullCount":{"event_id":0,"event_type":0,"schema_version":0,"trip_id":0,"source_file":0,"ingest_mode":0,"ingest_timestamp":0,"event_time":0,"trip_date":0,"vendor_id":0,"pickup_datetime":0,"passenger_count":0,"pulocation_id":0,"dolocation_id":0}},null,null,None,None,None), AddFile(part-00003-b1b9f1d7-6ad3-4d3d-9129-31eff2c0ca88-c000.snappy.parquet,Map(),12843,1779118906000,false,{"numRecords":51,"minValues":{"event_id":"033a945818d220fae8d0f5ea06aade55","event_type":"trip_started","schema_version":"2.0","trip_id":"007211974f070e6081d820f78a892116","source_file":"yellow_tripdata_2024-09.parquet","ingest_mode":"streaming","ingest_timestamp":"2026-05-18T15:30:08.336Z","event_time":"2024-08-31T22:27:55.000Z","trip_date":"2024-08-31","vendor_id":1,"pickup_datetime":"2024-08-31T22:27:55.000Z","passenger_count":0,"pulocation_id":24,"dolocation_id":7},"maxValues":{"event_id":"f914c4bf2487bb514676e80f0e515e30","event_type":"trip_started","schema_version":"2.0","trip_id":"fd8556cf3a0c0a61eb48a4f6e35a55b5","source_file":"yellow_tripdata_2024-09.parquet","ingest_mode":"streaming","ingest_timestamp":"2026-05-18T15:41:02.366Z","event_time":"2024-09-01T00:03:39.000Z","trip_date":"2024-09-01","vendor_id":2,"pickup_datetime":"2024-09-01T00:03:39.000Z","passenger_count":5,"pulocation_id":249,"dolocation_id":265},"nullCount":{"event_id":0,"event_type":0,"schema_version":0,"trip_id":0,"source_file":0,"ingest_mode":0,"ingest_timestamp":0,"event_time":0,"trip_date":0,"vendor_id":0,"pickup_datetime":0,"passenger_count":11,"pulocation_id":0,"dolocation_id":0}},null,null,None,None,None))))))
26/05/18 15:42:21 INFO MapPartitionsRDD: Removing RDD 37 from persistence list
26/05/18 15:42:21 INFO BlockManager: Removing RDD 37
26/05/18 15:42:21 INFO DeltaLogFileIndex: Created DeltaLogFileIndex(JSON, numFilesInSegment: 3, totalFileSize: 22530)
26/05/18 15:42:21 INFO OptimisticTransaction: [tableId=e54c2914,txnId=e72b9385] Committed delta #2 to s3a://lakehouse/benchmark/bronze/20260518T154052Z/low/started/_delta_log
26/05/18 15:42:21 INFO ChecksumHook: Writing checksum file for table path s3a://lakehouse/benchmark/bronze/20260518T154052Z/low/started/_delta_log version 2
26/05/18 15:42:21 INFO CheckpointFileManager: Writing atomically to s3a://lakehouse/benchmark/bronze/20260518T154052Z/low/started/_delta_log/00000000000000000002.crc using temp file s3a://lakehouse/benchmark/bronze/20260518T154052Z/low/started/_delta_log/.00000000000000000002.crc.8d693ae2-3f82-48af-8f35-eb64453a380f.tmp
26/05/18 15:42:21 INFO CheckpointFileManager: Renamed temp file s3a://lakehouse/benchmark/bronze/20260518T154052Z/low/started/_delta_log/.00000000000000000002.crc.8d693ae2-3f82-48af-8f35-eb64453a380f.tmp to s3a://lakehouse/benchmark/bronze/20260518T154052Z/low/started/_delta_log/00000000000000000002.crc
26/05/18 15:42:21 INFO DeltaSink: Committed transaction, batchId=2, duration=148 ms, added 3 files, removed 0 files.
26/05/18 15:42:21 INFO CheckpointFileManager: Writing atomically to s3a://lakehouse/_checkpoints/benchmark/20260518T154052Z/low/started/commits/2 using temp file s3a://lakehouse/_checkpoints/benchmark/20260518T154052Z/low/started/commits/.2.085293fa-125e-4249-8e19-3b532040d126.tmp
26/05/18 15:42:21 INFO CheckpointFileManager: Renamed temp file s3a://lakehouse/_checkpoints/benchmark/20260518T154052Z/low/started/commits/.2.085293fa-125e-4249-8e19-3b532040d126.tmp to s3a://lakehouse/_checkpoints/benchmark/20260518T154052Z/low/started/commits/2
26/05/18 15:42:21 INFO MicroBatchExecutionContext: Extracting source progress metrics for source=KafkaV2[Subscribe[nyc-taxi-trip-started]] took duration_ms=0
26/05/18 15:42:21 INFO MicroBatchExecutionContext: Extracting sink progress metrics for sink=DeltaSink[s3a://lakehouse/benchmark/bronze/20260518T154052Z/low/started] took duration_ms=0
26/05/18 15:42:21 INFO ProgressReporter: Streaming query made progress: {
  "id" : "4c71fffa-098f-430a-acdb-8cf33542b27e",
  "runId" : "115be754-ecb0-4808-843b-18c4b16f4924",
  "name" : null,
  "timestamp" : "2026-05-18T15:42:13.716Z",
  "batchId" : 2,
  "batchDuration" : 8000,
  "numInputRows" : 5,
  "inputRowsPerSecond" : 0.2436647173489279,
  "processedRowsPerSecond" : 0.625,
  "durationMs" : {
    "addBatch" : 7450,
    "commitOffsets" : 169,
    "getBatch" : 0,
    "latestOffset" : 7,
    "queryPlanning" : 154,
    "triggerExecution" : 7999,
    "walCommit" : 217
  },
  "stateOperators" : [ ],
  "sources" : [ {
    "description" : "KafkaV2[Subscribe[nyc-taxi-trip-started]]",
    "startOffset" : {
      "nyc-taxi-trip-started" : {
        "0" : 73,
        "1" : 36,
        "2" : 52,
        "3" : 60,
        "4" : 68,
        "5" : 69
      }
    },
    "endOffset" : {
      "nyc-taxi-trip-started" : {
        "0" : 75,
        "1" : 37,
        "2" : 52,
        "3" : 62,
        "4" : 68,
        "5" : 69
      }
    },
    "latestOffset" : {
      "nyc-taxi-trip-started" : {
        "0" : 75,
        "1" : 37,
        "2" : 52,
        "3" : 62,
        "4" : 68,
        "5" : 69
      }
    },
    "numInputRows" : 5,
    "inputRowsPerSecond" : 0.2436647173489279,
    "processedRowsPerSecond" : 0.625,
    "metrics" : {
      "avgOffsetsBehindLatest" : "0.0",
      "maxOffsetsBehindLatest" : "0",
      "minOffsetsBehindLatest" : "0"
    }
  } ],
  "sink" : {
    "description" : "DeltaSink[s3a://lakehouse/benchmark/bronze/20260518T154052Z/low/started]",
    "numOutputRows" : -1
  }
}
26/05/18 15:42:21 INFO CheckpointFileManager: Writing atomically to s3a://lakehouse/_checkpoints/benchmark/20260518T154052Z/low/started/offsets/3 using temp file s3a://lakehouse/_checkpoints/benchmark/20260518T154052Z/low/started/offsets/.3.5acc305a-1538-4463-a228-873fb4b4f312.tmp
[benchmark][spark_progress] {"add_batch_ms": 7450, "batch_id": 2, "end_offset": {"nyc-taxi-trip-started": {"0": 75, "1": 37, "2": 52, "3": 62, "4": 68, "5": 69}}, "event_kind": "started", "get_batch_ms": 0, "input_rows_per_second": 0.2436647173489279, "kafka_group_id": "nyc-taxi-bench-low-20260518T154052Z-started", "latest_offset": {"nyc-taxi-trip-started": {"0": 75, "1": 37, "2": 52, "3": 62, "4": 68, "5": 69}}, "metric_type": "spark_microbatch_progress", "num_input_rows": 5, "processed_rows_per_second": 0.625, "start_offset": {"nyc-taxi-trip-started": {"0": 73, "1": 36, "2": 52, "3": 60, "4": 68, "5": 69}}, "timestamp": "2026-05-18T15:42:13.716Z", "topic": "nyc-taxi-trip-started", "trigger_execution_ms": 7999}
26/05/18 15:42:21 INFO CheckpointFileManager: Renamed temp file s3a://lakehouse/_checkpoints/benchmark/20260518T154052Z/low/started/offsets/.3.5acc305a-1538-4463-a228-873fb4b4f312.tmp to s3a://lakehouse/_checkpoints/benchmark/20260518T154052Z/low/started/offsets/3
26/05/18 15:42:21 INFO MicroBatchExecution: Committed offsets for batch 3. Metadata OffsetSeqMetadata(0,1779118941723,HashMap(spark.sql.streaming.stateStore.providerClass -> org.apache.spark.sql.execution.streaming.state.HDFSBackedStateStoreProvider, spark.sql.streaming.stateStore.rocksdb.formatVersion -> 5, spark.sql.streaming.stateStore.encodingFormat -> unsaferow, spark.sql.streaming.statefulOperator.useStrictDistribution -> true, spark.sql.streaming.flatMapGroupsWithState.stateFormatVersion -> 2, spark.sql.streaming.multipleWatermarkPolicy -> min, spark.sql.streaming.aggregation.stateFormatVersion -> 2, spark.sql.shuffle.partitions -> 4, spark.sql.streaming.join.stateFormatVersion -> 2, spark.sql.streaming.stateStore.compression.codec -> lz4, spark.sql.optimizer.pruneFiltersCanPruneStreamingSubplan -> false))
26/05/18 15:42:22 INFO DeltaLog: Loading version 2.
26/05/18 15:42:22 INFO Snapshot: [tableId=e54c2914-4281-4b97-a14f-d4cd8e512b01] Created snapshot Snapshot(path=s3a://lakehouse/benchmark/bronze/20260518T154052Z/low/started/_delta_log, version=2, metadata=Metadata(e54c2914-4281-4b97-a14f-d4cd8e512b01,null,null,Format(parquet,Map()),{"type":"struct","fields":[{"name":"event_id","type":"string","nullable":true,"metadata":{}},{"name":"event_type","type":"string","nullable":true,"metadata":{}},{"name":"schema_version","type":"string","nullable":true,"metadata":{}},{"name":"trip_id","type":"string","nullable":true,"metadata":{}},{"name":"source_file","type":"string","nullable":true,"metadata":{}},{"name":"ingest_mode","type":"string","nullable":true,"metadata":{}},{"name":"ingest_timestamp","type":"timestamp","nullable":true,"metadata":{}},{"name":"event_time","type":"timestamp","nullable":true,"metadata":{}},{"name":"trip_date","type":"string","nullable":true,"metadata":{}},{"name":"vendor_id","type":"integer","nullable":true,"metadata":{}},{"name":"pickup_datetime","type":"timestamp","nullable":true,"metadata":{}},{"name":"passenger_count","type":"long","nullable":true,"metadata":{}},{"name":"pulocation_id","type":"integer","nullable":true,"metadata":{}},{"name":"dolocation_id","type":"integer","nullable":true,"metadata":{}}]},List(),Map(),Some(1779118886752)), logSegment=LogSegment(s3a://lakehouse/benchmark/bronze/20260518T154052Z/low/started/_delta_log,2,ArraySeq(S3AFileStatus{path=s3a://lakehouse/benchmark/bronze/20260518T154052Z/low/started/_delta_log/00000000000000000000.json; isDirectory=false; length=10954; replication=1; blocksize=33554432; modification_time=1779118909098; access_time=0; owner=spark; group=spark; permission=rw-rw-rw-; isSymlink=false; hasAcl=false; isEncrypted=true; isErasureCoded=false} isEmptyDirectory=FALSE eTag="2dc840860c22af6901e80b07ffd4ef78" versionId=null, S3AFileStatus{path=s3a://lakehouse/benchmark/bronze/20260518T154052Z/low/started/_delta_log/00000000000000000001.json; isDirectory=false; length=6534; replication=1; blocksize=33554432; modification_time=1779118933421; access_time=0; owner=spark; group=spark; permission=rw-rw-rw-; isSymlink=false; hasAcl=false; isEncrypted=true; isErasureCoded=false} isEmptyDirectory=FALSE eTag="12e73076721d9b91785d3f2f712039e1" versionId=null, S3AFileStatus{path=s3a://lakehouse/benchmark/bronze/20260518T154052Z/low/started/_delta_log/00000000000000000002.json; isDirectory=false; length=5042; replication=1; blocksize=33554432; modification_time=1779118941417; access_time=0; owner=spark; group=spark; permission=rw-rw-rw-; isSymlink=false; hasAcl=false; isEncrypted=true; isErasureCoded=false} isEmptyDirectory=FALSE eTag="004bb0d2cb529c0cb5ef31cccea13acb" versionId=null),org.apache.spark.sql.delta.EmptyCheckpointProvider$@664c2564,1779118941417), checksumOpt=Some(VersionChecksum(Some(e72b9385-acd2-45d3-9cb5-9dcb5dedd0c1),122714,13,None,None,1,1,None,Some(List(SetTransaction(4c71fffa-098f-430a-acdb-8cf33542b27e,2,Some(1779118941397)))),Some(List()),Metadata(e54c2914-4281-4b97-a14f-d4cd8e512b01,null,null,Format(parquet,Map()),{"type":"struct","fields":[{"name":"event_id","type":"string","nullable":true,"metadata":{}},{"name":"event_type","type":"string","nullable":true,"metadata":{}},{"name":"schema_version","type":"string","nullable":true,"metadata":{}},{"name":"trip_id","type":"string","nullable":true,"metadata":{}},{"name":"source_file","type":"string","nullable":true,"metadata":{}},{"name":"ingest_mode","type":"string","nullable":true,"metadata":{}},{"name":"ingest_timestamp","type":"timestamp","nullable":true,"metadata":{}},{"name":"event_time","type":"timestamp","nullable":true,"metadata":{}},{"name":"trip_date","type":"string","nullable":true,"metadata":{}},{"name":"vendor_id","type":"integer","nullable":true,"metadata":{}},{"name":"pickup_datetime","type":"timestamp","nullable":true,"metadata":{}},{"name":"passenger_count","type":"long","nullable":true,"metadata":{}},{"name":"pulocation_id","type":"integer","nullable":true,"metadata":{}},{"name":"dolocation_id","type":"integer","nullable":true,"metadata":{}}]},List(),Map(),Some(1779118886752)),Protocol(1,2),None,None,Some(List(AddFile(part-00005-56447017-32c5-4b7e-b9ab-d59860935c92-c000.snappy.parquet,Map(),13745,1779118908000,false,{"numRecords":58,"minValues":{"event_id":"1455410b53ba26496dd8268d814efb0d","event_type":"trip_started","schema_version":"2.0","trip_id":"055d4dc21a238c32a1173721d4ca04f8","source_file":"yellow_tripdata_2024-09.parquet","ingest_mode":"streaming","ingest_timestamp":"2026-05-18T15:30:33.344Z","event_time":"2024-08-31T23:41:24.000Z","trip_date":"2024-08-31","vendor_id":1,"pickup_datetime":"2024-08-31T23:41:24.000Z","passenger_count":1,"pulocation_id":4,"dolocation_id":13},"maxValues":{"event_id":"fc33a45f23b40ebd214e1bfc68a49bcb","event_type":"trip_started","schema_version":"2.0","trip_id":"fe2349c4e6416804cff94b8f71437d80","source_file":"yellow_tripdata_2024-09.parquet","ingest_mode":"streaming","ingest_timestamp":"2026-05-18T15:39:01.111Z","event_time":"2024-09-01T00:03:38.000Z","trip_date":"2024-09-01","vendor_id":2,"pickup_datetime":"2024-09-01T00:03:38.000Z","passenger_count":5,"pulocation_id":263,"dolocation_id":261},"nullCount":{"event_id":0,"event_type":0,"schema_version":0,"trip_id":0,"source_file":0,"ingest_mode":0,"ingest_timestamp":0,"event_time":0,"trip_date":0,"vendor_id":0,"pickup_datetime":0,"passenger_count":7,"pulocation_id":0,"dolocation_id":0}},null,null,None,None,None), AddFile(part-00000-08aad25c-9cc6-4b91-9c29-ef1ada60ea60-c000.snappy.parquet,Map(),16483,1779118902000,false,{"numRecords":73,"minValues":{"event_id":"0212d8086261a2018cb807d1a4d7a46b","event_type":"trip_started","schema_version":"2.0","trip_id":"031b404c98f442710d2269c0a06824fd","source_file":"yellow_tripdata_2024-09.parquet","ingest_mode":"streaming","ingest_timestamp":"2026-05-18T15:30:18.343Z","event_time":"2024-08-31T23:16:36.000Z","trip_date":"2024-08-31","vendor_id":1,"pickup_datetime":"2024-08-31T23:16:36.000Z","passenger_count":1,"pulocation_id":41,"dolocation_id":15},"maxValues":{"event_id":"febc668d372ab0492f5c4e7165b45be2","event_type":"trip_started","schema_version":"2.0","trip_id":"f8cfd09088ab01f1042a890d127bfcca","source_file":"yellow_tripdata_2024-09.parquet","ingest_mode":"streaming","ingest_timestamp":"2026-05-18T15:41:12.372Z","event_time":"2024-09-01T00:03:44.000Z","trip_date":"2024-09-01","vendor_id":2,"pickup_datetime":"2024-09-01T00:03:44.000Z","passenger_count":5,"pulocation_id":249,"dolocation_id":265},"nullCount":{"event_id":0,"event_type":0,"schema_version":0,"trip_id":0,"source_file":0,"ingest_mode":0,"ingest_timestamp":0,"event_time":0,"trip_date":0,"vendor_id":0,"pickup_datetime":0,"passenger_count":7,"pulocation_id":0,"dolocation_id":0}},null,null,None,None,None), AddFile(part-00002-204c9462-febd-4a6e-9fc5-d2cff48b0fab-c000.snappy.parquet,Map(),5290,1779118941000,false,{"numRecords":2,"minValues":{"event_id":"7094784f7b964147a344562f3c700452","event_type":"trip_started","schema_version":"2.0","trip_id":"49abd9d6c1136369978e031c3defd4dd","source_file":"yellow_tripdata_2024-09.parquet","ingest_mode":"streaming","ingest_timestamp":"2026-05-18T15:42:09.576Z","event_time":"2024-08-31T23:54:28.000Z","trip_date":"2024-08-31","vendor_id":2,"pickup_datetime":"2024-08-31T23:54:28.000Z","passenger_count":1,"pulocation_id":138,"dolocation_id":129},"maxValues":{"event_id":"a33916c25654965d32f61be210f37d0f","event_type":"trip_started","schema_version":"2.0","trip_id":"87e7c11c9799f63c59e672e1b144842e","source_file":"yellow_tripdata_2024-09.parquet","ingest_mode":"streaming","ingest_timestamp":"2026-05-18T15:42:11.576Z","event_time":"2024-08-31T23:54:38.000Z","trip_date":"2024-08-31","vendor_id":2,"pickup_datetime":"2024-08-31T23:54:38.000Z","passenger_count":2,"pulocation_id":230,"dolocation_id":162},"nullCount":{"event_id":0,"event_type":0,"schema_version":0,"trip_id":0,"source_file":0,"ingest_mode":0,"ingest_timestamp":0,"event_time":0,"trip_date":0,"vendor_id":0,"pickup_datetime":0,"passenger_count":0,"pulocation_id":0,"dolocation_id":0}},null,null,None,None,None), AddFile(part-00000-ac8a9b1d-58d7-4719-9e76-5f8fbe428c56-c000.snappy.parquet,Map(),5289,1779118932000,false,{"numRecords":2,"minValues":{"event_id":"0e42e0a8ff68c0593e5f62fe564cc867","event_type":"trip_started","schema_version":"2.0","trip_id":"74cc4dc0356999a5051ffc06fe590ba0","source_file":"yellow_tripdata_2024-09.parquet","ingest_mode":"streaming","ingest_timestamp":"2026-05-18T15:41:32.373Z","event_time":"2024-08-31T23:45:56.000Z","trip_date":"2024-08-31","vendor_id":2,"pickup_datetime":"2024-08-31T23:45:56.000Z","passenger_count":1,"pulocation_id":24,"dolocation_id":24},"maxValues":{"event_id":"20f272b57abcb77396229a1f4f79d2a6","event_type":"trip_started","schema_version":"2.0","trip_id":"7e4582c034b9714ccbb8b7972ee7452a","source_file":"yellow_tripdata_2024-09.parquet","ingest_mode":"streaming","ingest_timestamp":"2026-05-18T15:41:40.774Z","event_time":"2024-08-31T23:47:06.000Z","trip_date":"2024-08-31","vendor_id":2,"pickup_datetime":"2024-08-31T23:47:06.000Z","passenger_count":6,"pulocation_id":142,"dolocation_id":162},"nullCount":{"event_id":0,"event_type":0,"schema_version":0,"trip_id":0,"source_file":0,"ingest_mode":0,"ingest_timestamp":0,"event_time":0,"trip_date":0,"vendor_id":0,"pickup_datetime":0,"passenger_count":0,"pulocation_id":0,"dolocation_id":0}},null,null,None,None,None), AddFile(part-00001-3e08f1a9-004f-4148-96c2-ce39df27dafa-c000.snappy.parquet,Map(),5324,1779118932000,false,{"numRecords":1,"minValues":{"event_id":"49fd4523f0edf3af6db90b980f85b44b","event_type":"trip_started","schema_version":"2.0","trip_id":"a81a5f72bed880eb1011e846ec08a7b3","source_file":"yellow_tripdata_2024-09.parquet","ingest_mode":"streaming","ingest_timestamp":"2026-05-18T15:41:32.373Z","event_time":"2024-08-31T23:45:56.000Z","trip_date":"2024-08-31","vendor_id":2,"pickup_datetime":"2024-08-31T23:45:56.000Z","passenger_count":1,"pulocation_id":24,"dolocation_id":24},"maxValues":{"event_id":"49fd4523f0edf3af6db90b980f85b44b","event_type":"trip_started","schema_version":"2.0","trip_id":"a81a5f72bed880eb1011e846ec08a7b3","source_file":"yellow_tripdata_2024-09.parquet","ingest_mode":"streaming","ingest_timestamp":"2026-05-18T15:41:32.373Z","event_time":"2024-08-31T23:45:56.000Z","trip_date":"2024-08-31","vendor_id":2,"pickup_datetime":"2024-08-31T23:45:56.000Z","passenger_count":1,"pulocation_id":24,"dolocation_id":24},"nullCount":{"event_id":0,"event_type":0,"schema_version":0,"trip_id":0,"source_file":0,"ingest_mode":0,"ingest_timestamp":0,"event_time":0,"trip_date":0,"vendor_id":0,"pickup_datetime":0,"passenger_count":0,"pulocation_id":0,"dolocation_id":0}},null,null,None,None,None), AddFile(part-00002-d9b3fdfd-9a1c-4ba7-bce8-809853fb9b08-c000.snappy.parquet,Map(),5325,1779118933000,false,{"numRecords":1,"minValues":{"event_id":"c2b354f6093db075096dd7d6cd094124","event_type":"trip_started","schema_version":"2.0","trip_id":"2e493edb13c1adcaf6af648c66c05d11","source_file":"yellow_tripdata_2024-09.parquet","ingest_mode":"streaming","ingest_timestamp":"2026-05-18T15:41:49.575Z","event_time":"2024-08-31T23:48:15.000Z","trip_date":"2024-08-31","vendor_id":2,"pickup_datetime":"2024-08-31T23:48:15.000Z","passenger_count":1,"pulocation_id":87,"dolocation_id":232},"maxValues":{"event_id":"c2b354f6093db075096dd7d6cd094124","event_type":"trip_started","schema_version":"2.0","trip_id":"2e493edb13c1adcaf6af648c66c05d11","source_file":"yellow_tripdata_2024-09.parquet","ingest_mode":"streaming","ingest_timestamp":"2026-05-18T15:41:49.575Z","event_time":"2024-08-31T23:48:15.000Z","trip_date":"2024-08-31","vendor_id":2,"pickup_datetime":"2024-08-31T23:48:15.000Z","passenger_count":1,"pulocation_id":87,"dolocation_id":232},"nullCount":{"event_id":0,"event_type":0,"schema_version":0,"trip_id":0,"source_file":0,"ingest_mode":0,"ingest_timestamp":0,"event_time":0,"trip_date":0,"vendor_id":0,"pickup_datetime":0,"passenger_count":0,"pulocation_id":0,"dolocation_id":0}},null,null,None,None,None), AddFile(part-00002-d9b630b8-3fe6-47f4-bef5-e312d5875278-c000.snappy.parquet,Map(),15373,1779118905000,false,{"numRecords":67,"minValues":{"event_id":"011a460cb5a25c4ee561b11bfa14604d","event_type":"trip_started","schema_version":"2.0","trip_id":"02a39a8e328190af69190a907699ab05","source_file":"yellow_tripdata_2024-09.parquet","ingest_mode":"streaming","ingest_timestamp":"2026-05-18T15:30:23.343Z","event_time":"2024-08-31T23:31:22.000Z","trip_date":"2024-08-31","vendor_id":1,"pickup_datetime":"2024-08-31T23:31:22.000Z","passenger_count":0,"pulocation_id":24,"dolocation_id":7},"maxValues":{"event_id":"fb8fb0226b979d486aa1fe15bcadfd02","event_type":"trip_started","schema_version":"2.0","trip_id":"ff8ff4056149324b8cb6441936211b7a","source_file":"yellow_tripdata_2024-09.parquet","ingest_mode":"streaming","ingest_timestamp":"2026-05-18T15:41:17.372Z","event_time":"2024-09-01T00:03:44.000Z","trip_date":"2024-09-01","vendor_id":2,"pickup_datetime":"2024-09-01T00:03:44.000Z","passenger_count":6,"pulocation_id":265,"dolocation_id":265},"nullCount":{"event_id":0,"event_type":0,"schema_version":0,"trip_id":0,"source_file":0,"ingest_mode":0,"ingest_timestamp":0,"event_time":0,"trip_date":0,"vendor_id":0,"pickup_datetime":0,"passenger_count":7,"pulocation_id":0,"dolocation_id":0}},null,null,None,None,None), AddFile(part-00001-25597aa3-37ba-4ada-a57e-d65085251b3f-c000.snappy.parquet,Map(),10884,1779118904000,false,{"numRecords":36,"minValues":{"event_id":"00bb01354109838b627c857eebe80dc2","event_type":"trip_started","schema_version":"2.0","trip_id":"0151b1434bda3c8918caec4e7800368d","source_file":"yellow_tripdata_2024-09.parquet","ingest_mode":"streaming","ingest_timestamp":"2026-05-18T15:31:05.546Z","event_time":"2024-08-31T23:49:47.000Z","trip_date":"2024-08-31","vendor_id":1,"pickup_datetime":"2024-08-31T23:49:47.000Z","passenger_count":0,"pulocation_id":68,"dolocation_id":45},"maxValues":{"event_id":"fc777a5f3c65c6d093b9336703c5e846","event_type":"trip_started","schema_version":"2.0","trip_id":"febc1b1d83b45aebc128b44d8bf1e48d","source_file":"yellow_tripdata_2024-09.parquet","ingest_mode":"streaming","ingest_timestamp":"2026-05-18T15:38:55.109Z","event_time":"2024-09-01T00:03:32.000Z","trip_date":"2024-09-01","vendor_id":2,"pickup_datetime":"2024-09-01T00:03:32.000Z","passenger_count":5,"pulocation_id":263,"dolocation_id":265},"nullCount":{"event_id":0,"event_type":0,"schema_version":0,"trip_id":0,"source_file":0,"ingest_mode":0,"ingest_timestamp":0,"event_time":0,"trip_date":0,"vendor_id":0,"pickup_datetime":0,"passenger_count":3,"pulocation_id":0,"dolocation_id":0}},null,null,None,None,None), AddFile(part-00000-354a8d2e-7fe2-4583-a46c-fa6563c44f3f-c000.snappy.parquet,Map(),5314,1779118940000,false,{"numRecords":2,"minValues":{"event_id":"14702b58b8c37db8b2b50034899fc9c7","event_type":"trip_started","schema_version":"2.0","trip_id":"2c7293107d5369aafe0b0f664a64c1e4","source_file":"yellow_tripdata_2024-09.parquet","ingest_mode":"streaming","ingest_timestamp":"2026-05-18T15:42:04.576Z","event_time":"2024-08-31T23:53:06.000Z","trip_date":"2024-08-31","vendor_id":2,"pickup_datetime":"2024-08-31T23:53:06.000Z","passenger_count":1,"pulocation_id":48,"dolocation_id":48},"maxValues":{"event_id":"53de4f6d29a18ae8c5ee21ff0b51e6dd","event_type":"trip_started","schema_version":"2.0","trip_id":"2c83a9caa91b8b0fc7bb449a3e93bc05","source_file":"yellow_tripdata_2024-09.parquet","ingest_mode":"streaming","ingest_timestamp":"2026-05-18T15:42:12.777Z","event_time":"2024-08-31T23:54:44.000Z","trip_date":"2024-08-31","vendor_id":2,"pickup_datetime":"2024-08-31T23:54:44.000Z","passenger_count":1,"pulocation_id":231,"dolocation_id":231},"nullCount":{"event_id":0,"event_type":0,"schema_version":0,"trip_id":0,"source_file":0,"ingest_mode":0,"ingest_timestamp":0,"event_time":0,"trip_date":0,"vendor_id":0,"pickup_datetime":0,"passenger_count":0,"pulocation_id":0,"dolocation_id":0}},null,null,None,None,None), AddFile(part-00003-40e0630d-6fe9-4e39-9602-a33736b745ca-c000.snappy.parquet,Map(),5316,1779118933000,false,{"numRecords":2,"minValues":{"event_id":"3a11c04f3f86a8a2ed90c5835f8fcb0c","event_type":"trip_started","schema_version":"2.0","trip_id":"5ea4134ac6f17edb7f639fc94f24acac","source_file":"yellow_tripdata_2024-09.parquet","ingest_mode":"streaming","ingest_timestamp":"2026-05-18T15:41:27.373Z","event_time":"2024-08-31T23:41:24.000Z","trip_date":"2024-08-31","vendor_id":2,"pickup_datetime":"2024-08-31T23:41:24.000Z","passenger_count":1,"pulocation_id":100,"dolocation_id":42},"maxValues":{"event_id":"810ea42e4364ec7ab0e87ebf0400ae41","event_type":"trip_started","schema_version":"2.0","trip_id":"72cf0cd11b66424f5d72b72df8a87924","source_file":"yellow_tripdata_2024-09.parquet","ingest_mode":"streaming","ingest_timestamp":"2026-05-18T15:41:44.574Z","event_time":"2024-08-31T23:47:25.000Z","trip_date":"2024-08-31","vendor_id":2,"pickup_datetime":"2024-08-31T23:47:25.000Z","passenger_count":1,"pulocation_id":230,"dolocation_id":100},"nullCount":{"event_id":0,"event_type":0,"schema_version":0,"trip_id":0,"source_file":0,"ingest_mode":0,"ingest_timestamp":0,"event_time":0,"trip_date":0,"vendor_id":0,"pickup_datetime":0,"passenger_count":0,"pulocation_id":0,"dolocation_id":0}},null,null,None,None,None), AddFile(part-00004-bf95d00f-7224-4d19-8506-bb804d74ba69-c000.snappy.parquet,Map(),16203,1779118907000,false,{"numRecords":67,"minValues":{"event_id":"00f4412c4abb87a7edb991f16b8e3872","event_type":"trip_started","schema_version":"2.0","trip_id":"0106a3fdc6d124355ddbc3170eb7fa9d","source_file":"yellow_tripdata_2024-09.parquet","ingest_mode":"streaming","ingest_timestamp":"2026-05-18T15:30:55.546Z","event_time":"2024-08-31T23:48:15.000Z","trip_date":"2024-08-31","vendor_id":1,"pickup_datetime":"2024-08-31T23:48:15.000Z","passenger_count":0,"pulocation_id":41,"dolocation_id":4},"maxValues":{"event_id":"ffa973e5c6626d9b56f1d9367abd3987","event_type":"trip_started","schema_version":"2.0","trip_id":"fc82163fbf256ca3108569d8f7fa673b","source_file":"yellow_tripdata_2024-09.parquet","ingest_mode":"streaming","ingest_timestamp":"2026-05-18T15:39:10.112Z","event_time":"2024-09-01T00:03:47.000Z","trip_date":"2024-09-01","vendor_id":2,"pickup_datetime":"2024-09-01T00:03:47.000Z","passenger_count":5,"pulocation_id":255,"dolocation_id":263},"nullCount":{"event_id":0,"event_type":0,"schema_version":0,"trip_id":0,"source_file":0,"ingest_mode":0,"ingest_timestamp":0,"event_time":0,"trip_date":0,"vendor_id":0,"pickup_datetime":0,"passenger_count":12,"pulocation_id":0,"dolocation_id":0}},null,null,None,None,None), AddFile(part-00001-15e62d34-1cb7-4e48-afd5-30601fa3f01e-c000.snappy.parquet,Map(),5325,1779118940000,false,{"numRecords":1,"minValues":{"event_id":"b395c7a81f12a58f58489f623d958178","event_type":"trip_started","schema_version":"2.0","trip_id":"133e7d3180d10215019a7d0e6e3cc052","source_file":"yellow_tripdata_2024-09.parquet","ingest_mode":"streaming","ingest_timestamp":"2026-05-18T15:41:59.575Z","event_time":"2024-08-31T23:49:47.000Z","trip_date":"2024-08-31","vendor_id":2,"pickup_datetime":"2024-08-31T23:49:47.000Z","passenger_count":1,"pulocation_id":79,"dolocation_id":211},"maxValues":{"event_id":"b395c7a81f12a58f58489f623d958178","event_type":"trip_started","schema_version":"2.0","trip_id":"133e7d3180d10215019a7d0e6e3cc052","source_file":"yellow_tripdata_2024-09.parquet","ingest_mode":"streaming","ingest_timestamp":"2026-05-18T15:41:59.575Z","event_time":"2024-08-31T23:49:47.000Z","trip_date":"2024-08-31","vendor_id":2,"pickup_datetime":"2024-08-31T23:49:47.000Z","passenger_count":1,"pulocation_id":79,"dolocation_id":211},"nullCount":{"event_id":0,"event_type":0,"schema_version":0,"trip_id":0,"source_file":0,"ingest_mode":0,"ingest_timestamp":0,"event_time":0,"trip_date":0,"vendor_id":0,"pickup_datetime":0,"passenger_count":0,"pulocation_id":0,"dolocation_id":0}},null,null,None,None,None), AddFile(part-00003-b1b9f1d7-6ad3-4d3d-9129-31eff2c0ca88-c000.snappy.parquet,Map(),12843,1779118906000,false,{"numRecords":51,"minValues":{"event_id":"033a945818d220fae8d0f5ea06aade55","event_type":"trip_started","schema_version":"2.0","trip_id":"007211974f070e6081d820f78a892116","source_file":"yellow_tripdata_2024-09.parquet","ingest_mode":"streaming","ingest_timestamp":"2026-05-18T15:30:08.336Z","event_time":"2024-08-31T22:27:55.000Z","trip_date":"2024-08-31","vendor_id":1,"pickup_datetime":"2024-08-31T22:27:55.000Z","passenger_count":0,"pulocation_id":24,"dolocation_id":7},"maxValues":{"event_id":"f914c4bf2487bb514676e80f0e515e30","event_type":"trip_started","schema_version":"2.0","trip_id":"fd8556cf3a0c0a61eb48a4f6e35a55b5","source_file":"yellow_tripdata_2024-09.parquet","ingest_mode":"streaming","ingest_timestamp":"2026-05-18T15:41:02.366Z","event_time":"2024-09-01T00:03:39.000Z","trip_date":"2024-09-01","vendor_id":2,"pickup_datetime":"2024-09-01T00:03:39.000Z","passenger_count":5,"pulocation_id":249,"dolocation_id":265},"nullCount":{"event_id":0,"event_type":0,"schema_version":0,"trip_id":0,"source_file":0,"ingest_mode":0,"ingest_timestamp":0,"event_time":0,"trip_date":0,"vendor_id":0,"pickup_datetime":0,"passenger_count":11,"pulocation_id":0,"dolocation_id":0}},null,null,None,None,None))))))
26/05/18 15:42:22 INFO DeltaLog: Updated snapshot to Snapshot(path=s3a://lakehouse/benchmark/bronze/20260518T154052Z/low/started/_delta_log, version=2, metadata=Metadata(e54c2914-4281-4b97-a14f-d4cd8e512b01,null,null,Format(parquet,Map()),{"type":"struct","fields":[{"name":"event_id","type":"string","nullable":true,"metadata":{}},{"name":"event_type","type":"string","nullable":true,"metadata":{}},{"name":"schema_version","type":"string","nullable":true,"metadata":{}},{"name":"trip_id","type":"string","nullable":true,"metadata":{}},{"name":"source_file","type":"string","nullable":true,"metadata":{}},{"name":"ingest_mode","type":"string","nullable":true,"metadata":{}},{"name":"ingest_timestamp","type":"timestamp","nullable":true,"metadata":{}},{"name":"event_time","type":"timestamp","nullable":true,"metadata":{}},{"name":"trip_date","type":"string","nullable":true,"metadata":{}},{"name":"vendor_id","type":"integer","nullable":true,"metadata":{}},{"name":"pickup_datetime","type":"timestamp","nullable":true,"metadata":{}},{"name":"passenger_count","type":"long","nullable":true,"metadata":{}},{"name":"pulocation_id","type":"integer","nullable":true,"metadata":{}},{"name":"dolocation_id","type":"integer","nullable":true,"metadata":{}}]},List(),Map(),Some(1779118886752)), logSegment=LogSegment(s3a://lakehouse/benchmark/bronze/20260518T154052Z/low/started/_delta_log,2,ArraySeq(S3AFileStatus{path=s3a://lakehouse/benchmark/bronze/20260518T154052Z/low/started/_delta_log/00000000000000000000.json; isDirectory=false; length=10954; replication=1; blocksize=33554432; modification_time=1779118909098; access_time=0; owner=spark; group=spark; permission=rw-rw-rw-; isSymlink=false; hasAcl=false; isEncrypted=true; isErasureCoded=false} isEmptyDirectory=FALSE eTag="2dc840860c22af6901e80b07ffd4ef78" versionId=null, S3AFileStatus{path=s3a://lakehouse/benchmark/bronze/20260518T154052Z/low/started/_delta_log/00000000000000000001.json; isDirectory=false; length=6534; replication=1; blocksize=33554432; modification_time=1779118933421; access_time=0; owner=spark; group=spark; permission=rw-rw-rw-; isSymlink=false; hasAcl=false; isEncrypted=true; isErasureCoded=false} isEmptyDirectory=FALSE eTag="12e73076721d9b91785d3f2f712039e1" versionId=null, S3AFileStatus{path=s3a://lakehouse/benchmark/bronze/20260518T154052Z/low/started/_delta_log/00000000000000000002.json; isDirectory=false; length=5042; replication=1; blocksize=33554432; modification_time=1779118941417; access_time=0; owner=spark; group=spark; permission=rw-rw-rw-; isSymlink=false; hasAcl=false; isEncrypted=true; isErasureCoded=false} isEmptyDirectory=FALSE eTag="004bb0d2cb529c0cb5ef31cccea13acb" versionId=null),org.apache.spark.sql.delta.EmptyCheckpointProvider$@664c2564,1779118941417), checksumOpt=Some(VersionChecksum(Some(e72b9385-acd2-45d3-9cb5-9dcb5dedd0c1),122714,13,None,None,1,1,None,Some(List(SetTransaction(4c71fffa-098f-430a-acdb-8cf33542b27e,2,Some(1779118941397)))),Some(List()),Metadata(e54c2914-4281-4b97-a14f-d4cd8e512b01,null,null,Format(parquet,Map()),{"type":"struct","fields":[{"name":"event_id","type":"string","nullable":true,"metadata":{}},{"name":"event_type","type":"string","nullable":true,"metadata":{}},{"name":"schema_version","type":"string","nullable":true,"metadata":{}},{"name":"trip_id","type":"string","nullable":true,"metadata":{}},{"name":"source_file","type":"string","nullable":true,"metadata":{}},{"name":"ingest_mode","type":"string","nullable":true,"metadata":{}},{"name":"ingest_timestamp","type":"timestamp","nullable":true,"metadata":{}},{"name":"event_time","type":"timestamp","nullable":true,"metadata":{}},{"name":"trip_date","type":"string","nullable":true,"metadata":{}},{"name":"vendor_id","type":"integer","nullable":true,"metadata":{}},{"name":"pickup_datetime","type":"timestamp","nullable":true,"metadata":{}},{"name":"passenger_count","type":"long","nullable":true,"metadata":{}},{"name":"pulocation_id","type":"integer","nullable":true,"metadata":{}},{"name":"dolocation_id","type":"integer","nullable":true,"metadata":{}}]},List(),Map(),Some(1779118886752)),Protocol(1,2),None,None,Some(List(AddFile(part-00005-56447017-32c5-4b7e-b9ab-d59860935c92-c000.snappy.parquet,Map(),13745,1779118908000,false,{"numRecords":58,"minValues":{"event_id":"1455410b53ba26496dd8268d814efb0d","event_type":"trip_started","schema_version":"2.0","trip_id":"055d4dc21a238c32a1173721d4ca04f8","source_file":"yellow_tripdata_2024-09.parquet","ingest_mode":"streaming","ingest_timestamp":"2026-05-18T15:30:33.344Z","event_time":"2024-08-31T23:41:24.000Z","trip_date":"2024-08-31","vendor_id":1,"pickup_datetime":"2024-08-31T23:41:24.000Z","passenger_count":1,"pulocation_id":4,"dolocation_id":13},"maxValues":{"event_id":"fc33a45f23b40ebd214e1bfc68a49bcb","event_type":"trip_started","schema_version":"2.0","trip_id":"fe2349c4e6416804cff94b8f71437d80","source_file":"yellow_tripdata_2024-09.parquet","ingest_mode":"streaming","ingest_timestamp":"2026-05-18T15:39:01.111Z","event_time":"2024-09-01T00:03:38.000Z","trip_date":"2024-09-01","vendor_id":2,"pickup_datetime":"2024-09-01T00:03:38.000Z","passenger_count":5,"pulocation_id":263,"dolocation_id":261},"nullCount":{"event_id":0,"event_type":0,"schema_version":0,"trip_id":0,"source_file":0,"ingest_mode":0,"ingest_timestamp":0,"event_time":0,"trip_date":0,"vendor_id":0,"pickup_datetime":0,"passenger_count":7,"pulocation_id":0,"dolocation_id":0}},null,null,None,None,None), AddFile(part-00000-08aad25c-9cc6-4b91-9c29-ef1ada60ea60-c000.snappy.parquet,Map(),16483,1779118902000,false,{"numRecords":73,"minValues":{"event_id":"0212d8086261a2018cb807d1a4d7a46b","event_type":"trip_started","schema_version":"2.0","trip_id":"031b404c98f442710d2269c0a06824fd","source_file":"yellow_tripdata_2024-09.parquet","ingest_mode":"streaming","ingest_timestamp":"2026-05-18T15:30:18.343Z","event_time":"2024-08-31T23:16:36.000Z","trip_date":"2024-08-31","vendor_id":1,"pickup_datetime":"2024-08-31T23:16:36.000Z","passenger_count":1,"pulocation_id":41,"dolocation_id":15},"maxValues":{"event_id":"febc668d372ab0492f5c4e7165b45be2","event_type":"trip_started","schema_version":"2.0","trip_id":"f8cfd09088ab01f1042a890d127bfcca","source_file":"yellow_tripdata_2024-09.parquet","ingest_mode":"streaming","ingest_timestamp":"2026-05-18T15:41:12.372Z","event_time":"2024-09-01T00:03:44.000Z","trip_date":"2024-09-01","vendor_id":2,"pickup_datetime":"2024-09-01T00:03:44.000Z","passenger_count":5,"pulocation_id":249,"dolocation_id":265},"nullCount":{"event_id":0,"event_type":0,"schema_version":0,"trip_id":0,"source_file":0,"ingest_mode":0,"ingest_timestamp":0,"event_time":0,"trip_date":0,"vendor_id":0,"pickup_datetime":0,"passenger_count":7,"pulocation_id":0,"dolocation_id":0}},null,null,None,None,None), AddFile(part-00002-204c9462-febd-4a6e-9fc5-d2cff48b0fab-c000.snappy.parquet,Map(),5290,1779118941000,false,{"numRecords":2,"minValues":{"event_id":"7094784f7b964147a344562f3c700452","event_type":"trip_started","schema_version":"2.0","trip_id":"49abd9d6c1136369978e031c3defd4dd","source_file":"yellow_tripdata_2024-09.parquet","ingest_mode":"streaming","ingest_timestamp":"2026-05-18T15:42:09.576Z","event_time":"2024-08-31T23:54:28.000Z","trip_date":"2024-08-31","vendor_id":2,"pickup_datetime":"2024-08-31T23:54:28.000Z","passenger_count":1,"pulocation_id":138,"dolocation_id":129},"maxValues":{"event_id":"a33916c25654965d32f61be210f37d0f","event_type":"trip_started","schema_version":"2.0","trip_id":"87e7c11c9799f63c59e672e1b144842e","source_file":"yellow_tripdata_2024-09.parquet","ingest_mode":"streaming","ingest_timestamp":"2026-05-18T15:42:11.576Z","event_time":"2024-08-31T23:54:38.000Z","trip_date":"2024-08-31","vendor_id":2,"pickup_datetime":"2024-08-31T23:54:38.000Z","passenger_count":2,"pulocation_id":230,"dolocation_id":162},"nullCount":{"event_id":0,"event_type":0,"schema_version":0,"trip_id":0,"source_file":0,"ingest_mode":0,"ingest_timestamp":0,"event_time":0,"trip_date":0,"vendor_id":0,"pickup_datetime":0,"passenger_count":0,"pulocation_id":0,"dolocation_id":0}},null,null,None,None,None), AddFile(part-00000-ac8a9b1d-58d7-4719-9e76-5f8fbe428c56-c000.snappy.parquet,Map(),5289,1779118932000,false,{"numRecords":2,"minValues":{"event_id":"0e42e0a8ff68c0593e5f62fe564cc867","event_type":"trip_started","schema_version":"2.0","trip_id":"74cc4dc0356999a5051ffc06fe590ba0","source_file":"yellow_tripdata_2024-09.parquet","ingest_mode":"streaming","ingest_timestamp":"2026-05-18T15:41:32.373Z","event_time":"2024-08-31T23:45:56.000Z","trip_date":"2024-08-31","vendor_id":2,"pickup_datetime":"2024-08-31T23:45:56.000Z","passenger_count":1,"pulocation_id":24,"dolocation_id":24},"maxValues":{"event_id":"20f272b57abcb77396229a1f4f79d2a6","event_type":"trip_started","schema_version":"2.0","trip_id":"7e4582c034b9714ccbb8b7972ee7452a","source_file":"yellow_tripdata_2024-09.parquet","ingest_mode":"streaming","ingest_timestamp":"2026-05-18T15:41:40.774Z","event_time":"2024-08-31T23:47:06.000Z","trip_date":"2024-08-31","vendor_id":2,"pickup_datetime":"2024-08-31T23:47:06.000Z","passenger_count":6,"pulocation_id":142,"dolocation_id":162},"nullCount":{"event_id":0,"event_type":0,"schema_version":0,"trip_id":0,"source_file":0,"ingest_mode":0,"ingest_timestamp":0,"event_time":0,"trip_date":0,"vendor_id":0,"pickup_datetime":0,"passenger_count":0,"pulocation_id":0,"dolocation_id":0}},null,null,None,None,None), AddFile(part-00001-3e08f1a9-004f-4148-96c2-ce39df27dafa-c000.snappy.parquet,Map(),5324,1779118932000,false,{"numRecords":1,"minValues":{"event_id":"49fd4523f0edf3af6db90b980f85b44b","event_type":"trip_started","schema_version":"2.0","trip_id":"a81a5f72bed880eb1011e846ec08a7b3","source_file":"yellow_tripdata_2024-09.parquet","ingest_mode":"streaming","ingest_timestamp":"2026-05-18T15:41:32.373Z","event_time":"2024-08-31T23:45:56.000Z","trip_date":"2024-08-31","vendor_id":2,"pickup_datetime":"2024-08-31T23:45:56.000Z","passenger_count":1,"pulocation_id":24,"dolocation_id":24},"maxValues":{"event_id":"49fd4523f0edf3af6db90b980f85b44b","event_type":"trip_started","schema_version":"2.0","trip_id":"a81a5f72bed880eb1011e846ec08a7b3","source_file":"yellow_tripdata_2024-09.parquet","ingest_mode":"streaming","ingest_timestamp":"2026-05-18T15:41:32.373Z","event_time":"2024-08-31T23:45:56.000Z","trip_date":"2024-08-31","vendor_id":2,"pickup_datetime":"2024-08-31T23:45:56.000Z","passenger_count":1,"pulocation_id":24,"dolocation_id":24},"nullCount":{"event_id":0,"event_type":0,"schema_version":0,"trip_id":0,"source_file":0,"ingest_mode":0,"ingest_timestamp":0,"event_time":0,"trip_date":0,"vendor_id":0,"pickup_datetime":0,"passenger_count":0,"pulocation_id":0,"dolocation_id":0}},null,null,None,None,None), AddFile(part-00002-d9b3fdfd-9a1c-4ba7-bce8-809853fb9b08-c000.snappy.parquet,Map(),5325,1779118933000,false,{"numRecords":1,"minValues":{"event_id":"c2b354f6093db075096dd7d6cd094124","event_type":"trip_started","schema_version":"2.0","trip_id":"2e493edb13c1adcaf6af648c66c05d11","source_file":"yellow_tripdata_2024-09.parquet","ingest_mode":"streaming","ingest_timestamp":"2026-05-18T15:41:49.575Z","event_time":"2024-08-31T23:48:15.000Z","trip_date":"2024-08-31","vendor_id":2,"pickup_datetime":"2024-08-31T23:48:15.000Z","passenger_count":1,"pulocation_id":87,"dolocation_id":232},"maxValues":{"event_id":"c2b354f6093db075096dd7d6cd094124","event_type":"trip_started","schema_version":"2.0","trip_id":"2e493edb13c1adcaf6af648c66c05d11","source_file":"yellow_tripdata_2024-09.parquet","ingest_mode":"streaming","ingest_timestamp":"2026-05-18T15:41:49.575Z","event_time":"2024-08-31T23:48:15.000Z","trip_date":"2024-08-31","vendor_id":2,"pickup_datetime":"2024-08-31T23:48:15.000Z","passenger_count":1,"pulocation_id":87,"dolocation_id":232},"nullCount":{"event_id":0,"event_type":0,"schema_version":0,"trip_id":0,"source_file":0,"ingest_mode":0,"ingest_timestamp":0,"event_time":0,"trip_date":0,"vendor_id":0,"pickup_datetime":0,"passenger_count":0,"pulocation_id":0,"dolocation_id":0}},null,null,None,None,None), AddFile(part-00002-d9b630b8-3fe6-47f4-bef5-e312d5875278-c000.snappy.parquet,Map(),15373,1779118905000,false,{"numRecords":67,"minValues":{"event_id":"011a460cb5a25c4ee561b11bfa14604d","event_type":"trip_started","schema_version":"2.0","trip_id":"02a39a8e328190af69190a907699ab05","source_file":"yellow_tripdata_2024-09.parquet","ingest_mode":"streaming","ingest_timestamp":"2026-05-18T15:30:23.343Z","event_time":"2024-08-31T23:31:22.000Z","trip_date":"2024-08-31","vendor_id":1,"pickup_datetime":"2024-08-31T23:31:22.000Z","passenger_count":0,"pulocation_id":24,"dolocation_id":7},"maxValues":{"event_id":"fb8fb0226b979d486aa1fe15bcadfd02","event_type":"trip_started","schema_version":"2.0","trip_id":"ff8ff4056149324b8cb6441936211b7a","source_file":"yellow_tripdata_2024-09.parquet","ingest_mode":"streaming","ingest_timestamp":"2026-05-18T15:41:17.372Z","event_time":"2024-09-01T00:03:44.000Z","trip_date":"2024-09-01","vendor_id":2,"pickup_datetime":"2024-09-01T00:03:44.000Z","passenger_count":6,"pulocation_id":265,"dolocation_id":265},"nullCount":{"event_id":0,"event_type":0,"schema_version":0,"trip_id":0,"source_file":0,"ingest_mode":0,"ingest_timestamp":0,"event_time":0,"trip_date":0,"vendor_id":0,"pickup_datetime":0,"passenger_count":7,"pulocation_id":0,"dolocation_id":0}},null,null,None,None,None), AddFile(part-00001-25597aa3-37ba-4ada-a57e-d65085251b3f-c000.snappy.parquet,Map(),10884,1779118904000,false,{"numRecords":36,"minValues":{"event_id":"00bb01354109838b627c857eebe80dc2","event_type":"trip_started","schema_version":"2.0","trip_id":"0151b1434bda3c8918caec4e7800368d","source_file":"yellow_tripdata_2024-09.parquet","ingest_mode":"streaming","ingest_timestamp":"2026-05-18T15:31:05.546Z","event_time":"2024-08-31T23:49:47.000Z","trip_date":"2024-08-31","vendor_id":1,"pickup_datetime":"2024-08-31T23:49:47.000Z","passenger_count":0,"pulocation_id":68,"dolocation_id":45},"maxValues":{"event_id":"fc777a5f3c65c6d093b9336703c5e846","event_type":"trip_started","schema_version":"2.0","trip_id":"febc1b1d83b45aebc128b44d8bf1e48d","source_file":"yellow_tripdata_2024-09.parquet","ingest_mode":"streaming","ingest_timestamp":"2026-05-18T15:38:55.109Z","event_time":"2024-09-01T00:03:32.000Z","trip_date":"2024-09-01","vendor_id":2,"pickup_datetime":"2024-09-01T00:03:32.000Z","passenger_count":5,"pulocation_id":263,"dolocation_id":265},"nullCount":{"event_id":0,"event_type":0,"schema_version":0,"trip_id":0,"source_file":0,"ingest_mode":0,"ingest_timestamp":0,"event_time":0,"trip_date":0,"vendor_id":0,"pickup_datetime":0,"passenger_count":3,"pulocation_id":0,"dolocation_id":0}},null,null,None,None,None), AddFile(part-00000-354a8d2e-7fe2-4583-a46c-fa6563c44f3f-c000.snappy.parquet,Map(),5314,1779118940000,false,{"numRecords":2,"minValues":{"event_id":"14702b58b8c37db8b2b50034899fc9c7","event_type":"trip_started","schema_version":"2.0","trip_id":"2c7293107d5369aafe0b0f664a64c1e4","source_file":"yellow_tripdata_2024-09.parquet","ingest_mode":"streaming","ingest_timestamp":"2026-05-18T15:42:04.576Z","event_time":"2024-08-31T23:53:06.000Z","trip_date":"2024-08-31","vendor_id":2,"pickup_datetime":"2024-08-31T23:53:06.000Z","passenger_count":1,"pulocation_id":48,"dolocation_id":48},"maxValues":{"event_id":"53de4f6d29a18ae8c5ee21ff0b51e6dd","event_type":"trip_started","schema_version":"2.0","trip_id":"2c83a9caa91b8b0fc7bb449a3e93bc05","source_file":"yellow_tripdata_2024-09.parquet","ingest_mode":"streaming","ingest_timestamp":"2026-05-18T15:42:12.777Z","event_time":"2024-08-31T23:54:44.000Z","trip_date":"2024-08-31","vendor_id":2,"pickup_datetime":"2024-08-31T23:54:44.000Z","passenger_count":1,"pulocation_id":231,"dolocation_id":231},"nullCount":{"event_id":0,"event_type":0,"schema_version":0,"trip_id":0,"source_file":0,"ingest_mode":0,"ingest_timestamp":0,"event_time":0,"trip_date":0,"vendor_id":0,"pickup_datetime":0,"passenger_count":0,"pulocation_id":0,"dolocation_id":0}},null,null,None,None,None), AddFile(part-00003-40e0630d-6fe9-4e39-9602-a33736b745ca-c000.snappy.parquet,Map(),5316,1779118933000,false,{"numRecords":2,"minValues":{"event_id":"3a11c04f3f86a8a2ed90c5835f8fcb0c","event_type":"trip_started","schema_version":"2.0","trip_id":"5ea4134ac6f17edb7f639fc94f24acac","source_file":"yellow_tripdata_2024-09.parquet","ingest_mode":"streaming","ingest_timestamp":"2026-05-18T15:41:27.373Z","event_time":"2024-08-31T23:41:24.000Z","trip_date":"2024-08-31","vendor_id":2,"pickup_datetime":"2024-08-31T23:41:24.000Z","passenger_count":1,"pulocation_id":100,"dolocation_id":42},"maxValues":{"event_id":"810ea42e4364ec7ab0e87ebf0400ae41","event_type":"trip_started","schema_version":"2.0","trip_id":"72cf0cd11b66424f5d72b72df8a87924","source_file":"yellow_tripdata_2024-09.parquet","ingest_mode":"streaming","ingest_timestamp":"2026-05-18T15:41:44.574Z","event_time":"2024-08-31T23:47:25.000Z","trip_date":"2024-08-31","vendor_id":2,"pickup_datetime":"2024-08-31T23:47:25.000Z","passenger_count":1,"pulocation_id":230,"dolocation_id":100},"nullCount":{"event_id":0,"event_type":0,"schema_version":0,"trip_id":0,"source_file":0,"ingest_mode":0,"ingest_timestamp":0,"event_time":0,"trip_date":0,"vendor_id":0,"pickup_datetime":0,"passenger_count":0,"pulocation_id":0,"dolocation_id":0}},null,null,None,None,None), AddFile(part-00004-bf95d00f-7224-4d19-8506-bb804d74ba69-c000.snappy.parquet,Map(),16203,1779118907000,false,{"numRecords":67,"minValues":{"event_id":"00f4412c4abb87a7edb991f16b8e3872","event_type":"trip_started","schema_version":"2.0","trip_id":"0106a3fdc6d124355ddbc3170eb7fa9d","source_file":"yellow_tripdata_2024-09.parquet","ingest_mode":"streaming","ingest_timestamp":"2026-05-18T15:30:55.546Z","event_time":"2024-08-31T23:48:15.000Z","trip_date":"2024-08-31","vendor_id":1,"pickup_datetime":"2024-08-31T23:48:15.000Z","passenger_count":0,"pulocation_id":41,"dolocation_id":4},"maxValues":{"event_id":"ffa973e5c6626d9b56f1d9367abd3987","event_type":"trip_started","schema_version":"2.0","trip_id":"fc82163fbf256ca3108569d8f7fa673b","source_file":"yellow_tripdata_2024-09.parquet","ingest_mode":"streaming","ingest_timestamp":"2026-05-18T15:39:10.112Z","event_time":"2024-09-01T00:03:47.000Z","trip_date":"2024-09-01","vendor_id":2,"pickup_datetime":"2024-09-01T00:03:47.000Z","passenger_count":5,"pulocation_id":255,"dolocation_id":263},"nullCount":{"event_id":0,"event_type":0,"schema_version":0,"trip_id":0,"source_file":0,"ingest_mode":0,"ingest_timestamp":0,"event_time":0,"trip_date":0,"vendor_id":0,"pickup_datetime":0,"passenger_count":12,"pulocation_id":0,"dolocation_id":0}},null,null,None,None,None), AddFile(part-00001-15e62d34-1cb7-4e48-afd5-30601fa3f01e-c000.snappy.parquet,Map(),5325,1779118940000,false,{"numRecords":1,"minValues":{"event_id":"b395c7a81f12a58f58489f623d958178","event_type":"trip_started","schema_version":"2.0","trip_id":"133e7d3180d10215019a7d0e6e3cc052","source_file":"yellow_tripdata_2024-09.parquet","ingest_mode":"streaming","ingest_timestamp":"2026-05-18T15:41:59.575Z","event_time":"2024-08-31T23:49:47.000Z","trip_date":"2024-08-31","vendor_id":2,"pickup_datetime":"2024-08-31T23:49:47.000Z","passenger_count":1,"pulocation_id":79,"dolocation_id":211},"maxValues":{"event_id":"b395c7a81f12a58f58489f623d958178","event_type":"trip_started","schema_version":"2.0","trip_id":"133e7d3180d10215019a7d0e6e3cc052","source_file":"yellow_tripdata_2024-09.parquet","ingest_mode":"streaming","ingest_timestamp":"2026-05-18T15:41:59.575Z","event_time":"2024-08-31T23:49:47.000Z","trip_date":"2024-08-31","vendor_id":2,"pickup_datetime":"2024-08-31T23:49:47.000Z","passenger_count":1,"pulocation_id":79,"dolocation_id":211},"nullCount":{"event_id":0,"event_type":0,"schema_version":0,"trip_id":0,"source_file":0,"ingest_mode":0,"ingest_timestamp":0,"event_time":0,"trip_date":0,"vendor_id":0,"pickup_datetime":0,"passenger_count":0,"pulocation_id":0,"dolocation_id":0}},null,null,None,None,None), AddFile(part-00003-b1b9f1d7-6ad3-4d3d-9129-31eff2c0ca88-c000.snappy.parquet,Map(),12843,1779118906000,false,{"numRecords":51,"minValues":{"event_id":"033a945818d220fae8d0f5ea06aade55","event_type":"trip_started","schema_version":"2.0","trip_id":"007211974f070e6081d820f78a892116","source_file":"yellow_tripdata_2024-09.parquet","ingest_mode":"streaming","ingest_timestamp":"2026-05-18T15:30:08.336Z","event_time":"2024-08-31T22:27:55.000Z","trip_date":"2024-08-31","vendor_id":1,"pickup_datetime":"2024-08-31T22:27:55.000Z","passenger_count":0,"pulocation_id":24,"dolocation_id":7},"maxValues":{"event_id":"f914c4bf2487bb514676e80f0e515e30","event_type":"trip_started","schema_version":"2.0","trip_id":"fd8556cf3a0c0a61eb48a4f6e35a55b5","source_file":"yellow_tripdata_2024-09.parquet","ingest_mode":"streaming","ingest_timestamp":"2026-05-18T15:41:02.366Z","event_time":"2024-09-01T00:03:39.000Z","trip_date":"2024-09-01","vendor_id":2,"pickup_datetime":"2024-09-01T00:03:39.000Z","passenger_count":5,"pulocation_id":249,"dolocation_id":265},"nullCount":{"event_id":0,"event_type":0,"schema_version":0,"trip_id":0,"source_file":0,"ingest_mode":0,"ingest_timestamp":0,"event_time":0,"trip_date":0,"vendor_id":0,"pickup_datetime":0,"passenger_count":11,"pulocation_id":0,"dolocation_id":0}},null,null,None,None,None))))))
26/05/18 15:42:22 INFO Snapshot: DELTA: Compute snapshot for version: 2
26/05/18 15:42:22 INFO MemoryStore: Block broadcast_13 stored as values in memory (estimated size 242.1 KiB, free 431.7 MiB)
26/05/18 15:42:22 INFO MemoryStore: Block broadcast_13_piece0 stored as bytes in memory (estimated size 41.2 KiB, free 431.7 MiB)
26/05/18 15:42:22 INFO SparkContext: Created broadcast 13 from start at NativeMethodAccessorImpl.java:0
26/05/18 15:42:22 INFO DeltaLogFileIndex: Created DeltaLogFileIndex(JSON, numFilesInSegment: 3, totalFileSize: 22530)
26/05/18 15:42:22 INFO DataSourceStrategy: Pruning directories with: Set()
26/05/18 15:42:22 INFO FileSourceStrategy: Pushed Filters: 
26/05/18 15:42:22 INFO FileSourceStrategy: Post-Scan Filters: Set()
26/05/18 15:42:22 INFO MemoryStore: Block broadcast_14 stored as values in memory (estimated size 242.4 KiB, free 431.4 MiB)
26/05/18 15:42:22 INFO MemoryStore: Block broadcast_14_piece0 stored as bytes in memory (estimated size 41.3 KiB, free 431.4 MiB)
26/05/18 15:42:22 INFO SparkContext: Created broadcast 14 from start at NativeMethodAccessorImpl.java:0
26/05/18 15:42:22 INFO FileSourceScanExec: Planning scan with bin packing, max size: 6302721 bytes, open cost is considered as scanning 4194304 bytes.
26/05/18 15:42:23 INFO SparkContext: Starting job: start at NativeMethodAccessorImpl.java:0
26/05/18 15:42:23 INFO DAGScheduler: Registering RDD 50 (start at NativeMethodAccessorImpl.java:0) as input to shuffle 4
26/05/18 15:42:23 INFO DAGScheduler: Registering RDD 60 (start at NativeMethodAccessorImpl.java:0) as input to shuffle 5
26/05/18 15:42:23 INFO DAGScheduler: Got job 6 (start at NativeMethodAccessorImpl.java:0) with 1 output partitions
26/05/18 15:42:23 INFO DAGScheduler: Final stage: ResultStage 11 (start at NativeMethodAccessorImpl.java:0)
26/05/18 15:42:23 INFO DAGScheduler: Parents of final stage: List(ShuffleMapStage 10)
26/05/18 15:42:23 INFO DAGScheduler: Missing parents: List(ShuffleMapStage 10)
26/05/18 15:42:23 INFO DAGScheduler: Submitting ShuffleMapStage 9 (MapPartitionsRDD[50] at start at NativeMethodAccessorImpl.java:0), which has no missing parents
26/05/18 15:42:23 INFO MemoryStore: Block broadcast_15 stored as values in memory (estimated size 100.7 KiB, free 431.3 MiB)
26/05/18 15:42:23 INFO MemoryStore: Block broadcast_15_piece0 stored as bytes in memory (estimated size 29.0 KiB, free 431.2 MiB)
26/05/18 15:42:23 INFO SparkContext: Created broadcast 15 from broadcast at DAGScheduler.scala:1676
26/05/18 15:42:23 INFO DAGScheduler: Submitting 2 missing tasks from ShuffleMapStage 9 (MapPartitionsRDD[50] at start at NativeMethodAccessorImpl.java:0) (first 15 tasks are for partitions Vector(0, 1))
26/05/18 15:42:23 INFO TaskSchedulerImpl: Adding task set 9.0 with 2 tasks resource profile 0
26/05/18 15:42:23 INFO TaskSetManager: Starting task 0.0 in stage 9.0 (TID 118) (10.42.1.64,executor 1, partition 0, PROCESS_LOCAL, 10531 bytes) 
26/05/18 15:42:23 INFO TaskSetManager: Starting task 1.0 in stage 9.0 (TID 119) (10.42.1.64,executor 1, partition 1, PROCESS_LOCAL, 10351 bytes) 
26/05/18 15:42:23 INFO TaskSetManager: Finished task 0.0 in stage 9.0 (TID 118) in 91 ms on 10.42.1.64 (executor 1) (1/2)
26/05/18 15:42:23 INFO TaskSetManager: Finished task 1.0 in stage 9.0 (TID 119) in 97 ms on 10.42.1.64 (executor 1) (2/2)
26/05/18 15:42:23 INFO TaskSchedulerImpl: Removed TaskSet 9.0 whose tasks have all completed, from pool 
26/05/18 15:42:23 INFO DAGScheduler: ShuffleMapStage 9 (start at NativeMethodAccessorImpl.java:0) finished in 192 ms
26/05/18 15:42:23 INFO DAGScheduler: looking for newly runnable stages
26/05/18 15:42:23 INFO DAGScheduler: running: HashSet()
26/05/18 15:42:23 INFO DAGScheduler: waiting: HashSet(ShuffleMapStage 10, ResultStage 11)
26/05/18 15:42:23 INFO DAGScheduler: failed: HashSet()
26/05/18 15:42:23 INFO DAGScheduler: Submitting ShuffleMapStage 10 (MapPartitionsRDD[60] at start at NativeMethodAccessorImpl.java:0), which has no missing parents
26/05/18 15:42:23 INFO MemoryStore: Block broadcast_16 stored as values in memory (estimated size 601.1 KiB, free 430.7 MiB)
26/05/18 15:42:23 INFO MemoryStore: Block broadcast_16_piece0 stored as bytes in memory (estimated size 136.3 KiB, free 430.5 MiB)
26/05/18 15:42:23 INFO SparkContext: Created broadcast 16 from broadcast at DAGScheduler.scala:1676
26/05/18 15:42:23 INFO DAGScheduler: Submitting 50 missing tasks from ShuffleMapStage 10 (MapPartitionsRDD[60] at start at NativeMethodAccessorImpl.java:0) (first 15 tasks are for partitions Vector(0, 1, 2, 3, 4, 5, 6, 7, 8, 9, 10, 11, 12, 13, 14))
26/05/18 15:42:23 INFO TaskSchedulerImpl: Adding task set 10.0 with 50 tasks resource profile 0
26/05/18 15:42:23 INFO TaskSetManager: Starting task 2.0 in stage 10.0 (TID 120) (10.42.1.64,executor 1, partition 2, NODE_LOCAL, 9639 bytes) 
26/05/18 15:42:23 INFO MapOutputTrackerMasterEndpoint: Asked to send map output locations for shuffle 4 to 10.42.1.64:59476
26/05/18 15:42:23 INFO TaskSetManager: Starting task 6.0 in stage 10.0 (TID 121) (10.42.1.64,executor 1, partition 6, NODE_LOCAL, 9639 bytes) 
26/05/18 15:42:23 INFO TaskSetManager: Finished task 2.0 in stage 10.0 (TID 120) in 105 ms on 10.42.1.64 (executor 1) (1/50)
26/05/18 15:42:23 INFO TaskSetManager: Starting task 23.0 in stage 10.0 (TID 122) (10.42.1.64,executor 1, partition 23, NODE_LOCAL, 9639 bytes) 
26/05/18 15:42:23 INFO TaskSetManager: Finished task 6.0 in stage 10.0 (TID 121) in 181 ms on 10.42.1.64 (executor 1) (2/50)
26/05/18 15:42:23 INFO TaskSetManager: Starting task 28.0 in stage 10.0 (TID 123) (10.42.1.64,executor 1, partition 28, NODE_LOCAL, 9639 bytes) 
26/05/18 15:42:23 INFO TaskSetManager: Finished task 23.0 in stage 10.0 (TID 122) in 101 ms on 10.42.1.64 (executor 1) (3/50)
26/05/18 15:42:23 INFO TaskSetManager: Starting task 29.0 in stage 10.0 (TID 124) (10.42.1.64,executor 1, partition 29, NODE_LOCAL, 9639 bytes) 
26/05/18 15:42:23 INFO TaskSetManager: Finished task 28.0 in stage 10.0 (TID 123) in 28 ms on 10.42.1.64 (executor 1) (4/50)
26/05/18 15:42:23 INFO TaskSetManager: Starting task 31.0 in stage 10.0 (TID 125) (10.42.1.64,executor 1, partition 31, NODE_LOCAL, 9639 bytes) 
26/05/18 15:42:23 INFO TaskSetManager: Finished task 29.0 in stage 10.0 (TID 124) in 95 ms on 10.42.1.64 (executor 1) (5/50)
26/05/18 15:42:23 INFO TaskSetManager: Starting task 40.0 in stage 10.0 (TID 126) (10.42.1.64,executor 1, partition 40, NODE_LOCAL, 9639 bytes) 
26/05/18 15:42:23 INFO TaskSetManager: Finished task 31.0 in stage 10.0 (TID 125) in 86 ms on 10.42.1.64 (executor 1) (6/50)
26/05/18 15:42:24 INFO TaskSetManager: Starting task 42.0 in stage 10.0 (TID 127) (10.42.1.64,executor 1, partition 42, NODE_LOCAL, 9639 bytes) 
26/05/18 15:42:24 INFO TaskSetManager: Finished task 40.0 in stage 10.0 (TID 126) in 28 ms on 10.42.1.64 (executor 1) (7/50)
26/05/18 15:42:24 INFO TaskSetManager: Starting task 43.0 in stage 10.0 (TID 128) (10.42.1.64,executor 1, partition 43, NODE_LOCAL, 9639 bytes) 
26/05/18 15:42:24 INFO TaskSetManager: Finished task 42.0 in stage 10.0 (TID 127) in 84 ms on 10.42.1.64 (executor 1) (8/50)
26/05/18 15:42:24 INFO TaskSetManager: Starting task 44.0 in stage 10.0 (TID 129) (10.42.1.64,executor 1, partition 44, NODE_LOCAL, 9639 bytes) 
26/05/18 15:42:24 INFO TaskSetManager: Finished task 43.0 in stage 10.0 (TID 128) in 85 ms on 10.42.1.64 (executor 1) (9/50)
26/05/18 15:42:24 INFO TaskSetManager: Starting task 45.0 in stage 10.0 (TID 130) (10.42.1.64,executor 1, partition 45, NODE_LOCAL, 9639 bytes) 
26/05/18 15:42:24 INFO TaskSetManager: Finished task 44.0 in stage 10.0 (TID 129) in 30 ms on 10.42.1.64 (executor 1) (10/50)
26/05/18 15:42:24 INFO TaskSetManager: Starting task 48.0 in stage 10.0 (TID 131) (10.42.1.64,executor 1, partition 48, NODE_LOCAL, 9639 bytes) 
26/05/18 15:42:24 INFO TaskSetManager: Finished task 45.0 in stage 10.0 (TID 130) in 91 ms on 10.42.1.64 (executor 1) (11/50)
26/05/18 15:42:24 INFO TaskSetManager: Starting task 49.0 in stage 10.0 (TID 132) (10.42.1.64,executor 1, partition 49, NODE_LOCAL, 9639 bytes) 
26/05/18 15:42:24 INFO TaskSetManager: Finished task 48.0 in stage 10.0 (TID 131) in 79 ms on 10.42.1.64 (executor 1) (12/50)
26/05/18 15:42:24 INFO TaskSetManager: Starting task 0.0 in stage 10.0 (TID 133) (10.42.1.64,executor 1, partition 0, PROCESS_LOCAL, 9639 bytes) 
26/05/18 15:42:24 INFO TaskSetManager: Finished task 49.0 in stage 10.0 (TID 132) in 26 ms on 10.42.1.64 (executor 1) (13/50)
26/05/18 15:42:24 INFO TaskSetManager: Starting task 1.0 in stage 10.0 (TID 134) (10.42.1.64,executor 1, partition 1, PROCESS_LOCAL, 9639 bytes) 
26/05/18 15:42:24 INFO TaskSetManager: Finished task 0.0 in stage 10.0 (TID 133) in 82 ms on 10.42.1.64 (executor 1) (14/50)
26/05/18 15:42:24 INFO TaskSetManager: Starting task 3.0 in stage 10.0 (TID 135) (10.42.1.64,executor 1, partition 3, PROCESS_LOCAL, 9639 bytes) 
26/05/18 15:42:24 INFO TaskSetManager: Finished task 1.0 in stage 10.0 (TID 134) in 26 ms on 10.42.1.64 (executor 1) (15/50)
26/05/18 15:42:24 INFO TaskSetManager: Starting task 4.0 in stage 10.0 (TID 136) (10.42.1.64,executor 1, partition 4, PROCESS_LOCAL, 9639 bytes) 
26/05/18 15:42:24 INFO TaskSetManager: Finished task 3.0 in stage 10.0 (TID 135) in 82 ms on 10.42.1.64 (executor 1) (16/50)
26/05/18 15:42:24 INFO TaskSetManager: Starting task 5.0 in stage 10.0 (TID 137) (10.42.1.64,executor 1, partition 5, PROCESS_LOCAL, 9639 bytes) 
26/05/18 15:42:24 INFO TaskSetManager: Finished task 4.0 in stage 10.0 (TID 136) in 88 ms on 10.42.1.64 (executor 1) (17/50)
26/05/18 15:42:24 INFO TaskSetManager: Starting task 7.0 in stage 10.0 (TID 138) (10.42.1.64,executor 1, partition 7, PROCESS_LOCAL, 9639 bytes) 
26/05/18 15:42:24 INFO TaskSetManager: Finished task 5.0 in stage 10.0 (TID 137) in 27 ms on 10.42.1.64 (executor 1) (18/50)
26/05/18 15:42:24 INFO TaskSetManager: Starting task 8.0 in stage 10.0 (TID 139) (10.42.1.64,executor 1, partition 8, PROCESS_LOCAL, 9639 bytes) 
26/05/18 15:42:24 INFO TaskSetManager: Finished task 7.0 in stage 10.0 (TID 138) in 91 ms on 10.42.1.64 (executor 1) (19/50)
26/05/18 15:42:24 INFO TaskSetManager: Starting task 9.0 in stage 10.0 (TID 140) (10.42.1.64,executor 1, partition 9, PROCESS_LOCAL, 9639 bytes) 
26/05/18 15:42:24 INFO TaskSetManager: Finished task 8.0 in stage 10.0 (TID 139) in 91 ms on 10.42.1.64 (executor 1) (20/50)
26/05/18 15:42:25 INFO TaskSetManager: Starting task 10.0 in stage 10.0 (TID 141) (10.42.1.64,executor 1, partition 10, PROCESS_LOCAL, 9639 bytes) 
26/05/18 15:42:25 INFO TaskSetManager: Finished task 9.0 in stage 10.0 (TID 140) in 103 ms on 10.42.1.64 (executor 1) (21/50)
26/05/18 15:42:25 INFO TaskSetManager: Starting task 11.0 in stage 10.0 (TID 142) (10.42.1.64,executor 1, partition 11, PROCESS_LOCAL, 9639 bytes) 
26/05/18 15:42:25 INFO TaskSetManager: Finished task 10.0 in stage 10.0 (TID 141) in 102 ms on 10.42.1.64 (executor 1) (22/50)
26/05/18 15:42:25 INFO TaskSetManager: Starting task 12.0 in stage 10.0 (TID 143) (10.42.1.64,executor 1, partition 12, PROCESS_LOCAL, 9639 bytes) 
26/05/18 15:42:25 INFO TaskSetManager: Finished task 11.0 in stage 10.0 (TID 142) in 93 ms on 10.42.1.64 (executor 1) (23/50)
26/05/18 15:42:25 INFO TaskSetManager: Starting task 13.0 in stage 10.0 (TID 144) (10.42.1.64,executor 1, partition 13, PROCESS_LOCAL, 9639 bytes) 
26/05/18 15:42:25 INFO TaskSetManager: Finished task 12.0 in stage 10.0 (TID 143) in 26 ms on 10.42.1.64 (executor 1) (24/50)
26/05/18 15:42:25 INFO TaskSetManager: Starting task 14.0 in stage 10.0 (TID 145) (10.42.1.64,executor 1, partition 14, PROCESS_LOCAL, 9639 bytes) 
26/05/18 15:42:25 INFO TaskSetManager: Finished task 13.0 in stage 10.0 (TID 144) in 89 ms on 10.42.1.64 (executor 1) (25/50)
26/05/18 15:42:25 INFO TaskSetManager: Starting task 15.0 in stage 10.0 (TID 146) (10.42.1.64,executor 1, partition 15, PROCESS_LOCAL, 9639 bytes) 
26/05/18 15:42:25 INFO TaskSetManager: Finished task 14.0 in stage 10.0 (TID 145) in 85 ms on 10.42.1.64 (executor 1) (26/50)
26/05/18 15:42:25 INFO TaskSetManager: Starting task 16.0 in stage 10.0 (TID 147) (10.42.1.64,executor 1, partition 16, PROCESS_LOCAL, 9639 bytes) 
26/05/18 15:42:25 INFO TaskSetManager: Finished task 15.0 in stage 10.0 (TID 146) in 28 ms on 10.42.1.64 (executor 1) (27/50)
26/05/18 15:42:25 INFO TaskSetManager: Starting task 17.0 in stage 10.0 (TID 148) (10.42.1.64,executor 1, partition 17, PROCESS_LOCAL, 9639 bytes) 
26/05/18 15:42:25 INFO TaskSetManager: Finished task 16.0 in stage 10.0 (TID 147) in 75 ms on 10.42.1.64 (executor 1) (28/50)
26/05/18 15:42:25 INFO TaskSetManager: Starting task 18.0 in stage 10.0 (TID 149) (10.42.1.64,executor 1, partition 18, PROCESS_LOCAL, 9639 bytes) 
26/05/18 15:42:25 INFO TaskSetManager: Finished task 17.0 in stage 10.0 (TID 148) in 26 ms on 10.42.1.64 (executor 1) (29/50)
26/05/18 15:42:25 INFO TaskSetManager: Starting task 19.0 in stage 10.0 (TID 150) (10.42.1.64,executor 1, partition 19, PROCESS_LOCAL, 9639 bytes) 
26/05/18 15:42:25 INFO TaskSetManager: Finished task 18.0 in stage 10.0 (TID 149) in 25 ms on 10.42.1.64 (executor 1) (30/50)
26/05/18 15:42:25 INFO TaskSetManager: Starting task 20.0 in stage 10.0 (TID 151) (10.42.1.64,executor 1, partition 20, PROCESS_LOCAL, 9639 bytes) 
26/05/18 15:42:25 INFO TaskSetManager: Finished task 19.0 in stage 10.0 (TID 150) in 47 ms on 10.42.1.64 (executor 1) (31/50)
26/05/18 15:42:25 INFO TaskSetManager: Starting task 21.0 in stage 10.0 (TID 152) (10.42.1.64,executor 1, partition 21, PROCESS_LOCAL, 9639 bytes) 
26/05/18 15:42:25 INFO TaskSetManager: Finished task 20.0 in stage 10.0 (TID 151) in 27 ms on 10.42.1.64 (executor 1) (32/50)
26/05/18 15:42:25 INFO TaskSetManager: Starting task 22.0 in stage 10.0 (TID 153) (10.42.1.64,executor 1, partition 22, PROCESS_LOCAL, 9639 bytes) 
26/05/18 15:42:25 INFO TaskSetManager: Finished task 21.0 in stage 10.0 (TID 152) in 26 ms on 10.42.1.64 (executor 1) (33/50)
26/05/18 15:42:25 INFO TaskSetManager: Starting task 24.0 in stage 10.0 (TID 154) (10.42.1.64,executor 1, partition 24, PROCESS_LOCAL, 9639 bytes) 
26/05/18 15:42:25 INFO TaskSetManager: Finished task 22.0 in stage 10.0 (TID 153) in 61 ms on 10.42.1.64 (executor 1) (34/50)
26/05/18 15:42:25 INFO TaskSetManager: Starting task 25.0 in stage 10.0 (TID 155) (10.42.1.64,executor 1, partition 25, PROCESS_LOCAL, 9639 bytes) 
26/05/18 15:42:25 INFO TaskSetManager: Finished task 24.0 in stage 10.0 (TID 154) in 91 ms on 10.42.1.64 (executor 1) (35/50)
26/05/18 15:42:25 INFO TaskSetManager: Starting task 26.0 in stage 10.0 (TID 156) (10.42.1.64,executor 1, partition 26, PROCESS_LOCAL, 9639 bytes) 
26/05/18 15:42:25 INFO TaskSetManager: Finished task 25.0 in stage 10.0 (TID 155) in 25 ms on 10.42.1.64 (executor 1) (36/50)
26/05/18 15:42:25 INFO TaskSetManager: Starting task 27.0 in stage 10.0 (TID 157) (10.42.1.64,executor 1, partition 27, PROCESS_LOCAL, 9639 bytes) 
26/05/18 15:42:25 INFO TaskSetManager: Finished task 26.0 in stage 10.0 (TID 156) in 88 ms on 10.42.1.64 (executor 1) (37/50)
26/05/18 15:42:25 INFO TaskSetManager: Starting task 30.0 in stage 10.0 (TID 158) (10.42.1.64,executor 1, partition 30, PROCESS_LOCAL, 9639 bytes) 
26/05/18 15:42:25 INFO TaskSetManager: Finished task 27.0 in stage 10.0 (TID 157) in 26 ms on 10.42.1.64 (executor 1) (38/50)
26/05/18 15:42:26 INFO TaskSetManager: Starting task 32.0 in stage 10.0 (TID 159) (10.42.1.64,executor 1, partition 32, PROCESS_LOCAL, 9639 bytes) 
26/05/18 15:42:26 INFO TaskSetManager: Finished task 30.0 in stage 10.0 (TID 158) in 69 ms on 10.42.1.64 (executor 1) (39/50)
26/05/18 15:42:26 INFO TaskSetManager: Starting task 33.0 in stage 10.0 (TID 160) (10.42.1.64,executor 1, partition 33, PROCESS_LOCAL, 9639 bytes) 
26/05/18 15:42:26 INFO TaskSetManager: Finished task 32.0 in stage 10.0 (TID 159) in 24 ms on 10.42.1.64 (executor 1) (40/50)
26/05/18 15:42:26 INFO TaskSetManager: Starting task 34.0 in stage 10.0 (TID 161) (10.42.1.64,executor 1, partition 34, PROCESS_LOCAL, 9639 bytes) 
26/05/18 15:42:26 INFO TaskSetManager: Finished task 33.0 in stage 10.0 (TID 160) in 74 ms on 10.42.1.64 (executor 1) (41/50)
26/05/18 15:42:26 INFO TaskSetManager: Starting task 35.0 in stage 10.0 (TID 162) (10.42.1.64,executor 1, partition 35, PROCESS_LOCAL, 9639 bytes) 
26/05/18 15:42:26 INFO TaskSetManager: Finished task 34.0 in stage 10.0 (TID 161) in 25 ms on 10.42.1.64 (executor 1) (42/50)
26/05/18 15:42:26 INFO TaskSetManager: Starting task 36.0 in stage 10.0 (TID 163) (10.42.1.64,executor 1, partition 36, PROCESS_LOCAL, 9639 bytes) 
26/05/18 15:42:26 INFO TaskSetManager: Finished task 35.0 in stage 10.0 (TID 162) in 82 ms on 10.42.1.64 (executor 1) (43/50)
26/05/18 15:42:26 INFO TaskSetManager: Starting task 37.0 in stage 10.0 (TID 164) (10.42.1.64,executor 1, partition 37, PROCESS_LOCAL, 9639 bytes) 
26/05/18 15:42:26 INFO TaskSetManager: Finished task 36.0 in stage 10.0 (TID 163) in 81 ms on 10.42.1.64 (executor 1) (44/50)
26/05/18 15:42:26 INFO TaskSetManager: Starting task 38.0 in stage 10.0 (TID 165) (10.42.1.64,executor 1, partition 38, PROCESS_LOCAL, 9639 bytes) 
26/05/18 15:42:26 INFO TaskSetManager: Finished task 37.0 in stage 10.0 (TID 164) in 27 ms on 10.42.1.64 (executor 1) (45/50)
26/05/18 15:42:26 INFO TaskSetManager: Starting task 39.0 in stage 10.0 (TID 166) (10.42.1.64,executor 1, partition 39, PROCESS_LOCAL, 9639 bytes) 
26/05/18 15:42:26 INFO TaskSetManager: Finished task 38.0 in stage 10.0 (TID 165) in 73 ms on 10.42.1.64 (executor 1) (46/50)
26/05/18 15:42:26 INFO TaskSetManager: Starting task 41.0 in stage 10.0 (TID 167) (10.42.1.64,executor 1, partition 41, PROCESS_LOCAL, 9639 bytes) 
26/05/18 15:42:26 INFO TaskSetManager: Finished task 39.0 in stage 10.0 (TID 166) in 26 ms on 10.42.1.64 (executor 1) (47/50)
26/05/18 15:42:26 INFO TaskSetManager: Starting task 46.0 in stage 10.0 (TID 168) (10.42.1.64,executor 1, partition 46, PROCESS_LOCAL, 9639 bytes) 
26/05/18 15:42:26 INFO TaskSetManager: Finished task 41.0 in stage 10.0 (TID 167) in 78 ms on 10.42.1.64 (executor 1) (48/50)
26/05/18 15:42:26 INFO TaskSetManager: Starting task 47.0 in stage 10.0 (TID 169) (10.42.1.64,executor 1, partition 47, PROCESS_LOCAL, 9639 bytes) 
26/05/18 15:42:26 INFO TaskSetManager: Finished task 46.0 in stage 10.0 (TID 168) in 25 ms on 10.42.1.64 (executor 1) (49/50)
26/05/18 15:42:26 INFO TaskSetManager: Finished task 47.0 in stage 10.0 (TID 169) in 25 ms on 10.42.1.64 (executor 1) (50/50)
26/05/18 15:42:26 INFO TaskSchedulerImpl: Removed TaskSet 10.0 whose tasks have all completed, from pool 
26/05/18 15:42:26 INFO DAGScheduler: ShuffleMapStage 10 (start at NativeMethodAccessorImpl.java:0) finished in 3150 ms
26/05/18 15:42:26 INFO DAGScheduler: looking for newly runnable stages
26/05/18 15:42:26 INFO DAGScheduler: running: HashSet()
26/05/18 15:42:26 INFO DAGScheduler: waiting: HashSet(ResultStage 11)
26/05/18 15:42:26 INFO DAGScheduler: failed: HashSet()
26/05/18 15:42:26 INFO DAGScheduler: Submitting ResultStage 11 (MapPartitionsRDD[63] at start at NativeMethodAccessorImpl.java:0), which has no missing parents
26/05/18 15:42:26 INFO MemoryStore: Block broadcast_17 stored as values in memory (estimated size 528.8 KiB, free 430.0 MiB)
26/05/18 15:42:26 INFO MemoryStore: Block broadcast_17_piece0 stored as bytes in memory (estimated size 121.3 KiB, free 429.9 MiB)
26/05/18 15:42:26 INFO SparkContext: Created broadcast 17 from broadcast at DAGScheduler.scala:1676
26/05/18 15:42:26 INFO DAGScheduler: Submitting 1 missing tasks from ResultStage 11 (MapPartitionsRDD[63] at start at NativeMethodAccessorImpl.java:0) (first 15 tasks are for partitions Vector(0))
26/05/18 15:42:26 INFO TaskSchedulerImpl: Adding task set 11.0 with 1 tasks resource profile 0
26/05/18 15:42:26 INFO TaskSetManager: Starting task 0.0 in stage 11.0 (TID 170) (10.42.1.64,executor 1, partition 0, NODE_LOCAL, 9650 bytes) 
26/05/18 15:42:26 INFO MapOutputTrackerMasterEndpoint: Asked to send map output locations for shuffle 5 to 10.42.1.64:59476
26/05/18 15:42:26 INFO TaskSetManager: Finished task 0.0 in stage 11.0 (TID 170) in 24 ms on 10.42.1.64 (executor 1) (1/1)
26/05/18 15:42:26 INFO TaskSchedulerImpl: Removed TaskSet 11.0 whose tasks have all completed, from pool 
26/05/18 15:42:26 INFO DAGScheduler: ResultStage 11 (start at NativeMethodAccessorImpl.java:0) finished in 31 ms
26/05/18 15:42:26 INFO DAGScheduler: Job 6 is finished. Cancelling potential speculative or zombie tasks for this job
26/05/18 15:42:26 INFO TaskSchedulerImpl: Canceling stage 11
26/05/18 15:42:26 INFO TaskSchedulerImpl: Killing all running tasks in stage 11: Stage finished
26/05/18 15:42:26 INFO DAGScheduler: Job 6 finished: start at NativeMethodAccessorImpl.java:0, took 3379.421561 ms
26/05/18 15:42:26 INFO Snapshot: DELTA: Done
26/05/18 15:42:26 INFO ParquetUtils: Using default output committer for Parquet: org.apache.parquet.hadoop.ParquetOutputCommitter
26/05/18 15:42:26 INFO KafkaOffsetReaderAdmin: Partitions added: Map()
26/05/18 15:42:26 INFO SparkContext: Starting job: start at NativeMethodAccessorImpl.java:0
26/05/18 15:42:26 INFO DAGScheduler: Got job 7 (start at NativeMethodAccessorImpl.java:0) with 1 output partitions
26/05/18 15:42:26 INFO DAGScheduler: Final stage: ResultStage 12 (start at NativeMethodAccessorImpl.java:0)
26/05/18 15:42:26 INFO DAGScheduler: Parents of final stage: List()
26/05/18 15:42:26 INFO DAGScheduler: Missing parents: List()
26/05/18 15:42:26 INFO DAGScheduler: Submitting ResultStage 12 (MapPartitionsRDD[66] at start at NativeMethodAccessorImpl.java:0), which has no missing parents
26/05/18 15:42:26 INFO MemoryStore: Block broadcast_18 stored as values in memory (estimated size 429.0 KiB, free 429.5 MiB)
26/05/18 15:42:26 INFO MemoryStore: Block broadcast_18_piece0 stored as bytes in memory (estimated size 149.1 KiB, free 429.3 MiB)
26/05/18 15:42:26 INFO SparkContext: Created broadcast 18 from broadcast at DAGScheduler.scala:1676
26/05/18 15:42:26 INFO DAGScheduler: Submitting 1 missing tasks from ResultStage 12 (MapPartitionsRDD[66] at start at NativeMethodAccessorImpl.java:0) (first 15 tasks are for partitions Vector(0))
26/05/18 15:42:26 INFO TaskSchedulerImpl: Adding task set 12.0 with 1 tasks resource profile 0
26/05/18 15:42:26 INFO TaskSetManager: Starting task 0.0 in stage 12.0 (TID 171) (10.42.1.64,executor 1, partition 0, PROCESS_LOCAL, 10863 bytes) 
26/05/18 15:42:27 INFO TaskSetManager: Finished task 0.0 in stage 12.0 (TID 171) in 578 ms on 10.42.1.64 (executor 1) (1/1)
26/05/18 15:42:27 INFO TaskSchedulerImpl: Removed TaskSet 12.0 whose tasks have all completed, from pool 
26/05/18 15:42:27 INFO DAGScheduler: ResultStage 12 (start at NativeMethodAccessorImpl.java:0) finished in 630 ms
26/05/18 15:42:27 INFO DAGScheduler: Job 7 is finished. Cancelling potential speculative or zombie tasks for this job
26/05/18 15:42:27 INFO TaskSchedulerImpl: Canceling stage 12
26/05/18 15:42:27 INFO TaskSchedulerImpl: Killing all running tasks in stage 12: Stage finished
26/05/18 15:42:27 INFO DAGScheduler: Job 7 finished: start at NativeMethodAccessorImpl.java:0, took 631.106979 ms
26/05/18 15:42:27 INFO DeltaFileFormatWriter: Start to commit write Job 8bbeed12-02b9-4b5d-a234-f325afd2d925.
26/05/18 15:42:27 INFO DeltaFileFormatWriter: Write Job 8bbeed12-02b9-4b5d-a234-f325afd2d925 committed. Elapsed time: 0 ms.
26/05/18 15:42:27 INFO DeltaFileFormatWriter: Finished processing stats for write job 8bbeed12-02b9-4b5d-a234-f325afd2d925.
26/05/18 15:42:27 INFO DeltaSink: Wrote 1 files, with total size 5324, 1 logical records, duration=888 ms.
26/05/18 15:42:27 INFO OptimisticTransaction: [tableId=e54c2914,txnId=61956e13] Attempting to commit version 3 with 3 actions with Serializable isolation level
26/05/18 15:42:27 INFO OptimisticTransaction: Incremental commit: starting with snapshot version 2
26/05/18 15:42:27 INFO DeltaLog: Creating a new snapshot v3 for commit version 3
26/05/18 15:42:27 INFO DeltaLog: Loading version 3.
26/05/18 15:42:27 INFO Snapshot: [tableId=e54c2914-4281-4b97-a14f-d4cd8e512b01] Created snapshot Snapshot(path=s3a://lakehouse/benchmark/bronze/20260518T154052Z/low/started/_delta_log, version=3, metadata=Metadata(e54c2914-4281-4b97-a14f-d4cd8e512b01,null,null,Format(parquet,Map()),{"type":"struct","fields":[{"name":"event_id","type":"string","nullable":true,"metadata":{}},{"name":"event_type","type":"string","nullable":true,"metadata":{}},{"name":"schema_version","type":"string","nullable":true,"metadata":{}},{"name":"trip_id","type":"string","nullable":true,"metadata":{}},{"name":"source_file","type":"string","nullable":true,"metadata":{}},{"name":"ingest_mode","type":"string","nullable":true,"metadata":{}},{"name":"ingest_timestamp","type":"timestamp","nullable":true,"metadata":{}},{"name":"event_time","type":"timestamp","nullable":true,"metadata":{}},{"name":"trip_date","type":"string","nullable":true,"metadata":{}},{"name":"vendor_id","type":"integer","nullable":true,"metadata":{}},{"name":"pickup_datetime","type":"timestamp","nullable":true,"metadata":{}},{"name":"passenger_count","type":"long","nullable":true,"metadata":{}},{"name":"pulocation_id","type":"integer","nullable":true,"metadata":{}},{"name":"dolocation_id","type":"integer","nullable":true,"metadata":{}}]},List(),Map(),Some(1779118886752)), logSegment=LogSegment(s3a://lakehouse/benchmark/bronze/20260518T154052Z/low/started/_delta_log,3,ArraySeq(S3AFileStatus{path=s3a://lakehouse/benchmark/bronze/20260518T154052Z/low/started/_delta_log/00000000000000000000.json; isDirectory=false; length=10954; replication=1; blocksize=33554432; modification_time=1779118909098; access_time=0; owner=spark; group=spark; permission=rw-rw-rw-; isSymlink=false; hasAcl=false; isEncrypted=true; isErasureCoded=false} isEmptyDirectory=FALSE eTag="2dc840860c22af6901e80b07ffd4ef78" versionId=null, S3AFileStatus{path=s3a://lakehouse/benchmark/bronze/20260518T154052Z/low/started/_delta_log/00000000000000000001.json; isDirectory=false; length=6534; replication=1; blocksize=33554432; modification_time=1779118933421; access_time=0; owner=spark; group=spark; permission=rw-rw-rw-; isSymlink=false; hasAcl=false; isEncrypted=true; isErasureCoded=false} isEmptyDirectory=FALSE eTag="12e73076721d9b91785d3f2f712039e1" versionId=null, S3AFileStatus{path=s3a://lakehouse/benchmark/bronze/20260518T154052Z/low/started/_delta_log/00000000000000000002.json; isDirectory=false; length=5042; replication=1; blocksize=33554432; modification_time=1779118941417; access_time=0; owner=spark; group=spark; permission=rw-rw-rw-; isSymlink=false; hasAcl=false; isEncrypted=true; isErasureCoded=false} isEmptyDirectory=FALSE eTag="004bb0d2cb529c0cb5ef31cccea13acb" versionId=null, S3AFileStatus{path=s3a://lakehouse/benchmark/bronze/20260518T154052Z/low/started/_delta_log/00000000000000000003.json; isDirectory=false; length=2049; replication=1; blocksize=33554432; modification_time=1779118947000; access_time=0; owner=spark; group=spark; permission=rw-rw-rw-; isSymlink=false; hasAcl=false; isEncrypted=true; isErasureCoded=false} isEmptyDirectory=FALSE eTag="4dde2cedc8395ede38ef68ba9cfeff06" versionId=null),org.apache.spark.sql.delta.EmptyCheckpointProvider$@664c2564,1779118947000), checksumOpt=Some(VersionChecksum(Some(61956e13-8891-4f8f-8c5b-285a690c230a),128038,14,None,None,1,1,None,Some(List(SetTransaction(4c71fffa-098f-430a-acdb-8cf33542b27e,3,Some(1779118947475)))),Some(List()),Metadata(e54c2914-4281-4b97-a14f-d4cd8e512b01,null,null,Format(parquet,Map()),{"type":"struct","fields":[{"name":"event_id","type":"string","nullable":true,"metadata":{}},{"name":"event_type","type":"string","nullable":true,"metadata":{}},{"name":"schema_version","type":"string","nullable":true,"metadata":{}},{"name":"trip_id","type":"string","nullable":true,"metadata":{}},{"name":"source_file","type":"string","nullable":true,"metadata":{}},{"name":"ingest_mode","type":"string","nullable":true,"metadata":{}},{"name":"ingest_timestamp","type":"timestamp","nullable":true,"metadata":{}},{"name":"event_time","type":"timestamp","nullable":true,"metadata":{}},{"name":"trip_date","type":"string","nullable":true,"metadata":{}},{"name":"vendor_id","type":"integer","nullable":true,"metadata":{}},{"name":"pickup_datetime","type":"timestamp","nullable":true,"metadata":{}},{"name":"passenger_count","type":"long","nullable":true,"metadata":{}},{"name":"pulocation_id","type":"integer","nullable":true,"metadata":{}},{"name":"dolocation_id","type":"integer","nullable":true,"metadata":{}}]},List(),Map(),Some(1779118886752)),Protocol(1,2),None,None,Some(List(AddFile(part-00005-56447017-32c5-4b7e-b9ab-d59860935c92-c000.snappy.parquet,Map(),13745,1779118908000,false,{"numRecords":58,"minValues":{"event_id":"1455410b53ba26496dd8268d814efb0d","event_type":"trip_started","schema_version":"2.0","trip_id":"055d4dc21a238c32a1173721d4ca04f8","source_file":"yellow_tripdata_2024-09.parquet","ingest_mode":"streaming","ingest_timestamp":"2026-05-18T15:30:33.344Z","event_time":"2024-08-31T23:41:24.000Z","trip_date":"2024-08-31","vendor_id":1,"pickup_datetime":"2024-08-31T23:41:24.000Z","passenger_count":1,"pulocation_id":4,"dolocation_id":13},"maxValues":{"event_id":"fc33a45f23b40ebd214e1bfc68a49bcb","event_type":"trip_started","schema_version":"2.0","trip_id":"fe2349c4e6416804cff94b8f71437d80","source_file":"yellow_tripdata_2024-09.parquet","ingest_mode":"streaming","ingest_timestamp":"2026-05-18T15:39:01.111Z","event_time":"2024-09-01T00:03:38.000Z","trip_date":"2024-09-01","vendor_id":2,"pickup_datetime":"2024-09-01T00:03:38.000Z","passenger_count":5,"pulocation_id":263,"dolocation_id":261},"nullCount":{"event_id":0,"event_type":0,"schema_version":0,"trip_id":0,"source_file":0,"ingest_mode":0,"ingest_timestamp":0,"event_time":0,"trip_date":0,"vendor_id":0,"pickup_datetime":0,"passenger_count":7,"pulocation_id":0,"dolocation_id":0}},null,null,None,None,None), AddFile(part-00000-08aad25c-9cc6-4b91-9c29-ef1ada60ea60-c000.snappy.parquet,Map(),16483,1779118902000,false,{"numRecords":73,"minValues":{"event_id":"0212d8086261a2018cb807d1a4d7a46b","event_type":"trip_started","schema_version":"2.0","trip_id":"031b404c98f442710d2269c0a06824fd","source_file":"yellow_tripdata_2024-09.parquet","ingest_mode":"streaming","ingest_timestamp":"2026-05-18T15:30:18.343Z","event_time":"2024-08-31T23:16:36.000Z","trip_date":"2024-08-31","vendor_id":1,"pickup_datetime":"2024-08-31T23:16:36.000Z","passenger_count":1,"pulocation_id":41,"dolocation_id":15},"maxValues":{"event_id":"febc668d372ab0492f5c4e7165b45be2","event_type":"trip_started","schema_version":"2.0","trip_id":"f8cfd09088ab01f1042a890d127bfcca","source_file":"yellow_tripdata_2024-09.parquet","ingest_mode":"streaming","ingest_timestamp":"2026-05-18T15:41:12.372Z","event_time":"2024-09-01T00:03:44.000Z","trip_date":"2024-09-01","vendor_id":2,"pickup_datetime":"2024-09-01T00:03:44.000Z","passenger_count":5,"pulocation_id":249,"dolocation_id":265},"nullCount":{"event_id":0,"event_type":0,"schema_version":0,"trip_id":0,"source_file":0,"ingest_mode":0,"ingest_timestamp":0,"event_time":0,"trip_date":0,"vendor_id":0,"pickup_datetime":0,"passenger_count":7,"pulocation_id":0,"dolocation_id":0}},null,null,None,None,None), AddFile(part-00000-04a2f022-e88e-4fb8-842d-03ac20cee535-c000.snappy.parquet,Map(),5324,1779118947000,false,{"numRecords":1,"minValues":{"event_id":"52352c98a72028429aa0529967846b38","event_type":"trip_started","schema_version":"2.0","trip_id":"d5f457d09a3953154558bb47240e0cb4","source_file":"yellow_tripdata_2024-09.parquet","ingest_mode":"streaming","ingest_timestamp":"2026-05-18T15:42:17.777Z","event_time":"2024-08-31T23:55:17.000Z","trip_date":"2024-08-31","vendor_id":2,"pickup_datetime":"2024-08-31T23:55:17.000Z","passenger_count":5,"pulocation_id":93,"dolocation_id":141},"maxValues":{"event_id":"52352c98a72028429aa0529967846b38","event_type":"trip_started","schema_version":"2.0","trip_id":"d5f457d09a3953154558bb47240e0cb4","source_file":"yellow_tripdata_2024-09.parquet","ingest_mode":"streaming","ingest_timestamp":"2026-05-18T15:42:17.777Z","event_time":"2024-08-31T23:55:17.000Z","trip_date":"2024-08-31","vendor_id":2,"pickup_datetime":"2024-08-31T23:55:17.000Z","passenger_count":5,"pulocation_id":93,"dolocation_id":141},"nullCount":{"event_id":0,"event_type":0,"schema_version":0,"trip_id":0,"source_file":0,"ingest_mode":0,"ingest_timestamp":0,"event_time":0,"trip_date":0,"vendor_id":0,"pickup_datetime":0,"passenger_count":0,"pulocation_id":0,"dolocation_id":0}},null,null,None,None,None), AddFile(part-00002-204c9462-febd-4a6e-9fc5-d2cff48b0fab-c000.snappy.parquet,Map(),5290,1779118941000,false,{"numRecords":2,"minValues":{"event_id":"7094784f7b964147a344562f3c700452","event_type":"trip_started","schema_version":"2.0","trip_id":"49abd9d6c1136369978e031c3defd4dd","source_file":"yellow_tripdata_2024-09.parquet","ingest_mode":"streaming","ingest_timestamp":"2026-05-18T15:42:09.576Z","event_time":"2024-08-31T23:54:28.000Z","trip_date":"2024-08-31","vendor_id":2,"pickup_datetime":"2024-08-31T23:54:28.000Z","passenger_count":1,"pulocation_id":138,"dolocation_id":129},"maxValues":{"event_id":"a33916c25654965d32f61be210f37d0f","event_type":"trip_started","schema_version":"2.0","trip_id":"87e7c11c9799f63c59e672e1b144842e","source_file":"yellow_tripdata_2024-09.parquet","ingest_mode":"streaming","ingest_timestamp":"2026-05-18T15:42:11.576Z","event_time":"2024-08-31T23:54:38.000Z","trip_date":"2024-08-31","vendor_id":2,"pickup_datetime":"2024-08-31T23:54:38.000Z","passenger_count":2,"pulocation_id":230,"dolocation_id":162},"nullCount":{"event_id":0,"event_type":0,"schema_version":0,"trip_id":0,"source_file":0,"ingest_mode":0,"ingest_timestamp":0,"event_time":0,"trip_date":0,"vendor_id":0,"pickup_datetime":0,"passenger_count":0,"pulocation_id":0,"dolocation_id":0}},null,null,None,None,None), AddFile(part-00000-ac8a9b1d-58d7-4719-9e76-5f8fbe428c56-c000.snappy.parquet,Map(),5289,1779118932000,false,{"numRecords":2,"minValues":{"event_id":"0e42e0a8ff68c0593e5f62fe564cc867","event_type":"trip_started","schema_version":"2.0","trip_id":"74cc4dc0356999a5051ffc06fe590ba0","source_file":"yellow_tripdata_2024-09.parquet","ingest_mode":"streaming","ingest_timestamp":"2026-05-18T15:41:32.373Z","event_time":"2024-08-31T23:45:56.000Z","trip_date":"2024-08-31","vendor_id":2,"pickup_datetime":"2024-08-31T23:45:56.000Z","passenger_count":1,"pulocation_id":24,"dolocation_id":24},"maxValues":{"event_id":"20f272b57abcb77396229a1f4f79d2a6","event_type":"trip_started","schema_version":"2.0","trip_id":"7e4582c034b9714ccbb8b7972ee7452a","source_file":"yellow_tripdata_2024-09.parquet","ingest_mode":"streaming","ingest_timestamp":"2026-05-18T15:41:40.774Z","event_time":"2024-08-31T23:47:06.000Z","trip_date":"2024-08-31","vendor_id":2,"pickup_datetime":"2024-08-31T23:47:06.000Z","passenger_count":6,"pulocation_id":142,"dolocation_id":162},"nullCount":{"event_id":0,"event_type":0,"schema_version":0,"trip_id":0,"source_file":0,"ingest_mode":0,"ingest_timestamp":0,"event_time":0,"trip_date":0,"vendor_id":0,"pickup_datetime":0,"passenger_count":0,"pulocation_id":0,"dolocation_id":0}},null,null,None,None,None), AddFile(part-00001-3e08f1a9-004f-4148-96c2-ce39df27dafa-c000.snappy.parquet,Map(),5324,1779118932000,false,{"numRecords":1,"minValues":{"event_id":"49fd4523f0edf3af6db90b980f85b44b","event_type":"trip_started","schema_version":"2.0","trip_id":"a81a5f72bed880eb1011e846ec08a7b3","source_file":"yellow_tripdata_2024-09.parquet","ingest_mode":"streaming","ingest_timestamp":"2026-05-18T15:41:32.373Z","event_time":"2024-08-31T23:45:56.000Z","trip_date":"2024-08-31","vendor_id":2,"pickup_datetime":"2024-08-31T23:45:56.000Z","passenger_count":1,"pulocation_id":24,"dolocation_id":24},"maxValues":{"event_id":"49fd4523f0edf3af6db90b980f85b44b","event_type":"trip_started","schema_version":"2.0","trip_id":"a81a5f72bed880eb1011e846ec08a7b3","source_file":"yellow_tripdata_2024-09.parquet","ingest_mode":"streaming","ingest_timestamp":"2026-05-18T15:41:32.373Z","event_time":"2024-08-31T23:45:56.000Z","trip_date":"2024-08-31","vendor_id":2,"pickup_datetime":"2024-08-31T23:45:56.000Z","passenger_count":1,"pulocation_id":24,"dolocation_id":24},"nullCount":{"event_id":0,"event_type":0,"schema_version":0,"trip_id":0,"source_file":0,"ingest_mode":0,"ingest_timestamp":0,"event_time":0,"trip_date":0,"vendor_id":0,"pickup_datetime":0,"passenger_count":0,"pulocation_id":0,"dolocation_id":0}},null,null,None,None,None), AddFile(part-00002-d9b3fdfd-9a1c-4ba7-bce8-809853fb9b08-c000.snappy.parquet,Map(),5325,1779118933000,false,{"numRecords":1,"minValues":{"event_id":"c2b354f6093db075096dd7d6cd094124","event_type":"trip_started","schema_version":"2.0","trip_id":"2e493edb13c1adcaf6af648c66c05d11","source_file":"yellow_tripdata_2024-09.parquet","ingest_mode":"streaming","ingest_timestamp":"2026-05-18T15:41:49.575Z","event_time":"2024-08-31T23:48:15.000Z","trip_date":"2024-08-31","vendor_id":2,"pickup_datetime":"2024-08-31T23:48:15.000Z","passenger_count":1,"pulocation_id":87,"dolocation_id":232},"maxValues":{"event_id":"c2b354f6093db075096dd7d6cd094124","event_type":"trip_started","schema_version":"2.0","trip_id":"2e493edb13c1adcaf6af648c66c05d11","source_file":"yellow_tripdata_2024-09.parquet","ingest_mode":"streaming","ingest_timestamp":"2026-05-18T15:41:49.575Z","event_time":"2024-08-31T23:48:15.000Z","trip_date":"2024-08-31","vendor_id":2,"pickup_datetime":"2024-08-31T23:48:15.000Z","passenger_count":1,"pulocation_id":87,"dolocation_id":232},"nullCount":{"event_id":0,"event_type":0,"schema_version":0,"trip_id":0,"source_file":0,"ingest_mode":0,"ingest_timestamp":0,"event_time":0,"trip_date":0,"vendor_id":0,"pickup_datetime":0,"passenger_count":0,"pulocation_id":0,"dolocation_id":0}},null,null,None,None,None), AddFile(part-00002-d9b630b8-3fe6-47f4-bef5-e312d5875278-c000.snappy.parquet,Map(),15373,1779118905000,false,{"numRecords":67,"minValues":{"event_id":"011a460cb5a25c4ee561b11bfa14604d","event_type":"trip_started","schema_version":"2.0","trip_id":"02a39a8e328190af69190a907699ab05","source_file":"yellow_tripdata_2024-09.parquet","ingest_mode":"streaming","ingest_timestamp":"2026-05-18T15:30:23.343Z","event_time":"2024-08-31T23:31:22.000Z","trip_date":"2024-08-31","vendor_id":1,"pickup_datetime":"2024-08-31T23:31:22.000Z","passenger_count":0,"pulocation_id":24,"dolocation_id":7},"maxValues":{"event_id":"fb8fb0226b979d486aa1fe15bcadfd02","event_type":"trip_started","schema_version":"2.0","trip_id":"ff8ff4056149324b8cb6441936211b7a","source_file":"yellow_tripdata_2024-09.parquet","ingest_mode":"streaming","ingest_timestamp":"2026-05-18T15:41:17.372Z","event_time":"2024-09-01T00:03:44.000Z","trip_date":"2024-09-01","vendor_id":2,"pickup_datetime":"2024-09-01T00:03:44.000Z","passenger_count":6,"pulocation_id":265,"dolocation_id":265},"nullCount":{"event_id":0,"event_type":0,"schema_version":0,"trip_id":0,"source_file":0,"ingest_mode":0,"ingest_timestamp":0,"event_time":0,"trip_date":0,"vendor_id":0,"pickup_datetime":0,"passenger_count":7,"pulocation_id":0,"dolocation_id":0}},null,null,None,None,None), AddFile(part-00001-25597aa3-37ba-4ada-a57e-d65085251b3f-c000.snappy.parquet,Map(),10884,1779118904000,false,{"numRecords":36,"minValues":{"event_id":"00bb01354109838b627c857eebe80dc2","event_type":"trip_started","schema_version":"2.0","trip_id":"0151b1434bda3c8918caec4e7800368d","source_file":"yellow_tripdata_2024-09.parquet","ingest_mode":"streaming","ingest_timestamp":"2026-05-18T15:31:05.546Z","event_time":"2024-08-31T23:49:47.000Z","trip_date":"2024-08-31","vendor_id":1,"pickup_datetime":"2024-08-31T23:49:47.000Z","passenger_count":0,"pulocation_id":68,"dolocation_id":45},"maxValues":{"event_id":"fc777a5f3c65c6d093b9336703c5e846","event_type":"trip_started","schema_version":"2.0","trip_id":"febc1b1d83b45aebc128b44d8bf1e48d","source_file":"yellow_tripdata_2024-09.parquet","ingest_mode":"streaming","ingest_timestamp":"2026-05-18T15:38:55.109Z","event_time":"2024-09-01T00:03:32.000Z","trip_date":"2024-09-01","vendor_id":2,"pickup_datetime":"2024-09-01T00:03:32.000Z","passenger_count":5,"pulocation_id":263,"dolocation_id":265},"nullCount":{"event_id":0,"event_type":0,"schema_version":0,"trip_id":0,"source_file":0,"ingest_mode":0,"ingest_timestamp":0,"event_time":0,"trip_date":0,"vendor_id":0,"pickup_datetime":0,"passenger_count":3,"pulocation_id":0,"dolocation_id":0}},null,null,None,None,None), AddFile(part-00000-354a8d2e-7fe2-4583-a46c-fa6563c44f3f-c000.snappy.parquet,Map(),5314,1779118940000,false,{"numRecords":2,"minValues":{"event_id":"14702b58b8c37db8b2b50034899fc9c7","event_type":"trip_started","schema_version":"2.0","trip_id":"2c7293107d5369aafe0b0f664a64c1e4","source_file":"yellow_tripdata_2024-09.parquet","ingest_mode":"streaming","ingest_timestamp":"2026-05-18T15:42:04.576Z","event_time":"2024-08-31T23:53:06.000Z","trip_date":"2024-08-31","vendor_id":2,"pickup_datetime":"2024-08-31T23:53:06.000Z","passenger_count":1,"pulocation_id":48,"dolocation_id":48},"maxValues":{"event_id":"53de4f6d29a18ae8c5ee21ff0b51e6dd","event_type":"trip_started","schema_version":"2.0","trip_id":"2c83a9caa91b8b0fc7bb449a3e93bc05","source_file":"yellow_tripdata_2024-09.parquet","ingest_mode":"streaming","ingest_timestamp":"2026-05-18T15:42:12.777Z","event_time":"2024-08-31T23:54:44.000Z","trip_date":"2024-08-31","vendor_id":2,"pickup_datetime":"2024-08-31T23:54:44.000Z","passenger_count":1,"pulocation_id":231,"dolocation_id":231},"nullCount":{"event_id":0,"event_type":0,"schema_version":0,"trip_id":0,"source_file":0,"ingest_mode":0,"ingest_timestamp":0,"event_time":0,"trip_date":0,"vendor_id":0,"pickup_datetime":0,"passenger_count":0,"pulocation_id":0,"dolocation_id":0}},null,null,None,None,None), AddFile(part-00003-40e0630d-6fe9-4e39-9602-a33736b745ca-c000.snappy.parquet,Map(),5316,1779118933000,false,{"numRecords":2,"minValues":{"event_id":"3a11c04f3f86a8a2ed90c5835f8fcb0c","event_type":"trip_started","schema_version":"2.0","trip_id":"5ea4134ac6f17edb7f639fc94f24acac","source_file":"yellow_tripdata_2024-09.parquet","ingest_mode":"streaming","ingest_timestamp":"2026-05-18T15:41:27.373Z","event_time":"2024-08-31T23:41:24.000Z","trip_date":"2024-08-31","vendor_id":2,"pickup_datetime":"2024-08-31T23:41:24.000Z","passenger_count":1,"pulocation_id":100,"dolocation_id":42},"maxValues":{"event_id":"810ea42e4364ec7ab0e87ebf0400ae41","event_type":"trip_started","schema_version":"2.0","trip_id":"72cf0cd11b66424f5d72b72df8a87924","source_file":"yellow_tripdata_2024-09.parquet","ingest_mode":"streaming","ingest_timestamp":"2026-05-18T15:41:44.574Z","event_time":"2024-08-31T23:47:25.000Z","trip_date":"2024-08-31","vendor_id":2,"pickup_datetime":"2024-08-31T23:47:25.000Z","passenger_count":1,"pulocation_id":230,"dolocation_id":100},"nullCount":{"event_id":0,"event_type":0,"schema_version":0,"trip_id":0,"source_file":0,"ingest_mode":0,"ingest_timestamp":0,"event_time":0,"trip_date":0,"vendor_id":0,"pickup_datetime":0,"passenger_count":0,"pulocation_id":0,"dolocation_id":0}},null,null,None,None,None), AddFile(part-00004-bf95d00f-7224-4d19-8506-bb804d74ba69-c000.snappy.parquet,Map(),16203,1779118907000,false,{"numRecords":67,"minValues":{"event_id":"00f4412c4abb87a7edb991f16b8e3872","event_type":"trip_started","schema_version":"2.0","trip_id":"0106a3fdc6d124355ddbc3170eb7fa9d","source_file":"yellow_tripdata_2024-09.parquet","ingest_mode":"streaming","ingest_timestamp":"2026-05-18T15:30:55.546Z","event_time":"2024-08-31T23:48:15.000Z","trip_date":"2024-08-31","vendor_id":1,"pickup_datetime":"2024-08-31T23:48:15.000Z","passenger_count":0,"pulocation_id":41,"dolocation_id":4},"maxValues":{"event_id":"ffa973e5c6626d9b56f1d9367abd3987","event_type":"trip_started","schema_version":"2.0","trip_id":"fc82163fbf256ca3108569d8f7fa673b","source_file":"yellow_tripdata_2024-09.parquet","ingest_mode":"streaming","ingest_timestamp":"2026-05-18T15:39:10.112Z","event_time":"2024-09-01T00:03:47.000Z","trip_date":"2024-09-01","vendor_id":2,"pickup_datetime":"2024-09-01T00:03:47.000Z","passenger_count":5,"pulocation_id":255,"dolocation_id":263},"nullCount":{"event_id":0,"event_type":0,"schema_version":0,"trip_id":0,"source_file":0,"ingest_mode":0,"ingest_timestamp":0,"event_time":0,"trip_date":0,"vendor_id":0,"pickup_datetime":0,"passenger_count":12,"pulocation_id":0,"dolocation_id":0}},null,null,None,None,None), AddFile(part-00001-15e62d34-1cb7-4e48-afd5-30601fa3f01e-c000.snappy.parquet,Map(),5325,1779118940000,false,{"numRecords":1,"minValues":{"event_id":"b395c7a81f12a58f58489f623d958178","event_type":"trip_started","schema_version":"2.0","trip_id":"133e7d3180d10215019a7d0e6e3cc052","source_file":"yellow_tripdata_2024-09.parquet","ingest_mode":"streaming","ingest_timestamp":"2026-05-18T15:41:59.575Z","event_time":"2024-08-31T23:49:47.000Z","trip_date":"2024-08-31","vendor_id":2,"pickup_datetime":"2024-08-31T23:49:47.000Z","passenger_count":1,"pulocation_id":79,"dolocation_id":211},"maxValues":{"event_id":"b395c7a81f12a58f58489f623d958178","event_type":"trip_started","schema_version":"2.0","trip_id":"133e7d3180d10215019a7d0e6e3cc052","source_file":"yellow_tripdata_2024-09.parquet","ingest_mode":"streaming","ingest_timestamp":"2026-05-18T15:41:59.575Z","event_time":"2024-08-31T23:49:47.000Z","trip_date":"2024-08-31","vendor_id":2,"pickup_datetime":"2024-08-31T23:49:47.000Z","passenger_count":1,"pulocation_id":79,"dolocation_id":211},"nullCount":{"event_id":0,"event_type":0,"schema_version":0,"trip_id":0,"source_file":0,"ingest_mode":0,"ingest_timestamp":0,"event_time":0,"trip_date":0,"vendor_id":0,"pickup_datetime":0,"passenger_count":0,"pulocation_id":0,"dolocation_id":0}},null,null,None,None,None), AddFile(part-00003-b1b9f1d7-6ad3-4d3d-9129-31eff2c0ca88-c000.snappy.parquet,Map(),12843,1779118906000,false,{"numRecords":51,"minValues":{"event_id":"033a945818d220fae8d0f5ea06aade55","event_type":"trip_started","schema_version":"2.0","trip_id":"007211974f070e6081d820f78a892116","source_file":"yellow_tripdata_2024-09.parquet","ingest_mode":"streaming","ingest_timestamp":"2026-05-18T15:30:08.336Z","event_time":"2024-08-31T22:27:55.000Z","trip_date":"2024-08-31","vendor_id":1,"pickup_datetime":"2024-08-31T22:27:55.000Z","passenger_count":0,"pulocation_id":24,"dolocation_id":7},"maxValues":{"event_id":"f914c4bf2487bb514676e80f0e515e30","event_type":"trip_started","schema_version":"2.0","trip_id":"fd8556cf3a0c0a61eb48a4f6e35a55b5","source_file":"yellow_tripdata_2024-09.parquet","ingest_mode":"streaming","ingest_timestamp":"2026-05-18T15:41:02.366Z","event_time":"2024-09-01T00:03:39.000Z","trip_date":"2024-09-01","vendor_id":2,"pickup_datetime":"2024-09-01T00:03:39.000Z","passenger_count":5,"pulocation_id":249,"dolocation_id":265},"nullCount":{"event_id":0,"event_type":0,"schema_version":0,"trip_id":0,"source_file":0,"ingest_mode":0,"ingest_timestamp":0,"event_time":0,"trip_date":0,"vendor_id":0,"pickup_datetime":0,"passenger_count":11,"pulocation_id":0,"dolocation_id":0}},null,null,None,None,None))))))
26/05/18 15:42:27 INFO DeltaLog: Updated snapshot to Snapshot(path=s3a://lakehouse/benchmark/bronze/20260518T154052Z/low/started/_delta_log, version=3, metadata=Metadata(e54c2914-4281-4b97-a14f-d4cd8e512b01,null,null,Format(parquet,Map()),{"type":"struct","fields":[{"name":"event_id","type":"string","nullable":true,"metadata":{}},{"name":"event_type","type":"string","nullable":true,"metadata":{}},{"name":"schema_version","type":"string","nullable":true,"metadata":{}},{"name":"trip_id","type":"string","nullable":true,"metadata":{}},{"name":"source_file","type":"string","nullable":true,"metadata":{}},{"name":"ingest_mode","type":"string","nullable":true,"metadata":{}},{"name":"ingest_timestamp","type":"timestamp","nullable":true,"metadata":{}},{"name":"event_time","type":"timestamp","nullable":true,"metadata":{}},{"name":"trip_date","type":"string","nullable":true,"metadata":{}},{"name":"vendor_id","type":"integer","nullable":true,"metadata":{}},{"name":"pickup_datetime","type":"timestamp","nullable":true,"metadata":{}},{"name":"passenger_count","type":"long","nullable":true,"metadata":{}},{"name":"pulocation_id","type":"integer","nullable":true,"metadata":{}},{"name":"dolocation_id","type":"integer","nullable":true,"metadata":{}}]},List(),Map(),Some(1779118886752)), logSegment=LogSegment(s3a://lakehouse/benchmark/bronze/20260518T154052Z/low/started/_delta_log,3,ArraySeq(S3AFileStatus{path=s3a://lakehouse/benchmark/bronze/20260518T154052Z/low/started/_delta_log/00000000000000000000.json; isDirectory=false; length=10954; replication=1; blocksize=33554432; modification_time=1779118909098; access_time=0; owner=spark; group=spark; permission=rw-rw-rw-; isSymlink=false; hasAcl=false; isEncrypted=true; isErasureCoded=false} isEmptyDirectory=FALSE eTag="2dc840860c22af6901e80b07ffd4ef78" versionId=null, S3AFileStatus{path=s3a://lakehouse/benchmark/bronze/20260518T154052Z/low/started/_delta_log/00000000000000000001.json; isDirectory=false; length=6534; replication=1; blocksize=33554432; modification_time=1779118933421; access_time=0; owner=spark; group=spark; permission=rw-rw-rw-; isSymlink=false; hasAcl=false; isEncrypted=true; isErasureCoded=false} isEmptyDirectory=FALSE eTag="12e73076721d9b91785d3f2f712039e1" versionId=null, S3AFileStatus{path=s3a://lakehouse/benchmark/bronze/20260518T154052Z/low/started/_delta_log/00000000000000000002.json; isDirectory=false; length=5042; replication=1; blocksize=33554432; modification_time=1779118941417; access_time=0; owner=spark; group=spark; permission=rw-rw-rw-; isSymlink=false; hasAcl=false; isEncrypted=true; isErasureCoded=false} isEmptyDirectory=FALSE eTag="004bb0d2cb529c0cb5ef31cccea13acb" versionId=null, S3AFileStatus{path=s3a://lakehouse/benchmark/bronze/20260518T154052Z/low/started/_delta_log/00000000000000000003.json; isDirectory=false; length=2049; replication=1; blocksize=33554432; modification_time=1779118947000; access_time=0; owner=spark; group=spark; permission=rw-rw-rw-; isSymlink=false; hasAcl=false; isEncrypted=true; isErasureCoded=false} isEmptyDirectory=FALSE eTag="4dde2cedc8395ede38ef68ba9cfeff06" versionId=null),org.apache.spark.sql.delta.EmptyCheckpointProvider$@664c2564,1779118947000), checksumOpt=Some(VersionChecksum(Some(61956e13-8891-4f8f-8c5b-285a690c230a),128038,14,None,None,1,1,None,Some(List(SetTransaction(4c71fffa-098f-430a-acdb-8cf33542b27e,3,Some(1779118947475)))),Some(List()),Metadata(e54c2914-4281-4b97-a14f-d4cd8e512b01,null,null,Format(parquet,Map()),{"type":"struct","fields":[{"name":"event_id","type":"string","nullable":true,"metadata":{}},{"name":"event_type","type":"string","nullable":true,"metadata":{}},{"name":"schema_version","type":"string","nullable":true,"metadata":{}},{"name":"trip_id","type":"string","nullable":true,"metadata":{}},{"name":"source_file","type":"string","nullable":true,"metadata":{}},{"name":"ingest_mode","type":"string","nullable":true,"metadata":{}},{"name":"ingest_timestamp","type":"timestamp","nullable":true,"metadata":{}},{"name":"event_time","type":"timestamp","nullable":true,"metadata":{}},{"name":"trip_date","type":"string","nullable":true,"metadata":{}},{"name":"vendor_id","type":"integer","nullable":true,"metadata":{}},{"name":"pickup_datetime","type":"timestamp","nullable":true,"metadata":{}},{"name":"passenger_count","type":"long","nullable":true,"metadata":{}},{"name":"pulocation_id","type":"integer","nullable":true,"metadata":{}},{"name":"dolocation_id","type":"integer","nullable":true,"metadata":{}}]},List(),Map(),Some(1779118886752)),Protocol(1,2),None,None,Some(List(AddFile(part-00005-56447017-32c5-4b7e-b9ab-d59860935c92-c000.snappy.parquet,Map(),13745,1779118908000,false,{"numRecords":58,"minValues":{"event_id":"1455410b53ba26496dd8268d814efb0d","event_type":"trip_started","schema_version":"2.0","trip_id":"055d4dc21a238c32a1173721d4ca04f8","source_file":"yellow_tripdata_2024-09.parquet","ingest_mode":"streaming","ingest_timestamp":"2026-05-18T15:30:33.344Z","event_time":"2024-08-31T23:41:24.000Z","trip_date":"2024-08-31","vendor_id":1,"pickup_datetime":"2024-08-31T23:41:24.000Z","passenger_count":1,"pulocation_id":4,"dolocation_id":13},"maxValues":{"event_id":"fc33a45f23b40ebd214e1bfc68a49bcb","event_type":"trip_started","schema_version":"2.0","trip_id":"fe2349c4e6416804cff94b8f71437d80","source_file":"yellow_tripdata_2024-09.parquet","ingest_mode":"streaming","ingest_timestamp":"2026-05-18T15:39:01.111Z","event_time":"2024-09-01T00:03:38.000Z","trip_date":"2024-09-01","vendor_id":2,"pickup_datetime":"2024-09-01T00:03:38.000Z","passenger_count":5,"pulocation_id":263,"dolocation_id":261},"nullCount":{"event_id":0,"event_type":0,"schema_version":0,"trip_id":0,"source_file":0,"ingest_mode":0,"ingest_timestamp":0,"event_time":0,"trip_date":0,"vendor_id":0,"pickup_datetime":0,"passenger_count":7,"pulocation_id":0,"dolocation_id":0}},null,null,None,None,None), AddFile(part-00000-08aad25c-9cc6-4b91-9c29-ef1ada60ea60-c000.snappy.parquet,Map(),16483,1779118902000,false,{"numRecords":73,"minValues":{"event_id":"0212d8086261a2018cb807d1a4d7a46b","event_type":"trip_started","schema_version":"2.0","trip_id":"031b404c98f442710d2269c0a06824fd","source_file":"yellow_tripdata_2024-09.parquet","ingest_mode":"streaming","ingest_timestamp":"2026-05-18T15:30:18.343Z","event_time":"2024-08-31T23:16:36.000Z","trip_date":"2024-08-31","vendor_id":1,"pickup_datetime":"2024-08-31T23:16:36.000Z","passenger_count":1,"pulocation_id":41,"dolocation_id":15},"maxValues":{"event_id":"febc668d372ab0492f5c4e7165b45be2","event_type":"trip_started","schema_version":"2.0","trip_id":"f8cfd09088ab01f1042a890d127bfcca","source_file":"yellow_tripdata_2024-09.parquet","ingest_mode":"streaming","ingest_timestamp":"2026-05-18T15:41:12.372Z","event_time":"2024-09-01T00:03:44.000Z","trip_date":"2024-09-01","vendor_id":2,"pickup_datetime":"2024-09-01T00:03:44.000Z","passenger_count":5,"pulocation_id":249,"dolocation_id":265},"nullCount":{"event_id":0,"event_type":0,"schema_version":0,"trip_id":0,"source_file":0,"ingest_mode":0,"ingest_timestamp":0,"event_time":0,"trip_date":0,"vendor_id":0,"pickup_datetime":0,"passenger_count":7,"pulocation_id":0,"dolocation_id":0}},null,null,None,None,None), AddFile(part-00000-04a2f022-e88e-4fb8-842d-03ac20cee535-c000.snappy.parquet,Map(),5324,1779118947000,false,{"numRecords":1,"minValues":{"event_id":"52352c98a72028429aa0529967846b38","event_type":"trip_started","schema_version":"2.0","trip_id":"d5f457d09a3953154558bb47240e0cb4","source_file":"yellow_tripdata_2024-09.parquet","ingest_mode":"streaming","ingest_timestamp":"2026-05-18T15:42:17.777Z","event_time":"2024-08-31T23:55:17.000Z","trip_date":"2024-08-31","vendor_id":2,"pickup_datetime":"2024-08-31T23:55:17.000Z","passenger_count":5,"pulocation_id":93,"dolocation_id":141},"maxValues":{"event_id":"52352c98a72028429aa0529967846b38","event_type":"trip_started","schema_version":"2.0","trip_id":"d5f457d09a3953154558bb47240e0cb4","source_file":"yellow_tripdata_2024-09.parquet","ingest_mode":"streaming","ingest_timestamp":"2026-05-18T15:42:17.777Z","event_time":"2024-08-31T23:55:17.000Z","trip_date":"2024-08-31","vendor_id":2,"pickup_datetime":"2024-08-31T23:55:17.000Z","passenger_count":5,"pulocation_id":93,"dolocation_id":141},"nullCount":{"event_id":0,"event_type":0,"schema_version":0,"trip_id":0,"source_file":0,"ingest_mode":0,"ingest_timestamp":0,"event_time":0,"trip_date":0,"vendor_id":0,"pickup_datetime":0,"passenger_count":0,"pulocation_id":0,"dolocation_id":0}},null,null,None,None,None), AddFile(part-00002-204c9462-febd-4a6e-9fc5-d2cff48b0fab-c000.snappy.parquet,Map(),5290,1779118941000,false,{"numRecords":2,"minValues":{"event_id":"7094784f7b964147a344562f3c700452","event_type":"trip_started","schema_version":"2.0","trip_id":"49abd9d6c1136369978e031c3defd4dd","source_file":"yellow_tripdata_2024-09.parquet","ingest_mode":"streaming","ingest_timestamp":"2026-05-18T15:42:09.576Z","event_time":"2024-08-31T23:54:28.000Z","trip_date":"2024-08-31","vendor_id":2,"pickup_datetime":"2024-08-31T23:54:28.000Z","passenger_count":1,"pulocation_id":138,"dolocation_id":129},"maxValues":{"event_id":"a33916c25654965d32f61be210f37d0f","event_type":"trip_started","schema_version":"2.0","trip_id":"87e7c11c9799f63c59e672e1b144842e","source_file":"yellow_tripdata_2024-09.parquet","ingest_mode":"streaming","ingest_timestamp":"2026-05-18T15:42:11.576Z","event_time":"2024-08-31T23:54:38.000Z","trip_date":"2024-08-31","vendor_id":2,"pickup_datetime":"2024-08-31T23:54:38.000Z","passenger_count":2,"pulocation_id":230,"dolocation_id":162},"nullCount":{"event_id":0,"event_type":0,"schema_version":0,"trip_id":0,"source_file":0,"ingest_mode":0,"ingest_timestamp":0,"event_time":0,"trip_date":0,"vendor_id":0,"pickup_datetime":0,"passenger_count":0,"pulocation_id":0,"dolocation_id":0}},null,null,None,None,None), AddFile(part-00000-ac8a9b1d-58d7-4719-9e76-5f8fbe428c56-c000.snappy.parquet,Map(),5289,1779118932000,false,{"numRecords":2,"minValues":{"event_id":"0e42e0a8ff68c0593e5f62fe564cc867","event_type":"trip_started","schema_version":"2.0","trip_id":"74cc4dc0356999a5051ffc06fe590ba0","source_file":"yellow_tripdata_2024-09.parquet","ingest_mode":"streaming","ingest_timestamp":"2026-05-18T15:41:32.373Z","event_time":"2024-08-31T23:45:56.000Z","trip_date":"2024-08-31","vendor_id":2,"pickup_datetime":"2024-08-31T23:45:56.000Z","passenger_count":1,"pulocation_id":24,"dolocation_id":24},"maxValues":{"event_id":"20f272b57abcb77396229a1f4f79d2a6","event_type":"trip_started","schema_version":"2.0","trip_id":"7e4582c034b9714ccbb8b7972ee7452a","source_file":"yellow_tripdata_2024-09.parquet","ingest_mode":"streaming","ingest_timestamp":"2026-05-18T15:41:40.774Z","event_time":"2024-08-31T23:47:06.000Z","trip_date":"2024-08-31","vendor_id":2,"pickup_datetime":"2024-08-31T23:47:06.000Z","passenger_count":6,"pulocation_id":142,"dolocation_id":162},"nullCount":{"event_id":0,"event_type":0,"schema_version":0,"trip_id":0,"source_file":0,"ingest_mode":0,"ingest_timestamp":0,"event_time":0,"trip_date":0,"vendor_id":0,"pickup_datetime":0,"passenger_count":0,"pulocation_id":0,"dolocation_id":0}},null,null,None,None,None), AddFile(part-00001-3e08f1a9-004f-4148-96c2-ce39df27dafa-c000.snappy.parquet,Map(),5324,1779118932000,false,{"numRecords":1,"minValues":{"event_id":"49fd4523f0edf3af6db90b980f85b44b","event_type":"trip_started","schema_version":"2.0","trip_id":"a81a5f72bed880eb1011e846ec08a7b3","source_file":"yellow_tripdata_2024-09.parquet","ingest_mode":"streaming","ingest_timestamp":"2026-05-18T15:41:32.373Z","event_time":"2024-08-31T23:45:56.000Z","trip_date":"2024-08-31","vendor_id":2,"pickup_datetime":"2024-08-31T23:45:56.000Z","passenger_count":1,"pulocation_id":24,"dolocation_id":24},"maxValues":{"event_id":"49fd4523f0edf3af6db90b980f85b44b","event_type":"trip_started","schema_version":"2.0","trip_id":"a81a5f72bed880eb1011e846ec08a7b3","source_file":"yellow_tripdata_2024-09.parquet","ingest_mode":"streaming","ingest_timestamp":"2026-05-18T15:41:32.373Z","event_time":"2024-08-31T23:45:56.000Z","trip_date":"2024-08-31","vendor_id":2,"pickup_datetime":"2024-08-31T23:45:56.000Z","passenger_count":1,"pulocation_id":24,"dolocation_id":24},"nullCount":{"event_id":0,"event_type":0,"schema_version":0,"trip_id":0,"source_file":0,"ingest_mode":0,"ingest_timestamp":0,"event_time":0,"trip_date":0,"vendor_id":0,"pickup_datetime":0,"passenger_count":0,"pulocation_id":0,"dolocation_id":0}},null,null,None,None,None), AddFile(part-00002-d9b3fdfd-9a1c-4ba7-bce8-809853fb9b08-c000.snappy.parquet,Map(),5325,1779118933000,false,{"numRecords":1,"minValues":{"event_id":"c2b354f6093db075096dd7d6cd094124","event_type":"trip_started","schema_version":"2.0","trip_id":"2e493edb13c1adcaf6af648c66c05d11","source_file":"yellow_tripdata_2024-09.parquet","ingest_mode":"streaming","ingest_timestamp":"2026-05-18T15:41:49.575Z","event_time":"2024-08-31T23:48:15.000Z","trip_date":"2024-08-31","vendor_id":2,"pickup_datetime":"2024-08-31T23:48:15.000Z","passenger_count":1,"pulocation_id":87,"dolocation_id":232},"maxValues":{"event_id":"c2b354f6093db075096dd7d6cd094124","event_type":"trip_started","schema_version":"2.0","trip_id":"2e493edb13c1adcaf6af648c66c05d11","source_file":"yellow_tripdata_2024-09.parquet","ingest_mode":"streaming","ingest_timestamp":"2026-05-18T15:41:49.575Z","event_time":"2024-08-31T23:48:15.000Z","trip_date":"2024-08-31","vendor_id":2,"pickup_datetime":"2024-08-31T23:48:15.000Z","passenger_count":1,"pulocation_id":87,"dolocation_id":232},"nullCount":{"event_id":0,"event_type":0,"schema_version":0,"trip_id":0,"source_file":0,"ingest_mode":0,"ingest_timestamp":0,"event_time":0,"trip_date":0,"vendor_id":0,"pickup_datetime":0,"passenger_count":0,"pulocation_id":0,"dolocation_id":0}},null,null,None,None,None), AddFile(part-00002-d9b630b8-3fe6-47f4-bef5-e312d5875278-c000.snappy.parquet,Map(),15373,1779118905000,false,{"numRecords":67,"minValues":{"event_id":"011a460cb5a25c4ee561b11bfa14604d","event_type":"trip_started","schema_version":"2.0","trip_id":"02a39a8e328190af69190a907699ab05","source_file":"yellow_tripdata_2024-09.parquet","ingest_mode":"streaming","ingest_timestamp":"2026-05-18T15:30:23.343Z","event_time":"2024-08-31T23:31:22.000Z","trip_date":"2024-08-31","vendor_id":1,"pickup_datetime":"2024-08-31T23:31:22.000Z","passenger_count":0,"pulocation_id":24,"dolocation_id":7},"maxValues":{"event_id":"fb8fb0226b979d486aa1fe15bcadfd02","event_type":"trip_started","schema_version":"2.0","trip_id":"ff8ff4056149324b8cb6441936211b7a","source_file":"yellow_tripdata_2024-09.parquet","ingest_mode":"streaming","ingest_timestamp":"2026-05-18T15:41:17.372Z","event_time":"2024-09-01T00:03:44.000Z","trip_date":"2024-09-01","vendor_id":2,"pickup_datetime":"2024-09-01T00:03:44.000Z","passenger_count":6,"pulocation_id":265,"dolocation_id":265},"nullCount":{"event_id":0,"event_type":0,"schema_version":0,"trip_id":0,"source_file":0,"ingest_mode":0,"ingest_timestamp":0,"event_time":0,"trip_date":0,"vendor_id":0,"pickup_datetime":0,"passenger_count":7,"pulocation_id":0,"dolocation_id":0}},null,null,None,None,None), AddFile(part-00001-25597aa3-37ba-4ada-a57e-d65085251b3f-c000.snappy.parquet,Map(),10884,1779118904000,false,{"numRecords":36,"minValues":{"event_id":"00bb01354109838b627c857eebe80dc2","event_type":"trip_started","schema_version":"2.0","trip_id":"0151b1434bda3c8918caec4e7800368d","source_file":"yellow_tripdata_2024-09.parquet","ingest_mode":"streaming","ingest_timestamp":"2026-05-18T15:31:05.546Z","event_time":"2024-08-31T23:49:47.000Z","trip_date":"2024-08-31","vendor_id":1,"pickup_datetime":"2024-08-31T23:49:47.000Z","passenger_count":0,"pulocation_id":68,"dolocation_id":45},"maxValues":{"event_id":"fc777a5f3c65c6d093b9336703c5e846","event_type":"trip_started","schema_version":"2.0","trip_id":"febc1b1d83b45aebc128b44d8bf1e48d","source_file":"yellow_tripdata_2024-09.parquet","ingest_mode":"streaming","ingest_timestamp":"2026-05-18T15:38:55.109Z","event_time":"2024-09-01T00:03:32.000Z","trip_date":"2024-09-01","vendor_id":2,"pickup_datetime":"2024-09-01T00:03:32.000Z","passenger_count":5,"pulocation_id":263,"dolocation_id":265},"nullCount":{"event_id":0,"event_type":0,"schema_version":0,"trip_id":0,"source_file":0,"ingest_mode":0,"ingest_timestamp":0,"event_time":0,"trip_date":0,"vendor_id":0,"pickup_datetime":0,"passenger_count":3,"pulocation_id":0,"dolocation_id":0}},null,null,None,None,None), AddFile(part-00000-354a8d2e-7fe2-4583-a46c-fa6563c44f3f-c000.snappy.parquet,Map(),5314,1779118940000,false,{"numRecords":2,"minValues":{"event_id":"14702b58b8c37db8b2b50034899fc9c7","event_type":"trip_started","schema_version":"2.0","trip_id":"2c7293107d5369aafe0b0f664a64c1e4","source_file":"yellow_tripdata_2024-09.parquet","ingest_mode":"streaming","ingest_timestamp":"2026-05-18T15:42:04.576Z","event_time":"2024-08-31T23:53:06.000Z","trip_date":"2024-08-31","vendor_id":2,"pickup_datetime":"2024-08-31T23:53:06.000Z","passenger_count":1,"pulocation_id":48,"dolocation_id":48},"maxValues":{"event_id":"53de4f6d29a18ae8c5ee21ff0b51e6dd","event_type":"trip_started","schema_version":"2.0","trip_id":"2c83a9caa91b8b0fc7bb449a3e93bc05","source_file":"yellow_tripdata_2024-09.parquet","ingest_mode":"streaming","ingest_timestamp":"2026-05-18T15:42:12.777Z","event_time":"2024-08-31T23:54:44.000Z","trip_date":"2024-08-31","vendor_id":2,"pickup_datetime":"2024-08-31T23:54:44.000Z","passenger_count":1,"pulocation_id":231,"dolocation_id":231},"nullCount":{"event_id":0,"event_type":0,"schema_version":0,"trip_id":0,"source_file":0,"ingest_mode":0,"ingest_timestamp":0,"event_time":0,"trip_date":0,"vendor_id":0,"pickup_datetime":0,"passenger_count":0,"pulocation_id":0,"dolocation_id":0}},null,null,None,None,None), AddFile(part-00003-40e0630d-6fe9-4e39-9602-a33736b745ca-c000.snappy.parquet,Map(),5316,1779118933000,false,{"numRecords":2,"minValues":{"event_id":"3a11c04f3f86a8a2ed90c5835f8fcb0c","event_type":"trip_started","schema_version":"2.0","trip_id":"5ea4134ac6f17edb7f639fc94f24acac","source_file":"yellow_tripdata_2024-09.parquet","ingest_mode":"streaming","ingest_timestamp":"2026-05-18T15:41:27.373Z","event_time":"2024-08-31T23:41:24.000Z","trip_date":"2024-08-31","vendor_id":2,"pickup_datetime":"2024-08-31T23:41:24.000Z","passenger_count":1,"pulocation_id":100,"dolocation_id":42},"maxValues":{"event_id":"810ea42e4364ec7ab0e87ebf0400ae41","event_type":"trip_started","schema_version":"2.0","trip_id":"72cf0cd11b66424f5d72b72df8a87924","source_file":"yellow_tripdata_2024-09.parquet","ingest_mode":"streaming","ingest_timestamp":"2026-05-18T15:41:44.574Z","event_time":"2024-08-31T23:47:25.000Z","trip_date":"2024-08-31","vendor_id":2,"pickup_datetime":"2024-08-31T23:47:25.000Z","passenger_count":1,"pulocation_id":230,"dolocation_id":100},"nullCount":{"event_id":0,"event_type":0,"schema_version":0,"trip_id":0,"source_file":0,"ingest_mode":0,"ingest_timestamp":0,"event_time":0,"trip_date":0,"vendor_id":0,"pickup_datetime":0,"passenger_count":0,"pulocation_id":0,"dolocation_id":0}},null,null,None,None,None), AddFile(part-00004-bf95d00f-7224-4d19-8506-bb804d74ba69-c000.snappy.parquet,Map(),16203,1779118907000,false,{"numRecords":67,"minValues":{"event_id":"00f4412c4abb87a7edb991f16b8e3872","event_type":"trip_started","schema_version":"2.0","trip_id":"0106a3fdc6d124355ddbc3170eb7fa9d","source_file":"yellow_tripdata_2024-09.parquet","ingest_mode":"streaming","ingest_timestamp":"2026-05-18T15:30:55.546Z","event_time":"2024-08-31T23:48:15.000Z","trip_date":"2024-08-31","vendor_id":1,"pickup_datetime":"2024-08-31T23:48:15.000Z","passenger_count":0,"pulocation_id":41,"dolocation_id":4},"maxValues":{"event_id":"ffa973e5c6626d9b56f1d9367abd3987","event_type":"trip_started","schema_version":"2.0","trip_id":"fc82163fbf256ca3108569d8f7fa673b","source_file":"yellow_tripdata_2024-09.parquet","ingest_mode":"streaming","ingest_timestamp":"2026-05-18T15:39:10.112Z","event_time":"2024-09-01T00:03:47.000Z","trip_date":"2024-09-01","vendor_id":2,"pickup_datetime":"2024-09-01T00:03:47.000Z","passenger_count":5,"pulocation_id":255,"dolocation_id":263},"nullCount":{"event_id":0,"event_type":0,"schema_version":0,"trip_id":0,"source_file":0,"ingest_mode":0,"ingest_timestamp":0,"event_time":0,"trip_date":0,"vendor_id":0,"pickup_datetime":0,"passenger_count":12,"pulocation_id":0,"dolocation_id":0}},null,null,None,None,None), AddFile(part-00001-15e62d34-1cb7-4e48-afd5-30601fa3f01e-c000.snappy.parquet,Map(),5325,1779118940000,false,{"numRecords":1,"minValues":{"event_id":"b395c7a81f12a58f58489f623d958178","event_type":"trip_started","schema_version":"2.0","trip_id":"133e7d3180d10215019a7d0e6e3cc052","source_file":"yellow_tripdata_2024-09.parquet","ingest_mode":"streaming","ingest_timestamp":"2026-05-18T15:41:59.575Z","event_time":"2024-08-31T23:49:47.000Z","trip_date":"2024-08-31","vendor_id":2,"pickup_datetime":"2024-08-31T23:49:47.000Z","passenger_count":1,"pulocation_id":79,"dolocation_id":211},"maxValues":{"event_id":"b395c7a81f12a58f58489f623d958178","event_type":"trip_started","schema_version":"2.0","trip_id":"133e7d3180d10215019a7d0e6e3cc052","source_file":"yellow_tripdata_2024-09.parquet","ingest_mode":"streaming","ingest_timestamp":"2026-05-18T15:41:59.575Z","event_time":"2024-08-31T23:49:47.000Z","trip_date":"2024-08-31","vendor_id":2,"pickup_datetime":"2024-08-31T23:49:47.000Z","passenger_count":1,"pulocation_id":79,"dolocation_id":211},"nullCount":{"event_id":0,"event_type":0,"schema_version":0,"trip_id":0,"source_file":0,"ingest_mode":0,"ingest_timestamp":0,"event_time":0,"trip_date":0,"vendor_id":0,"pickup_datetime":0,"passenger_count":0,"pulocation_id":0,"dolocation_id":0}},null,null,None,None,None), AddFile(part-00003-b1b9f1d7-6ad3-4d3d-9129-31eff2c0ca88-c000.snappy.parquet,Map(),12843,1779118906000,false,{"numRecords":51,"minValues":{"event_id":"033a945818d220fae8d0f5ea06aade55","event_type":"trip_started","schema_version":"2.0","trip_id":"007211974f070e6081d820f78a892116","source_file":"yellow_tripdata_2024-09.parquet","ingest_mode":"streaming","ingest_timestamp":"2026-05-18T15:30:08.336Z","event_time":"2024-08-31T22:27:55.000Z","trip_date":"2024-08-31","vendor_id":1,"pickup_datetime":"2024-08-31T22:27:55.000Z","passenger_count":0,"pulocation_id":24,"dolocation_id":7},"maxValues":{"event_id":"f914c4bf2487bb514676e80f0e515e30","event_type":"trip_started","schema_version":"2.0","trip_id":"fd8556cf3a0c0a61eb48a4f6e35a55b5","source_file":"yellow_tripdata_2024-09.parquet","ingest_mode":"streaming","ingest_timestamp":"2026-05-18T15:41:02.366Z","event_time":"2024-09-01T00:03:39.000Z","trip_date":"2024-09-01","vendor_id":2,"pickup_datetime":"2024-09-01T00:03:39.000Z","passenger_count":5,"pulocation_id":249,"dolocation_id":265},"nullCount":{"event_id":0,"event_type":0,"schema_version":0,"trip_id":0,"source_file":0,"ingest_mode":0,"ingest_timestamp":0,"event_time":0,"trip_date":0,"vendor_id":0,"pickup_datetime":0,"passenger_count":11,"pulocation_id":0,"dolocation_id":0}},null,null,None,None,None))))))
26/05/18 15:42:27 INFO MapPartitionsRDD: Removing RDD 57 from persistence list
26/05/18 15:42:27 INFO BlockManager: Removing RDD 57
26/05/18 15:42:27 INFO DeltaLogFileIndex: Created DeltaLogFileIndex(JSON, numFilesInSegment: 4, totalFileSize: 24579)
26/05/18 15:42:27 INFO OptimisticTransaction: [tableId=e54c2914,txnId=61956e13] Committed delta #3 to s3a://lakehouse/benchmark/bronze/20260518T154052Z/low/started/_delta_log
26/05/18 15:42:27 INFO ChecksumHook: Writing checksum file for table path s3a://lakehouse/benchmark/bronze/20260518T154052Z/low/started/_delta_log version 3
26/05/18 15:42:27 INFO CheckpointFileManager: Writing atomically to s3a://lakehouse/benchmark/bronze/20260518T154052Z/low/started/_delta_log/00000000000000000003.crc using temp file s3a://lakehouse/benchmark/bronze/20260518T154052Z/low/started/_delta_log/.00000000000000000003.crc.4cbcca81-22c8-4171-a7a9-6cb1942e8198.tmp
26/05/18 15:42:27 INFO CheckpointFileManager: Renamed temp file s3a://lakehouse/benchmark/bronze/20260518T154052Z/low/started/_delta_log/.00000000000000000003.crc.4cbcca81-22c8-4171-a7a9-6cb1942e8198.tmp to s3a://lakehouse/benchmark/bronze/20260518T154052Z/low/started/_delta_log/00000000000000000003.crc
26/05/18 15:42:27 INFO DeltaSink: Committed transaction, batchId=3, duration=143 ms, added 1 files, removed 0 files.
26/05/18 15:42:27 INFO CheckpointFileManager: Writing atomically to s3a://lakehouse/_checkpoints/benchmark/20260518T154052Z/low/started/commits/3 using temp file s3a://lakehouse/_checkpoints/benchmark/20260518T154052Z/low/started/commits/.3.3328f16b-43ed-447d-b1df-1d75460a8f3c.tmp
26/05/18 15:42:27 INFO CheckpointFileManager: Renamed temp file s3a://lakehouse/_checkpoints/benchmark/20260518T154052Z/low/started/commits/.3.3328f16b-43ed-447d-b1df-1d75460a8f3c.tmp to s3a://lakehouse/_checkpoints/benchmark/20260518T154052Z/low/started/commits/3
26/05/18 15:42:27 INFO MicroBatchExecutionContext: Extracting source progress metrics for source=KafkaV2[Subscribe[nyc-taxi-trip-started]] took duration_ms=0
26/05/18 15:42:27 INFO MicroBatchExecutionContext: Extracting sink progress metrics for sink=DeltaSink[s3a://lakehouse/benchmark/bronze/20260518T154052Z/low/started] took duration_ms=0
26/05/18 15:42:27 INFO ProgressReporter: Streaming query made progress: {
  "id" : "4c71fffa-098f-430a-acdb-8cf33542b27e",
  "runId" : "115be754-ecb0-4808-843b-18c4b16f4924",
  "name" : null,
  "timestamp" : "2026-05-18T15:42:21.717Z",
  "batchId" : 3,
  "batchDuration" : 6001,
  "numInputRows" : 1,
  "inputRowsPerSecond" : 0.1249843769528809,
  "processedRowsPerSecond" : 0.16663889351774702,
  "durationMs" : {
    "addBatch" : 5522,
    "commitOffsets" : 100,
    "getBatch" : 0,
    "latestOffset" : 6,
    "queryPlanning" : 96,
    "triggerExecution" : 6001,
    "walCommit" : 275
  },
  "stateOperators" : [ ],
  "sources" : [ {
    "description" : "KafkaV2[Subscribe[nyc-taxi-trip-started]]",
    "startOffset" : {
      "nyc-taxi-trip-started" : {
        "0" : 75,
        "1" : 37,
        "2" : 52,
        "3" : 62,
        "4" : 68,
        "5" : 69
      }
    },
    "endOffset" : {
      "nyc-taxi-trip-started" : {
        "0" : 75,
        "1" : 37,
        "2" : 53,
        "3" : 62,
        "4" : 68,
        "5" : 69
      }
    },
    "latestOffset" : {
      "nyc-taxi-trip-started" : {
        "0" : 75,
        "1" : 37,
        "2" : 53,
        "3" : 62,
        "4" : 68,
        "5" : 69
      }
    },
    "numInputRows" : 1,
    "inputRowsPerSecond" : 0.1249843769528809,
    "processedRowsPerSecond" : 0.16663889351774702,
    "metrics" : {
      "avgOffsetsBehindLatest" : "0.0",
      "maxOffsetsBehindLatest" : "0",
      "minOffsetsBehindLatest" : "0"
    }
  } ],
  "sink" : {
    "description" : "DeltaSink[s3a://lakehouse/benchmark/bronze/20260518T154052Z/low/started]",
    "numOutputRows" : -1
  }
}
26/05/18 15:42:27 INFO BlockManager: Removing RDD 57
[benchmark][spark_progress] {"add_batch_ms": 5522, "batch_id": 3, "end_offset": {"nyc-taxi-trip-started": {"0": 75, "1": 37, "2": 53, "3": 62, "4": 68, "5": 69}}, "event_kind": "started", "get_batch_ms": 0, "input_rows_per_second": 0.1249843769528809, "kafka_group_id": "nyc-taxi-bench-low-20260518T154052Z-started", "latest_offset": {"nyc-taxi-trip-started": {"0": 75, "1": 37, "2": 53, "3": 62, "4": 68, "5": 69}}, "metric_type": "spark_microbatch_progress", "num_input_rows": 1, "processed_rows_per_second": 0.16663889351774702, "start_offset": {"nyc-taxi-trip-started": {"0": 75, "1": 37, "2": 52, "3": 62, "4": 68, "5": 69}}, "timestamp": "2026-05-18T15:42:21.717Z", "topic": "nyc-taxi-trip-started", "trigger_execution_ms": 6001}
26/05/18 15:42:30 INFO CheckpointFileManager: Writing atomically to s3a://lakehouse/_checkpoints/benchmark/20260518T154052Z/low/started/offsets/4 using temp file s3a://lakehouse/_checkpoints/benchmark/20260518T154052Z/low/started/offsets/.4.7c288ca4-11ec-4b8b-b5d0-dd44f5a0abde.tmp
26/05/18 15:42:30 INFO CheckpointFileManager: Renamed temp file s3a://lakehouse/_checkpoints/benchmark/20260518T154052Z/low/started/offsets/.4.7c288ca4-11ec-4b8b-b5d0-dd44f5a0abde.tmp to s3a://lakehouse/_checkpoints/benchmark/20260518T154052Z/low/started/offsets/4
26/05/18 15:42:30 INFO MicroBatchExecution: Committed offsets for batch 4. Metadata OffsetSeqMetadata(0,1779118950007,HashMap(spark.sql.streaming.stateStore.providerClass -> org.apache.spark.sql.execution.streaming.state.HDFSBackedStateStoreProvider, spark.sql.streaming.stateStore.rocksdb.formatVersion -> 5, spark.sql.streaming.stateStore.encodingFormat -> unsaferow, spark.sql.streaming.statefulOperator.useStrictDistribution -> true, spark.sql.streaming.flatMapGroupsWithState.stateFormatVersion -> 2, spark.sql.streaming.multipleWatermarkPolicy -> min, spark.sql.streaming.aggregation.stateFormatVersion -> 2, spark.sql.shuffle.partitions -> 4, spark.sql.streaming.join.stateFormatVersion -> 2, spark.sql.streaming.stateStore.compression.codec -> lz4, spark.sql.optimizer.pruneFiltersCanPruneStreamingSubplan -> false))
26/05/18 15:42:30 INFO DeltaLog: Loading version 3.
26/05/18 15:42:30 INFO Snapshot: [tableId=e54c2914-4281-4b97-a14f-d4cd8e512b01] Created snapshot Snapshot(path=s3a://lakehouse/benchmark/bronze/20260518T154052Z/low/started/_delta_log, version=3, metadata=Metadata(e54c2914-4281-4b97-a14f-d4cd8e512b01,null,null,Format(parquet,Map()),{"type":"struct","fields":[{"name":"event_id","type":"string","nullable":true,"metadata":{}},{"name":"event_type","type":"string","nullable":true,"metadata":{}},{"name":"schema_version","type":"string","nullable":true,"metadata":{}},{"name":"trip_id","type":"string","nullable":true,"metadata":{}},{"name":"source_file","type":"string","nullable":true,"metadata":{}},{"name":"ingest_mode","type":"string","nullable":true,"metadata":{}},{"name":"ingest_timestamp","type":"timestamp","nullable":true,"metadata":{}},{"name":"event_time","type":"timestamp","nullable":true,"metadata":{}},{"name":"trip_date","type":"string","nullable":true,"metadata":{}},{"name":"vendor_id","type":"integer","nullable":true,"metadata":{}},{"name":"pickup_datetime","type":"timestamp","nullable":true,"metadata":{}},{"name":"passenger_count","type":"long","nullable":true,"metadata":{}},{"name":"pulocation_id","type":"integer","nullable":true,"metadata":{}},{"name":"dolocation_id","type":"integer","nullable":true,"metadata":{}}]},List(),Map(),Some(1779118886752)), logSegment=LogSegment(s3a://lakehouse/benchmark/bronze/20260518T154052Z/low/started/_delta_log,3,ArraySeq(S3AFileStatus{path=s3a://lakehouse/benchmark/bronze/20260518T154052Z/low/started/_delta_log/00000000000000000000.json; isDirectory=false; length=10954; replication=1; blocksize=33554432; modification_time=1779118909098; access_time=0; owner=spark; group=spark; permission=rw-rw-rw-; isSymlink=false; hasAcl=false; isEncrypted=true; isErasureCoded=false} isEmptyDirectory=FALSE eTag="2dc840860c22af6901e80b07ffd4ef78" versionId=null, S3AFileStatus{path=s3a://lakehouse/benchmark/bronze/20260518T154052Z/low/started/_delta_log/00000000000000000001.json; isDirectory=false; length=6534; replication=1; blocksize=33554432; modification_time=1779118933421; access_time=0; owner=spark; group=spark; permission=rw-rw-rw-; isSymlink=false; hasAcl=false; isEncrypted=true; isErasureCoded=false} isEmptyDirectory=FALSE eTag="12e73076721d9b91785d3f2f712039e1" versionId=null, S3AFileStatus{path=s3a://lakehouse/benchmark/bronze/20260518T154052Z/low/started/_delta_log/00000000000000000002.json; isDirectory=false; length=5042; replication=1; blocksize=33554432; modification_time=1779118941417; access_time=0; owner=spark; group=spark; permission=rw-rw-rw-; isSymlink=false; hasAcl=false; isEncrypted=true; isErasureCoded=false} isEmptyDirectory=FALSE eTag="004bb0d2cb529c0cb5ef31cccea13acb" versionId=null, S3AFileStatus{path=s3a://lakehouse/benchmark/bronze/20260518T154052Z/low/started/_delta_log/00000000000000000003.json; isDirectory=false; length=2049; replication=1; blocksize=33554432; modification_time=1779118947493; access_time=0; owner=spark; group=spark; permission=rw-rw-rw-; isSymlink=false; hasAcl=false; isEncrypted=true; isErasureCoded=false} isEmptyDirectory=FALSE eTag="4dde2cedc8395ede38ef68ba9cfeff06" versionId=null),org.apache.spark.sql.delta.EmptyCheckpointProvider$@664c2564,1779118947493), checksumOpt=Some(VersionChecksum(Some(61956e13-8891-4f8f-8c5b-285a690c230a),128038,14,None,None,1,1,None,Some(List(SetTransaction(4c71fffa-098f-430a-acdb-8cf33542b27e,3,Some(1779118947475)))),Some(List()),Metadata(e54c2914-4281-4b97-a14f-d4cd8e512b01,null,null,Format(parquet,Map()),{"type":"struct","fields":[{"name":"event_id","type":"string","nullable":true,"metadata":{}},{"name":"event_type","type":"string","nullable":true,"metadata":{}},{"name":"schema_version","type":"string","nullable":true,"metadata":{}},{"name":"trip_id","type":"string","nullable":true,"metadata":{}},{"name":"source_file","type":"string","nullable":true,"metadata":{}},{"name":"ingest_mode","type":"string","nullable":true,"metadata":{}},{"name":"ingest_timestamp","type":"timestamp","nullable":true,"metadata":{}},{"name":"event_time","type":"timestamp","nullable":true,"metadata":{}},{"name":"trip_date","type":"string","nullable":true,"metadata":{}},{"name":"vendor_id","type":"integer","nullable":true,"metadata":{}},{"name":"pickup_datetime","type":"timestamp","nullable":true,"metadata":{}},{"name":"passenger_count","type":"long","nullable":true,"metadata":{}},{"name":"pulocation_id","type":"integer","nullable":true,"metadata":{}},{"name":"dolocation_id","type":"integer","nullable":true,"metadata":{}}]},List(),Map(),Some(1779118886752)),Protocol(1,2),None,None,Some(List(AddFile(part-00005-56447017-32c5-4b7e-b9ab-d59860935c92-c000.snappy.parquet,Map(),13745,1779118908000,false,{"numRecords":58,"minValues":{"event_id":"1455410b53ba26496dd8268d814efb0d","event_type":"trip_started","schema_version":"2.0","trip_id":"055d4dc21a238c32a1173721d4ca04f8","source_file":"yellow_tripdata_2024-09.parquet","ingest_mode":"streaming","ingest_timestamp":"2026-05-18T15:30:33.344Z","event_time":"2024-08-31T23:41:24.000Z","trip_date":"2024-08-31","vendor_id":1,"pickup_datetime":"2024-08-31T23:41:24.000Z","passenger_count":1,"pulocation_id":4,"dolocation_id":13},"maxValues":{"event_id":"fc33a45f23b40ebd214e1bfc68a49bcb","event_type":"trip_started","schema_version":"2.0","trip_id":"fe2349c4e6416804cff94b8f71437d80","source_file":"yellow_tripdata_2024-09.parquet","ingest_mode":"streaming","ingest_timestamp":"2026-05-18T15:39:01.111Z","event_time":"2024-09-01T00:03:38.000Z","trip_date":"2024-09-01","vendor_id":2,"pickup_datetime":"2024-09-01T00:03:38.000Z","passenger_count":5,"pulocation_id":263,"dolocation_id":261},"nullCount":{"event_id":0,"event_type":0,"schema_version":0,"trip_id":0,"source_file":0,"ingest_mode":0,"ingest_timestamp":0,"event_time":0,"trip_date":0,"vendor_id":0,"pickup_datetime":0,"passenger_count":7,"pulocation_id":0,"dolocation_id":0}},null,null,None,None,None), AddFile(part-00000-08aad25c-9cc6-4b91-9c29-ef1ada60ea60-c000.snappy.parquet,Map(),16483,1779118902000,false,{"numRecords":73,"minValues":{"event_id":"0212d8086261a2018cb807d1a4d7a46b","event_type":"trip_started","schema_version":"2.0","trip_id":"031b404c98f442710d2269c0a06824fd","source_file":"yellow_tripdata_2024-09.parquet","ingest_mode":"streaming","ingest_timestamp":"2026-05-18T15:30:18.343Z","event_time":"2024-08-31T23:16:36.000Z","trip_date":"2024-08-31","vendor_id":1,"pickup_datetime":"2024-08-31T23:16:36.000Z","passenger_count":1,"pulocation_id":41,"dolocation_id":15},"maxValues":{"event_id":"febc668d372ab0492f5c4e7165b45be2","event_type":"trip_started","schema_version":"2.0","trip_id":"f8cfd09088ab01f1042a890d127bfcca","source_file":"yellow_tripdata_2024-09.parquet","ingest_mode":"streaming","ingest_timestamp":"2026-05-18T15:41:12.372Z","event_time":"2024-09-01T00:03:44.000Z","trip_date":"2024-09-01","vendor_id":2,"pickup_datetime":"2024-09-01T00:03:44.000Z","passenger_count":5,"pulocation_id":249,"dolocation_id":265},"nullCount":{"event_id":0,"event_type":0,"schema_version":0,"trip_id":0,"source_file":0,"ingest_mode":0,"ingest_timestamp":0,"event_time":0,"trip_date":0,"vendor_id":0,"pickup_datetime":0,"passenger_count":7,"pulocation_id":0,"dolocation_id":0}},null,null,None,None,None), AddFile(part-00000-04a2f022-e88e-4fb8-842d-03ac20cee535-c000.snappy.parquet,Map(),5324,1779118947000,false,{"numRecords":1,"minValues":{"event_id":"52352c98a72028429aa0529967846b38","event_type":"trip_started","schema_version":"2.0","trip_id":"d5f457d09a3953154558bb47240e0cb4","source_file":"yellow_tripdata_2024-09.parquet","ingest_mode":"streaming","ingest_timestamp":"2026-05-18T15:42:17.777Z","event_time":"2024-08-31T23:55:17.000Z","trip_date":"2024-08-31","vendor_id":2,"pickup_datetime":"2024-08-31T23:55:17.000Z","passenger_count":5,"pulocation_id":93,"dolocation_id":141},"maxValues":{"event_id":"52352c98a72028429aa0529967846b38","event_type":"trip_started","schema_version":"2.0","trip_id":"d5f457d09a3953154558bb47240e0cb4","source_file":"yellow_tripdata_2024-09.parquet","ingest_mode":"streaming","ingest_timestamp":"2026-05-18T15:42:17.777Z","event_time":"2024-08-31T23:55:17.000Z","trip_date":"2024-08-31","vendor_id":2,"pickup_datetime":"2024-08-31T23:55:17.000Z","passenger_count":5,"pulocation_id":93,"dolocation_id":141},"nullCount":{"event_id":0,"event_type":0,"schema_version":0,"trip_id":0,"source_file":0,"ingest_mode":0,"ingest_timestamp":0,"event_time":0,"trip_date":0,"vendor_id":0,"pickup_datetime":0,"passenger_count":0,"pulocation_id":0,"dolocation_id":0}},null,null,None,None,None), AddFile(part-00002-204c9462-febd-4a6e-9fc5-d2cff48b0fab-c000.snappy.parquet,Map(),5290,1779118941000,false,{"numRecords":2,"minValues":{"event_id":"7094784f7b964147a344562f3c700452","event_type":"trip_started","schema_version":"2.0","trip_id":"49abd9d6c1136369978e031c3defd4dd","source_file":"yellow_tripdata_2024-09.parquet","ingest_mode":"streaming","ingest_timestamp":"2026-05-18T15:42:09.576Z","event_time":"2024-08-31T23:54:28.000Z","trip_date":"2024-08-31","vendor_id":2,"pickup_datetime":"2024-08-31T23:54:28.000Z","passenger_count":1,"pulocation_id":138,"dolocation_id":129},"maxValues":{"event_id":"a33916c25654965d32f61be210f37d0f","event_type":"trip_started","schema_version":"2.0","trip_id":"87e7c11c9799f63c59e672e1b144842e","source_file":"yellow_tripdata_2024-09.parquet","ingest_mode":"streaming","ingest_timestamp":"2026-05-18T15:42:11.576Z","event_time":"2024-08-31T23:54:38.000Z","trip_date":"2024-08-31","vendor_id":2,"pickup_datetime":"2024-08-31T23:54:38.000Z","passenger_count":2,"pulocation_id":230,"dolocation_id":162},"nullCount":{"event_id":0,"event_type":0,"schema_version":0,"trip_id":0,"source_file":0,"ingest_mode":0,"ingest_timestamp":0,"event_time":0,"trip_date":0,"vendor_id":0,"pickup_datetime":0,"passenger_count":0,"pulocation_id":0,"dolocation_id":0}},null,null,None,None,None), AddFile(part-00000-ac8a9b1d-58d7-4719-9e76-5f8fbe428c56-c000.snappy.parquet,Map(),5289,1779118932000,false,{"numRecords":2,"minValues":{"event_id":"0e42e0a8ff68c0593e5f62fe564cc867","event_type":"trip_started","schema_version":"2.0","trip_id":"74cc4dc0356999a5051ffc06fe590ba0","source_file":"yellow_tripdata_2024-09.parquet","ingest_mode":"streaming","ingest_timestamp":"2026-05-18T15:41:32.373Z","event_time":"2024-08-31T23:45:56.000Z","trip_date":"2024-08-31","vendor_id":2,"pickup_datetime":"2024-08-31T23:45:56.000Z","passenger_count":1,"pulocation_id":24,"dolocation_id":24},"maxValues":{"event_id":"20f272b57abcb77396229a1f4f79d2a6","event_type":"trip_started","schema_version":"2.0","trip_id":"7e4582c034b9714ccbb8b7972ee7452a","source_file":"yellow_tripdata_2024-09.parquet","ingest_mode":"streaming","ingest_timestamp":"2026-05-18T15:41:40.774Z","event_time":"2024-08-31T23:47:06.000Z","trip_date":"2024-08-31","vendor_id":2,"pickup_datetime":"2024-08-31T23:47:06.000Z","passenger_count":6,"pulocation_id":142,"dolocation_id":162},"nullCount":{"event_id":0,"event_type":0,"schema_version":0,"trip_id":0,"source_file":0,"ingest_mode":0,"ingest_timestamp":0,"event_time":0,"trip_date":0,"vendor_id":0,"pickup_datetime":0,"passenger_count":0,"pulocation_id":0,"dolocation_id":0}},null,null,None,None,None), AddFile(part-00001-3e08f1a9-004f-4148-96c2-ce39df27dafa-c000.snappy.parquet,Map(),5324,1779118932000,false,{"numRecords":1,"minValues":{"event_id":"49fd4523f0edf3af6db90b980f85b44b","event_type":"trip_started","schema_version":"2.0","trip_id":"a81a5f72bed880eb1011e846ec08a7b3","source_file":"yellow_tripdata_2024-09.parquet","ingest_mode":"streaming","ingest_timestamp":"2026-05-18T15:41:32.373Z","event_time":"2024-08-31T23:45:56.000Z","trip_date":"2024-08-31","vendor_id":2,"pickup_datetime":"2024-08-31T23:45:56.000Z","passenger_count":1,"pulocation_id":24,"dolocation_id":24},"maxValues":{"event_id":"49fd4523f0edf3af6db90b980f85b44b","event_type":"trip_started","schema_version":"2.0","trip_id":"a81a5f72bed880eb1011e846ec08a7b3","source_file":"yellow_tripdata_2024-09.parquet","ingest_mode":"streaming","ingest_timestamp":"2026-05-18T15:41:32.373Z","event_time":"2024-08-31T23:45:56.000Z","trip_date":"2024-08-31","vendor_id":2,"pickup_datetime":"2024-08-31T23:45:56.000Z","passenger_count":1,"pulocation_id":24,"dolocation_id":24},"nullCount":{"event_id":0,"event_type":0,"schema_version":0,"trip_id":0,"source_file":0,"ingest_mode":0,"ingest_timestamp":0,"event_time":0,"trip_date":0,"vendor_id":0,"pickup_datetime":0,"passenger_count":0,"pulocation_id":0,"dolocation_id":0}},null,null,None,None,None), AddFile(part-00002-d9b3fdfd-9a1c-4ba7-bce8-809853fb9b08-c000.snappy.parquet,Map(),5325,1779118933000,false,{"numRecords":1,"minValues":{"event_id":"c2b354f6093db075096dd7d6cd094124","event_type":"trip_started","schema_version":"2.0","trip_id":"2e493edb13c1adcaf6af648c66c05d11","source_file":"yellow_tripdata_2024-09.parquet","ingest_mode":"streaming","ingest_timestamp":"2026-05-18T15:41:49.575Z","event_time":"2024-08-31T23:48:15.000Z","trip_date":"2024-08-31","vendor_id":2,"pickup_datetime":"2024-08-31T23:48:15.000Z","passenger_count":1,"pulocation_id":87,"dolocation_id":232},"maxValues":{"event_id":"c2b354f6093db075096dd7d6cd094124","event_type":"trip_started","schema_version":"2.0","trip_id":"2e493edb13c1adcaf6af648c66c05d11","source_file":"yellow_tripdata_2024-09.parquet","ingest_mode":"streaming","ingest_timestamp":"2026-05-18T15:41:49.575Z","event_time":"2024-08-31T23:48:15.000Z","trip_date":"2024-08-31","vendor_id":2,"pickup_datetime":"2024-08-31T23:48:15.000Z","passenger_count":1,"pulocation_id":87,"dolocation_id":232},"nullCount":{"event_id":0,"event_type":0,"schema_version":0,"trip_id":0,"source_file":0,"ingest_mode":0,"ingest_timestamp":0,"event_time":0,"trip_date":0,"vendor_id":0,"pickup_datetime":0,"passenger_count":0,"pulocation_id":0,"dolocation_id":0}},null,null,None,None,None), AddFile(part-00002-d9b630b8-3fe6-47f4-bef5-e312d5875278-c000.snappy.parquet,Map(),15373,1779118905000,false,{"numRecords":67,"minValues":{"event_id":"011a460cb5a25c4ee561b11bfa14604d","event_type":"trip_started","schema_version":"2.0","trip_id":"02a39a8e328190af69190a907699ab05","source_file":"yellow_tripdata_2024-09.parquet","ingest_mode":"streaming","ingest_timestamp":"2026-05-18T15:30:23.343Z","event_time":"2024-08-31T23:31:22.000Z","trip_date":"2024-08-31","vendor_id":1,"pickup_datetime":"2024-08-31T23:31:22.000Z","passenger_count":0,"pulocation_id":24,"dolocation_id":7},"maxValues":{"event_id":"fb8fb0226b979d486aa1fe15bcadfd02","event_type":"trip_started","schema_version":"2.0","trip_id":"ff8ff4056149324b8cb6441936211b7a","source_file":"yellow_tripdata_2024-09.parquet","ingest_mode":"streaming","ingest_timestamp":"2026-05-18T15:41:17.372Z","event_time":"2024-09-01T00:03:44.000Z","trip_date":"2024-09-01","vendor_id":2,"pickup_datetime":"2024-09-01T00:03:44.000Z","passenger_count":6,"pulocation_id":265,"dolocation_id":265},"nullCount":{"event_id":0,"event_type":0,"schema_version":0,"trip_id":0,"source_file":0,"ingest_mode":0,"ingest_timestamp":0,"event_time":0,"trip_date":0,"vendor_id":0,"pickup_datetime":0,"passenger_count":7,"pulocation_id":0,"dolocation_id":0}},null,null,None,None,None), AddFile(part-00001-25597aa3-37ba-4ada-a57e-d65085251b3f-c000.snappy.parquet,Map(),10884,1779118904000,false,{"numRecords":36,"minValues":{"event_id":"00bb01354109838b627c857eebe80dc2","event_type":"trip_started","schema_version":"2.0","trip_id":"0151b1434bda3c8918caec4e7800368d","source_file":"yellow_tripdata_2024-09.parquet","ingest_mode":"streaming","ingest_timestamp":"2026-05-18T15:31:05.546Z","event_time":"2024-08-31T23:49:47.000Z","trip_date":"2024-08-31","vendor_id":1,"pickup_datetime":"2024-08-31T23:49:47.000Z","passenger_count":0,"pulocation_id":68,"dolocation_id":45},"maxValues":{"event_id":"fc777a5f3c65c6d093b9336703c5e846","event_type":"trip_started","schema_version":"2.0","trip_id":"febc1b1d83b45aebc128b44d8bf1e48d","source_file":"yellow_tripdata_2024-09.parquet","ingest_mode":"streaming","ingest_timestamp":"2026-05-18T15:38:55.109Z","event_time":"2024-09-01T00:03:32.000Z","trip_date":"2024-09-01","vendor_id":2,"pickup_datetime":"2024-09-01T00:03:32.000Z","passenger_count":5,"pulocation_id":263,"dolocation_id":265},"nullCount":{"event_id":0,"event_type":0,"schema_version":0,"trip_id":0,"source_file":0,"ingest_mode":0,"ingest_timestamp":0,"event_time":0,"trip_date":0,"vendor_id":0,"pickup_datetime":0,"passenger_count":3,"pulocation_id":0,"dolocation_id":0}},null,null,None,None,None), AddFile(part-00000-354a8d2e-7fe2-4583-a46c-fa6563c44f3f-c000.snappy.parquet,Map(),5314,1779118940000,false,{"numRecords":2,"minValues":{"event_id":"14702b58b8c37db8b2b50034899fc9c7","event_type":"trip_started","schema_version":"2.0","trip_id":"2c7293107d5369aafe0b0f664a64c1e4","source_file":"yellow_tripdata_2024-09.parquet","ingest_mode":"streaming","ingest_timestamp":"2026-05-18T15:42:04.576Z","event_time":"2024-08-31T23:53:06.000Z","trip_date":"2024-08-31","vendor_id":2,"pickup_datetime":"2024-08-31T23:53:06.000Z","passenger_count":1,"pulocation_id":48,"dolocation_id":48},"maxValues":{"event_id":"53de4f6d29a18ae8c5ee21ff0b51e6dd","event_type":"trip_started","schema_version":"2.0","trip_id":"2c83a9caa91b8b0fc7bb449a3e93bc05","source_file":"yellow_tripdata_2024-09.parquet","ingest_mode":"streaming","ingest_timestamp":"2026-05-18T15:42:12.777Z","event_time":"2024-08-31T23:54:44.000Z","trip_date":"2024-08-31","vendor_id":2,"pickup_datetime":"2024-08-31T23:54:44.000Z","passenger_count":1,"pulocation_id":231,"dolocation_id":231},"nullCount":{"event_id":0,"event_type":0,"schema_version":0,"trip_id":0,"source_file":0,"ingest_mode":0,"ingest_timestamp":0,"event_time":0,"trip_date":0,"vendor_id":0,"pickup_datetime":0,"passenger_count":0,"pulocation_id":0,"dolocation_id":0}},null,null,None,None,None), AddFile(part-00003-40e0630d-6fe9-4e39-9602-a33736b745ca-c000.snappy.parquet,Map(),5316,1779118933000,false,{"numRecords":2,"minValues":{"event_id":"3a11c04f3f86a8a2ed90c5835f8fcb0c","event_type":"trip_started","schema_version":"2.0","trip_id":"5ea4134ac6f17edb7f639fc94f24acac","source_file":"yellow_tripdata_2024-09.parquet","ingest_mode":"streaming","ingest_timestamp":"2026-05-18T15:41:27.373Z","event_time":"2024-08-31T23:41:24.000Z","trip_date":"2024-08-31","vendor_id":2,"pickup_datetime":"2024-08-31T23:41:24.000Z","passenger_count":1,"pulocation_id":100,"dolocation_id":42},"maxValues":{"event_id":"810ea42e4364ec7ab0e87ebf0400ae41","event_type":"trip_started","schema_version":"2.0","trip_id":"72cf0cd11b66424f5d72b72df8a87924","source_file":"yellow_tripdata_2024-09.parquet","ingest_mode":"streaming","ingest_timestamp":"2026-05-18T15:41:44.574Z","event_time":"2024-08-31T23:47:25.000Z","trip_date":"2024-08-31","vendor_id":2,"pickup_datetime":"2024-08-31T23:47:25.000Z","passenger_count":1,"pulocation_id":230,"dolocation_id":100},"nullCount":{"event_id":0,"event_type":0,"schema_version":0,"trip_id":0,"source_file":0,"ingest_mode":0,"ingest_timestamp":0,"event_time":0,"trip_date":0,"vendor_id":0,"pickup_datetime":0,"passenger_count":0,"pulocation_id":0,"dolocation_id":0}},null,null,None,None,None), AddFile(part-00004-bf95d00f-7224-4d19-8506-bb804d74ba69-c000.snappy.parquet,Map(),16203,1779118907000,false,{"numRecords":67,"minValues":{"event_id":"00f4412c4abb87a7edb991f16b8e3872","event_type":"trip_started","schema_version":"2.0","trip_id":"0106a3fdc6d124355ddbc3170eb7fa9d","source_file":"yellow_tripdata_2024-09.parquet","ingest_mode":"streaming","ingest_timestamp":"2026-05-18T15:30:55.546Z","event_time":"2024-08-31T23:48:15.000Z","trip_date":"2024-08-31","vendor_id":1,"pickup_datetime":"2024-08-31T23:48:15.000Z","passenger_count":0,"pulocation_id":41,"dolocation_id":4},"maxValues":{"event_id":"ffa973e5c6626d9b56f1d9367abd3987","event_type":"trip_started","schema_version":"2.0","trip_id":"fc82163fbf256ca3108569d8f7fa673b","source_file":"yellow_tripdata_2024-09.parquet","ingest_mode":"streaming","ingest_timestamp":"2026-05-18T15:39:10.112Z","event_time":"2024-09-01T00:03:47.000Z","trip_date":"2024-09-01","vendor_id":2,"pickup_datetime":"2024-09-01T00:03:47.000Z","passenger_count":5,"pulocation_id":255,"dolocation_id":263},"nullCount":{"event_id":0,"event_type":0,"schema_version":0,"trip_id":0,"source_file":0,"ingest_mode":0,"ingest_timestamp":0,"event_time":0,"trip_date":0,"vendor_id":0,"pickup_datetime":0,"passenger_count":12,"pulocation_id":0,"dolocation_id":0}},null,null,None,None,None), AddFile(part-00001-15e62d34-1cb7-4e48-afd5-30601fa3f01e-c000.snappy.parquet,Map(),5325,1779118940000,false,{"numRecords":1,"minValues":{"event_id":"b395c7a81f12a58f58489f623d958178","event_type":"trip_started","schema_version":"2.0","trip_id":"133e7d3180d10215019a7d0e6e3cc052","source_file":"yellow_tripdata_2024-09.parquet","ingest_mode":"streaming","ingest_timestamp":"2026-05-18T15:41:59.575Z","event_time":"2024-08-31T23:49:47.000Z","trip_date":"2024-08-31","vendor_id":2,"pickup_datetime":"2024-08-31T23:49:47.000Z","passenger_count":1,"pulocation_id":79,"dolocation_id":211},"maxValues":{"event_id":"b395c7a81f12a58f58489f623d958178","event_type":"trip_started","schema_version":"2.0","trip_id":"133e7d3180d10215019a7d0e6e3cc052","source_file":"yellow_tripdata_2024-09.parquet","ingest_mode":"streaming","ingest_timestamp":"2026-05-18T15:41:59.575Z","event_time":"2024-08-31T23:49:47.000Z","trip_date":"2024-08-31","vendor_id":2,"pickup_datetime":"2024-08-31T23:49:47.000Z","passenger_count":1,"pulocation_id":79,"dolocation_id":211},"nullCount":{"event_id":0,"event_type":0,"schema_version":0,"trip_id":0,"source_file":0,"ingest_mode":0,"ingest_timestamp":0,"event_time":0,"trip_date":0,"vendor_id":0,"pickup_datetime":0,"passenger_count":0,"pulocation_id":0,"dolocation_id":0}},null,null,None,None,None), AddFile(part-00003-b1b9f1d7-6ad3-4d3d-9129-31eff2c0ca88-c000.snappy.parquet,Map(),12843,1779118906000,false,{"numRecords":51,"minValues":{"event_id":"033a945818d220fae8d0f5ea06aade55","event_type":"trip_started","schema_version":"2.0","trip_id":"007211974f070e6081d820f78a892116","source_file":"yellow_tripdata_2024-09.parquet","ingest_mode":"streaming","ingest_timestamp":"2026-05-18T15:30:08.336Z","event_time":"2024-08-31T22:27:55.000Z","trip_date":"2024-08-31","vendor_id":1,"pickup_datetime":"2024-08-31T22:27:55.000Z","passenger_count":0,"pulocation_id":24,"dolocation_id":7},"maxValues":{"event_id":"f914c4bf2487bb514676e80f0e515e30","event_type":"trip_started","schema_version":"2.0","trip_id":"fd8556cf3a0c0a61eb48a4f6e35a55b5","source_file":"yellow_tripdata_2024-09.parquet","ingest_mode":"streaming","ingest_timestamp":"2026-05-18T15:41:02.366Z","event_time":"2024-09-01T00:03:39.000Z","trip_date":"2024-09-01","vendor_id":2,"pickup_datetime":"2024-09-01T00:03:39.000Z","passenger_count":5,"pulocation_id":249,"dolocation_id":265},"nullCount":{"event_id":0,"event_type":0,"schema_version":0,"trip_id":0,"source_file":0,"ingest_mode":0,"ingest_timestamp":0,"event_time":0,"trip_date":0,"vendor_id":0,"pickup_datetime":0,"passenger_count":11,"pulocation_id":0,"dolocation_id":0}},null,null,None,None,None))))))
26/05/18 15:42:30 INFO DeltaLog: Updated snapshot to Snapshot(path=s3a://lakehouse/benchmark/bronze/20260518T154052Z/low/started/_delta_log, version=3, metadata=Metadata(e54c2914-4281-4b97-a14f-d4cd8e512b01,null,null,Format(parquet,Map()),{"type":"struct","fields":[{"name":"event_id","type":"string","nullable":true,"metadata":{}},{"name":"event_type","type":"string","nullable":true,"metadata":{}},{"name":"schema_version","type":"string","nullable":true,"metadata":{}},{"name":"trip_id","type":"string","nullable":true,"metadata":{}},{"name":"source_file","type":"string","nullable":true,"metadata":{}},{"name":"ingest_mode","type":"string","nullable":true,"metadata":{}},{"name":"ingest_timestamp","type":"timestamp","nullable":true,"metadata":{}},{"name":"event_time","type":"timestamp","nullable":true,"metadata":{}},{"name":"trip_date","type":"string","nullable":true,"metadata":{}},{"name":"vendor_id","type":"integer","nullable":true,"metadata":{}},{"name":"pickup_datetime","type":"timestamp","nullable":true,"metadata":{}},{"name":"passenger_count","type":"long","nullable":true,"metadata":{}},{"name":"pulocation_id","type":"integer","nullable":true,"metadata":{}},{"name":"dolocation_id","type":"integer","nullable":true,"metadata":{}}]},List(),Map(),Some(1779118886752)), logSegment=LogSegment(s3a://lakehouse/benchmark/bronze/20260518T154052Z/low/started/_delta_log,3,ArraySeq(S3AFileStatus{path=s3a://lakehouse/benchmark/bronze/20260518T154052Z/low/started/_delta_log/00000000000000000000.json; isDirectory=false; length=10954; replication=1; blocksize=33554432; modification_time=1779118909098; access_time=0; owner=spark; group=spark; permission=rw-rw-rw-; isSymlink=false; hasAcl=false; isEncrypted=true; isErasureCoded=false} isEmptyDirectory=FALSE eTag="2dc840860c22af6901e80b07ffd4ef78" versionId=null, S3AFileStatus{path=s3a://lakehouse/benchmark/bronze/20260518T154052Z/low/started/_delta_log/00000000000000000001.json; isDirectory=false; length=6534; replication=1; blocksize=33554432; modification_time=1779118933421; access_time=0; owner=spark; group=spark; permission=rw-rw-rw-; isSymlink=false; hasAcl=false; isEncrypted=true; isErasureCoded=false} isEmptyDirectory=FALSE eTag="12e73076721d9b91785d3f2f712039e1" versionId=null, S3AFileStatus{path=s3a://lakehouse/benchmark/bronze/20260518T154052Z/low/started/_delta_log/00000000000000000002.json; isDirectory=false; length=5042; replication=1; blocksize=33554432; modification_time=1779118941417; access_time=0; owner=spark; group=spark; permission=rw-rw-rw-; isSymlink=false; hasAcl=false; isEncrypted=true; isErasureCoded=false} isEmptyDirectory=FALSE eTag="004bb0d2cb529c0cb5ef31cccea13acb" versionId=null, S3AFileStatus{path=s3a://lakehouse/benchmark/bronze/20260518T154052Z/low/started/_delta_log/00000000000000000003.json; isDirectory=false; length=2049; replication=1; blocksize=33554432; modification_time=1779118947493; access_time=0; owner=spark; group=spark; permission=rw-rw-rw-; isSymlink=false; hasAcl=false; isEncrypted=true; isErasureCoded=false} isEmptyDirectory=FALSE eTag="4dde2cedc8395ede38ef68ba9cfeff06" versionId=null),org.apache.spark.sql.delta.EmptyCheckpointProvider$@664c2564,1779118947493), checksumOpt=Some(VersionChecksum(Some(61956e13-8891-4f8f-8c5b-285a690c230a),128038,14,None,None,1,1,None,Some(List(SetTransaction(4c71fffa-098f-430a-acdb-8cf33542b27e,3,Some(1779118947475)))),Some(List()),Metadata(e54c2914-4281-4b97-a14f-d4cd8e512b01,null,null,Format(parquet,Map()),{"type":"struct","fields":[{"name":"event_id","type":"string","nullable":true,"metadata":{}},{"name":"event_type","type":"string","nullable":true,"metadata":{}},{"name":"schema_version","type":"string","nullable":true,"metadata":{}},{"name":"trip_id","type":"string","nullable":true,"metadata":{}},{"name":"source_file","type":"string","nullable":true,"metadata":{}},{"name":"ingest_mode","type":"string","nullable":true,"metadata":{}},{"name":"ingest_timestamp","type":"timestamp","nullable":true,"metadata":{}},{"name":"event_time","type":"timestamp","nullable":true,"metadata":{}},{"name":"trip_date","type":"string","nullable":true,"metadata":{}},{"name":"vendor_id","type":"integer","nullable":true,"metadata":{}},{"name":"pickup_datetime","type":"timestamp","nullable":true,"metadata":{}},{"name":"passenger_count","type":"long","nullable":true,"metadata":{}},{"name":"pulocation_id","type":"integer","nullable":true,"metadata":{}},{"name":"dolocation_id","type":"integer","nullable":true,"metadata":{}}]},List(),Map(),Some(1779118886752)),Protocol(1,2),None,None,Some(List(AddFile(part-00005-56447017-32c5-4b7e-b9ab-d59860935c92-c000.snappy.parquet,Map(),13745,1779118908000,false,{"numRecords":58,"minValues":{"event_id":"1455410b53ba26496dd8268d814efb0d","event_type":"trip_started","schema_version":"2.0","trip_id":"055d4dc21a238c32a1173721d4ca04f8","source_file":"yellow_tripdata_2024-09.parquet","ingest_mode":"streaming","ingest_timestamp":"2026-05-18T15:30:33.344Z","event_time":"2024-08-31T23:41:24.000Z","trip_date":"2024-08-31","vendor_id":1,"pickup_datetime":"2024-08-31T23:41:24.000Z","passenger_count":1,"pulocation_id":4,"dolocation_id":13},"maxValues":{"event_id":"fc33a45f23b40ebd214e1bfc68a49bcb","event_type":"trip_started","schema_version":"2.0","trip_id":"fe2349c4e6416804cff94b8f71437d80","source_file":"yellow_tripdata_2024-09.parquet","ingest_mode":"streaming","ingest_timestamp":"2026-05-18T15:39:01.111Z","event_time":"2024-09-01T00:03:38.000Z","trip_date":"2024-09-01","vendor_id":2,"pickup_datetime":"2024-09-01T00:03:38.000Z","passenger_count":5,"pulocation_id":263,"dolocation_id":261},"nullCount":{"event_id":0,"event_type":0,"schema_version":0,"trip_id":0,"source_file":0,"ingest_mode":0,"ingest_timestamp":0,"event_time":0,"trip_date":0,"vendor_id":0,"pickup_datetime":0,"passenger_count":7,"pulocation_id":0,"dolocation_id":0}},null,null,None,None,None), AddFile(part-00000-08aad25c-9cc6-4b91-9c29-ef1ada60ea60-c000.snappy.parquet,Map(),16483,1779118902000,false,{"numRecords":73,"minValues":{"event_id":"0212d8086261a2018cb807d1a4d7a46b","event_type":"trip_started","schema_version":"2.0","trip_id":"031b404c98f442710d2269c0a06824fd","source_file":"yellow_tripdata_2024-09.parquet","ingest_mode":"streaming","ingest_timestamp":"2026-05-18T15:30:18.343Z","event_time":"2024-08-31T23:16:36.000Z","trip_date":"2024-08-31","vendor_id":1,"pickup_datetime":"2024-08-31T23:16:36.000Z","passenger_count":1,"pulocation_id":41,"dolocation_id":15},"maxValues":{"event_id":"febc668d372ab0492f5c4e7165b45be2","event_type":"trip_started","schema_version":"2.0","trip_id":"f8cfd09088ab01f1042a890d127bfcca","source_file":"yellow_tripdata_2024-09.parquet","ingest_mode":"streaming","ingest_timestamp":"2026-05-18T15:41:12.372Z","event_time":"2024-09-01T00:03:44.000Z","trip_date":"2024-09-01","vendor_id":2,"pickup_datetime":"2024-09-01T00:03:44.000Z","passenger_count":5,"pulocation_id":249,"dolocation_id":265},"nullCount":{"event_id":0,"event_type":0,"schema_version":0,"trip_id":0,"source_file":0,"ingest_mode":0,"ingest_timestamp":0,"event_time":0,"trip_date":0,"vendor_id":0,"pickup_datetime":0,"passenger_count":7,"pulocation_id":0,"dolocation_id":0}},null,null,None,None,None), AddFile(part-00000-04a2f022-e88e-4fb8-842d-03ac20cee535-c000.snappy.parquet,Map(),5324,1779118947000,false,{"numRecords":1,"minValues":{"event_id":"52352c98a72028429aa0529967846b38","event_type":"trip_started","schema_version":"2.0","trip_id":"d5f457d09a3953154558bb47240e0cb4","source_file":"yellow_tripdata_2024-09.parquet","ingest_mode":"streaming","ingest_timestamp":"2026-05-18T15:42:17.777Z","event_time":"2024-08-31T23:55:17.000Z","trip_date":"2024-08-31","vendor_id":2,"pickup_datetime":"2024-08-31T23:55:17.000Z","passenger_count":5,"pulocation_id":93,"dolocation_id":141},"maxValues":{"event_id":"52352c98a72028429aa0529967846b38","event_type":"trip_started","schema_version":"2.0","trip_id":"d5f457d09a3953154558bb47240e0cb4","source_file":"yellow_tripdata_2024-09.parquet","ingest_mode":"streaming","ingest_timestamp":"2026-05-18T15:42:17.777Z","event_time":"2024-08-31T23:55:17.000Z","trip_date":"2024-08-31","vendor_id":2,"pickup_datetime":"2024-08-31T23:55:17.000Z","passenger_count":5,"pulocation_id":93,"dolocation_id":141},"nullCount":{"event_id":0,"event_type":0,"schema_version":0,"trip_id":0,"source_file":0,"ingest_mode":0,"ingest_timestamp":0,"event_time":0,"trip_date":0,"vendor_id":0,"pickup_datetime":0,"passenger_count":0,"pulocation_id":0,"dolocation_id":0}},null,null,None,None,None), AddFile(part-00002-204c9462-febd-4a6e-9fc5-d2cff48b0fab-c000.snappy.parquet,Map(),5290,1779118941000,false,{"numRecords":2,"minValues":{"event_id":"7094784f7b964147a344562f3c700452","event_type":"trip_started","schema_version":"2.0","trip_id":"49abd9d6c1136369978e031c3defd4dd","source_file":"yellow_tripdata_2024-09.parquet","ingest_mode":"streaming","ingest_timestamp":"2026-05-18T15:42:09.576Z","event_time":"2024-08-31T23:54:28.000Z","trip_date":"2024-08-31","vendor_id":2,"pickup_datetime":"2024-08-31T23:54:28.000Z","passenger_count":1,"pulocation_id":138,"dolocation_id":129},"maxValues":{"event_id":"a33916c25654965d32f61be210f37d0f","event_type":"trip_started","schema_version":"2.0","trip_id":"87e7c11c9799f63c59e672e1b144842e","source_file":"yellow_tripdata_2024-09.parquet","ingest_mode":"streaming","ingest_timestamp":"2026-05-18T15:42:11.576Z","event_time":"2024-08-31T23:54:38.000Z","trip_date":"2024-08-31","vendor_id":2,"pickup_datetime":"2024-08-31T23:54:38.000Z","passenger_count":2,"pulocation_id":230,"dolocation_id":162},"nullCount":{"event_id":0,"event_type":0,"schema_version":0,"trip_id":0,"source_file":0,"ingest_mode":0,"ingest_timestamp":0,"event_time":0,"trip_date":0,"vendor_id":0,"pickup_datetime":0,"passenger_count":0,"pulocation_id":0,"dolocation_id":0}},null,null,None,None,None), AddFile(part-00000-ac8a9b1d-58d7-4719-9e76-5f8fbe428c56-c000.snappy.parquet,Map(),5289,1779118932000,false,{"numRecords":2,"minValues":{"event_id":"0e42e0a8ff68c0593e5f62fe564cc867","event_type":"trip_started","schema_version":"2.0","trip_id":"74cc4dc0356999a5051ffc06fe590ba0","source_file":"yellow_tripdata_2024-09.parquet","ingest_mode":"streaming","ingest_timestamp":"2026-05-18T15:41:32.373Z","event_time":"2024-08-31T23:45:56.000Z","trip_date":"2024-08-31","vendor_id":2,"pickup_datetime":"2024-08-31T23:45:56.000Z","passenger_count":1,"pulocation_id":24,"dolocation_id":24},"maxValues":{"event_id":"20f272b57abcb77396229a1f4f79d2a6","event_type":"trip_started","schema_version":"2.0","trip_id":"7e4582c034b9714ccbb8b7972ee7452a","source_file":"yellow_tripdata_2024-09.parquet","ingest_mode":"streaming","ingest_timestamp":"2026-05-18T15:41:40.774Z","event_time":"2024-08-31T23:47:06.000Z","trip_date":"2024-08-31","vendor_id":2,"pickup_datetime":"2024-08-31T23:47:06.000Z","passenger_count":6,"pulocation_id":142,"dolocation_id":162},"nullCount":{"event_id":0,"event_type":0,"schema_version":0,"trip_id":0,"source_file":0,"ingest_mode":0,"ingest_timestamp":0,"event_time":0,"trip_date":0,"vendor_id":0,"pickup_datetime":0,"passenger_count":0,"pulocation_id":0,"dolocation_id":0}},null,null,None,None,None), AddFile(part-00001-3e08f1a9-004f-4148-96c2-ce39df27dafa-c000.snappy.parquet,Map(),5324,1779118932000,false,{"numRecords":1,"minValues":{"event_id":"49fd4523f0edf3af6db90b980f85b44b","event_type":"trip_started","schema_version":"2.0","trip_id":"a81a5f72bed880eb1011e846ec08a7b3","source_file":"yellow_tripdata_2024-09.parquet","ingest_mode":"streaming","ingest_timestamp":"2026-05-18T15:41:32.373Z","event_time":"2024-08-31T23:45:56.000Z","trip_date":"2024-08-31","vendor_id":2,"pickup_datetime":"2024-08-31T23:45:56.000Z","passenger_count":1,"pulocation_id":24,"dolocation_id":24},"maxValues":{"event_id":"49fd4523f0edf3af6db90b980f85b44b","event_type":"trip_started","schema_version":"2.0","trip_id":"a81a5f72bed880eb1011e846ec08a7b3","source_file":"yellow_tripdata_2024-09.parquet","ingest_mode":"streaming","ingest_timestamp":"2026-05-18T15:41:32.373Z","event_time":"2024-08-31T23:45:56.000Z","trip_date":"2024-08-31","vendor_id":2,"pickup_datetime":"2024-08-31T23:45:56.000Z","passenger_count":1,"pulocation_id":24,"dolocation_id":24},"nullCount":{"event_id":0,"event_type":0,"schema_version":0,"trip_id":0,"source_file":0,"ingest_mode":0,"ingest_timestamp":0,"event_time":0,"trip_date":0,"vendor_id":0,"pickup_datetime":0,"passenger_count":0,"pulocation_id":0,"dolocation_id":0}},null,null,None,None,None), AddFile(part-00002-d9b3fdfd-9a1c-4ba7-bce8-809853fb9b08-c000.snappy.parquet,Map(),5325,1779118933000,false,{"numRecords":1,"minValues":{"event_id":"c2b354f6093db075096dd7d6cd094124","event_type":"trip_started","schema_version":"2.0","trip_id":"2e493edb13c1adcaf6af648c66c05d11","source_file":"yellow_tripdata_2024-09.parquet","ingest_mode":"streaming","ingest_timestamp":"2026-05-18T15:41:49.575Z","event_time":"2024-08-31T23:48:15.000Z","trip_date":"2024-08-31","vendor_id":2,"pickup_datetime":"2024-08-31T23:48:15.000Z","passenger_count":1,"pulocation_id":87,"dolocation_id":232},"maxValues":{"event_id":"c2b354f6093db075096dd7d6cd094124","event_type":"trip_started","schema_version":"2.0","trip_id":"2e493edb13c1adcaf6af648c66c05d11","source_file":"yellow_tripdata_2024-09.parquet","ingest_mode":"streaming","ingest_timestamp":"2026-05-18T15:41:49.575Z","event_time":"2024-08-31T23:48:15.000Z","trip_date":"2024-08-31","vendor_id":2,"pickup_datetime":"2024-08-31T23:48:15.000Z","passenger_count":1,"pulocation_id":87,"dolocation_id":232},"nullCount":{"event_id":0,"event_type":0,"schema_version":0,"trip_id":0,"source_file":0,"ingest_mode":0,"ingest_timestamp":0,"event_time":0,"trip_date":0,"vendor_id":0,"pickup_datetime":0,"passenger_count":0,"pulocation_id":0,"dolocation_id":0}},null,null,None,None,None), AddFile(part-00002-d9b630b8-3fe6-47f4-bef5-e312d5875278-c000.snappy.parquet,Map(),15373,1779118905000,false,{"numRecords":67,"minValues":{"event_id":"011a460cb5a25c4ee561b11bfa14604d","event_type":"trip_started","schema_version":"2.0","trip_id":"02a39a8e328190af69190a907699ab05","source_file":"yellow_tripdata_2024-09.parquet","ingest_mode":"streaming","ingest_timestamp":"2026-05-18T15:30:23.343Z","event_time":"2024-08-31T23:31:22.000Z","trip_date":"2024-08-31","vendor_id":1,"pickup_datetime":"2024-08-31T23:31:22.000Z","passenger_count":0,"pulocation_id":24,"dolocation_id":7},"maxValues":{"event_id":"fb8fb0226b979d486aa1fe15bcadfd02","event_type":"trip_started","schema_version":"2.0","trip_id":"ff8ff4056149324b8cb6441936211b7a","source_file":"yellow_tripdata_2024-09.parquet","ingest_mode":"streaming","ingest_timestamp":"2026-05-18T15:41:17.372Z","event_time":"2024-09-01T00:03:44.000Z","trip_date":"2024-09-01","vendor_id":2,"pickup_datetime":"2024-09-01T00:03:44.000Z","passenger_count":6,"pulocation_id":265,"dolocation_id":265},"nullCount":{"event_id":0,"event_type":0,"schema_version":0,"trip_id":0,"source_file":0,"ingest_mode":0,"ingest_timestamp":0,"event_time":0,"trip_date":0,"vendor_id":0,"pickup_datetime":0,"passenger_count":7,"pulocation_id":0,"dolocation_id":0}},null,null,None,None,None), AddFile(part-00001-25597aa3-37ba-4ada-a57e-d65085251b3f-c000.snappy.parquet,Map(),10884,1779118904000,false,{"numRecords":36,"minValues":{"event_id":"00bb01354109838b627c857eebe80dc2","event_type":"trip_started","schema_version":"2.0","trip_id":"0151b1434bda3c8918caec4e7800368d","source_file":"yellow_tripdata_2024-09.parquet","ingest_mode":"streaming","ingest_timestamp":"2026-05-18T15:31:05.546Z","event_time":"2024-08-31T23:49:47.000Z","trip_date":"2024-08-31","vendor_id":1,"pickup_datetime":"2024-08-31T23:49:47.000Z","passenger_count":0,"pulocation_id":68,"dolocation_id":45},"maxValues":{"event_id":"fc777a5f3c65c6d093b9336703c5e846","event_type":"trip_started","schema_version":"2.0","trip_id":"febc1b1d83b45aebc128b44d8bf1e48d","source_file":"yellow_tripdata_2024-09.parquet","ingest_mode":"streaming","ingest_timestamp":"2026-05-18T15:38:55.109Z","event_time":"2024-09-01T00:03:32.000Z","trip_date":"2024-09-01","vendor_id":2,"pickup_datetime":"2024-09-01T00:03:32.000Z","passenger_count":5,"pulocation_id":263,"dolocation_id":265},"nullCount":{"event_id":0,"event_type":0,"schema_version":0,"trip_id":0,"source_file":0,"ingest_mode":0,"ingest_timestamp":0,"event_time":0,"trip_date":0,"vendor_id":0,"pickup_datetime":0,"passenger_count":3,"pulocation_id":0,"dolocation_id":0}},null,null,None,None,None), AddFile(part-00000-354a8d2e-7fe2-4583-a46c-fa6563c44f3f-c000.snappy.parquet,Map(),5314,1779118940000,false,{"numRecords":2,"minValues":{"event_id":"14702b58b8c37db8b2b50034899fc9c7","event_type":"trip_started","schema_version":"2.0","trip_id":"2c7293107d5369aafe0b0f664a64c1e4","source_file":"yellow_tripdata_2024-09.parquet","ingest_mode":"streaming","ingest_timestamp":"2026-05-18T15:42:04.576Z","event_time":"2024-08-31T23:53:06.000Z","trip_date":"2024-08-31","vendor_id":2,"pickup_datetime":"2024-08-31T23:53:06.000Z","passenger_count":1,"pulocation_id":48,"dolocation_id":48},"maxValues":{"event_id":"53de4f6d29a18ae8c5ee21ff0b51e6dd","event_type":"trip_started","schema_version":"2.0","trip_id":"2c83a9caa91b8b0fc7bb449a3e93bc05","source_file":"yellow_tripdata_2024-09.parquet","ingest_mode":"streaming","ingest_timestamp":"2026-05-18T15:42:12.777Z","event_time":"2024-08-31T23:54:44.000Z","trip_date":"2024-08-31","vendor_id":2,"pickup_datetime":"2024-08-31T23:54:44.000Z","passenger_count":1,"pulocation_id":231,"dolocation_id":231},"nullCount":{"event_id":0,"event_type":0,"schema_version":0,"trip_id":0,"source_file":0,"ingest_mode":0,"ingest_timestamp":0,"event_time":0,"trip_date":0,"vendor_id":0,"pickup_datetime":0,"passenger_count":0,"pulocation_id":0,"dolocation_id":0}},null,null,None,None,None), AddFile(part-00003-40e0630d-6fe9-4e39-9602-a33736b745ca-c000.snappy.parquet,Map(),5316,1779118933000,false,{"numRecords":2,"minValues":{"event_id":"3a11c04f3f86a8a2ed90c5835f8fcb0c","event_type":"trip_started","schema_version":"2.0","trip_id":"5ea4134ac6f17edb7f639fc94f24acac","source_file":"yellow_tripdata_2024-09.parquet","ingest_mode":"streaming","ingest_timestamp":"2026-05-18T15:41:27.373Z","event_time":"2024-08-31T23:41:24.000Z","trip_date":"2024-08-31","vendor_id":2,"pickup_datetime":"2024-08-31T23:41:24.000Z","passenger_count":1,"pulocation_id":100,"dolocation_id":42},"maxValues":{"event_id":"810ea42e4364ec7ab0e87ebf0400ae41","event_type":"trip_started","schema_version":"2.0","trip_id":"72cf0cd11b66424f5d72b72df8a87924","source_file":"yellow_tripdata_2024-09.parquet","ingest_mode":"streaming","ingest_timestamp":"2026-05-18T15:41:44.574Z","event_time":"2024-08-31T23:47:25.000Z","trip_date":"2024-08-31","vendor_id":2,"pickup_datetime":"2024-08-31T23:47:25.000Z","passenger_count":1,"pulocation_id":230,"dolocation_id":100},"nullCount":{"event_id":0,"event_type":0,"schema_version":0,"trip_id":0,"source_file":0,"ingest_mode":0,"ingest_timestamp":0,"event_time":0,"trip_date":0,"vendor_id":0,"pickup_datetime":0,"passenger_count":0,"pulocation_id":0,"dolocation_id":0}},null,null,None,None,None), AddFile(part-00004-bf95d00f-7224-4d19-8506-bb804d74ba69-c000.snappy.parquet,Map(),16203,1779118907000,false,{"numRecords":67,"minValues":{"event_id":"00f4412c4abb87a7edb991f16b8e3872","event_type":"trip_started","schema_version":"2.0","trip_id":"0106a3fdc6d124355ddbc3170eb7fa9d","source_file":"yellow_tripdata_2024-09.parquet","ingest_mode":"streaming","ingest_timestamp":"2026-05-18T15:30:55.546Z","event_time":"2024-08-31T23:48:15.000Z","trip_date":"2024-08-31","vendor_id":1,"pickup_datetime":"2024-08-31T23:48:15.000Z","passenger_count":0,"pulocation_id":41,"dolocation_id":4},"maxValues":{"event_id":"ffa973e5c6626d9b56f1d9367abd3987","event_type":"trip_started","schema_version":"2.0","trip_id":"fc82163fbf256ca3108569d8f7fa673b","source_file":"yellow_tripdata_2024-09.parquet","ingest_mode":"streaming","ingest_timestamp":"2026-05-18T15:39:10.112Z","event_time":"2024-09-01T00:03:47.000Z","trip_date":"2024-09-01","vendor_id":2,"pickup_datetime":"2024-09-01T00:03:47.000Z","passenger_count":5,"pulocation_id":255,"dolocation_id":263},"nullCount":{"event_id":0,"event_type":0,"schema_version":0,"trip_id":0,"source_file":0,"ingest_mode":0,"ingest_timestamp":0,"event_time":0,"trip_date":0,"vendor_id":0,"pickup_datetime":0,"passenger_count":12,"pulocation_id":0,"dolocation_id":0}},null,null,None,None,None), AddFile(part-00001-15e62d34-1cb7-4e48-afd5-30601fa3f01e-c000.snappy.parquet,Map(),5325,1779118940000,false,{"numRecords":1,"minValues":{"event_id":"b395c7a81f12a58f58489f623d958178","event_type":"trip_started","schema_version":"2.0","trip_id":"133e7d3180d10215019a7d0e6e3cc052","source_file":"yellow_tripdata_2024-09.parquet","ingest_mode":"streaming","ingest_timestamp":"2026-05-18T15:41:59.575Z","event_time":"2024-08-31T23:49:47.000Z","trip_date":"2024-08-31","vendor_id":2,"pickup_datetime":"2024-08-31T23:49:47.000Z","passenger_count":1,"pulocation_id":79,"dolocation_id":211},"maxValues":{"event_id":"b395c7a81f12a58f58489f623d958178","event_type":"trip_started","schema_version":"2.0","trip_id":"133e7d3180d10215019a7d0e6e3cc052","source_file":"yellow_tripdata_2024-09.parquet","ingest_mode":"streaming","ingest_timestamp":"2026-05-18T15:41:59.575Z","event_time":"2024-08-31T23:49:47.000Z","trip_date":"2024-08-31","vendor_id":2,"pickup_datetime":"2024-08-31T23:49:47.000Z","passenger_count":1,"pulocation_id":79,"dolocation_id":211},"nullCount":{"event_id":0,"event_type":0,"schema_version":0,"trip_id":0,"source_file":0,"ingest_mode":0,"ingest_timestamp":0,"event_time":0,"trip_date":0,"vendor_id":0,"pickup_datetime":0,"passenger_count":0,"pulocation_id":0,"dolocation_id":0}},null,null,None,None,None), AddFile(part-00003-b1b9f1d7-6ad3-4d3d-9129-31eff2c0ca88-c000.snappy.parquet,Map(),12843,1779118906000,false,{"numRecords":51,"minValues":{"event_id":"033a945818d220fae8d0f5ea06aade55","event_type":"trip_started","schema_version":"2.0","trip_id":"007211974f070e6081d820f78a892116","source_file":"yellow_tripdata_2024-09.parquet","ingest_mode":"streaming","ingest_timestamp":"2026-05-18T15:30:08.336Z","event_time":"2024-08-31T22:27:55.000Z","trip_date":"2024-08-31","vendor_id":1,"pickup_datetime":"2024-08-31T22:27:55.000Z","passenger_count":0,"pulocation_id":24,"dolocation_id":7},"maxValues":{"event_id":"f914c4bf2487bb514676e80f0e515e30","event_type":"trip_started","schema_version":"2.0","trip_id":"fd8556cf3a0c0a61eb48a4f6e35a55b5","source_file":"yellow_tripdata_2024-09.parquet","ingest_mode":"streaming","ingest_timestamp":"2026-05-18T15:41:02.366Z","event_time":"2024-09-01T00:03:39.000Z","trip_date":"2024-09-01","vendor_id":2,"pickup_datetime":"2024-09-01T00:03:39.000Z","passenger_count":5,"pulocation_id":249,"dolocation_id":265},"nullCount":{"event_id":0,"event_type":0,"schema_version":0,"trip_id":0,"source_file":0,"ingest_mode":0,"ingest_timestamp":0,"event_time":0,"trip_date":0,"vendor_id":0,"pickup_datetime":0,"passenger_count":11,"pulocation_id":0,"dolocation_id":0}},null,null,None,None,None))))))
26/05/18 15:42:30 INFO Snapshot: DELTA: Compute snapshot for version: 3
26/05/18 15:42:30 INFO MemoryStore: Block broadcast_19 stored as values in memory (estimated size 242.1 KiB, free 433.6 MiB)
26/05/18 15:42:30 INFO MemoryStore: Block broadcast_19_piece0 stored as bytes in memory (estimated size 41.2 KiB, free 433.6 MiB)
26/05/18 15:42:30 INFO SparkContext: Created broadcast 19 from start at NativeMethodAccessorImpl.java:0
26/05/18 15:42:30 INFO DeltaLogFileIndex: Created DeltaLogFileIndex(JSON, numFilesInSegment: 4, totalFileSize: 24579)
26/05/18 15:42:30 INFO BlockManager: Removing RDD 37
26/05/18 15:42:30 INFO DataSourceStrategy: Pruning directories with: Set()
26/05/18 15:42:30 INFO FileSourceStrategy: Pushed Filters: 
26/05/18 15:42:30 INFO FileSourceStrategy: Post-Scan Filters: Set()
26/05/18 15:42:30 INFO MemoryStore: Block broadcast_20 stored as values in memory (estimated size 242.4 KiB, free 433.9 MiB)
26/05/18 15:42:30 INFO MemoryStore: Block broadcast_20_piece0 stored as bytes in memory (estimated size 41.3 KiB, free 433.8 MiB)
26/05/18 15:42:30 INFO SparkContext: Created broadcast 20 from start at NativeMethodAccessorImpl.java:0
26/05/18 15:42:30 INFO FileSourceScanExec: Planning scan with bin packing, max size: 8400897 bytes, open cost is considered as scanning 4194304 bytes.
26/05/18 15:42:31 INFO SparkContext: Starting job: start at NativeMethodAccessorImpl.java:0
26/05/18 15:42:31 INFO DAGScheduler: Registering RDD 70 (start at NativeMethodAccessorImpl.java:0) as input to shuffle 6
26/05/18 15:42:31 INFO DAGScheduler: Registering RDD 80 (start at NativeMethodAccessorImpl.java:0) as input to shuffle 7
26/05/18 15:42:31 INFO DAGScheduler: Got job 8 (start at NativeMethodAccessorImpl.java:0) with 1 output partitions
26/05/18 15:42:31 INFO DAGScheduler: Final stage: ResultStage 15 (start at NativeMethodAccessorImpl.java:0)
26/05/18 15:42:31 INFO DAGScheduler: Parents of final stage: List(ShuffleMapStage 14)
26/05/18 15:42:31 INFO DAGScheduler: Missing parents: List(ShuffleMapStage 14)
26/05/18 15:42:31 INFO DAGScheduler: Submitting ShuffleMapStage 13 (MapPartitionsRDD[70] at start at NativeMethodAccessorImpl.java:0), which has no missing parents
26/05/18 15:42:31 INFO MemoryStore: Block broadcast_21 stored as values in memory (estimated size 100.7 KiB, free 433.7 MiB)
26/05/18 15:42:31 INFO MemoryStore: Block broadcast_21_piece0 stored as bytes in memory (estimated size 29.0 KiB, free 433.7 MiB)
26/05/18 15:42:31 INFO SparkContext: Created broadcast 21 from broadcast at DAGScheduler.scala:1676
26/05/18 15:42:31 INFO DAGScheduler: Submitting 2 missing tasks from ShuffleMapStage 13 (MapPartitionsRDD[70] at start at NativeMethodAccessorImpl.java:0) (first 15 tasks are for partitions Vector(0, 1))
26/05/18 15:42:31 INFO TaskSchedulerImpl: Adding task set 13.0 with 2 tasks resource profile 0
26/05/18 15:42:31 INFO TaskSetManager: Starting task 0.0 in stage 13.0 (TID 172) (10.42.1.64,executor 1, partition 0, PROCESS_LOCAL, 10531 bytes) 
26/05/18 15:42:31 INFO TaskSetManager: Starting task 1.0 in stage 13.0 (TID 173) (10.42.1.64,executor 1, partition 1, PROCESS_LOCAL, 10531 bytes) 
26/05/18 15:42:31 INFO TaskSetManager: Finished task 0.0 in stage 13.0 (TID 172) in 83 ms on 10.42.1.64 (executor 1) (1/2)
26/05/18 15:42:31 INFO TaskSetManager: Finished task 1.0 in stage 13.0 (TID 173) in 106 ms on 10.42.1.64 (executor 1) (2/2)
26/05/18 15:42:31 INFO TaskSchedulerImpl: Removed TaskSet 13.0 whose tasks have all completed, from pool 
26/05/18 15:42:31 INFO DAGScheduler: ShuffleMapStage 13 (start at NativeMethodAccessorImpl.java:0) finished in 193 ms
26/05/18 15:42:31 INFO DAGScheduler: looking for newly runnable stages
26/05/18 15:42:31 INFO DAGScheduler: running: HashSet()
26/05/18 15:42:31 INFO DAGScheduler: waiting: HashSet(ShuffleMapStage 14, ResultStage 15)
26/05/18 15:42:31 INFO DAGScheduler: failed: HashSet()
26/05/18 15:42:31 INFO DAGScheduler: Submitting ShuffleMapStage 14 (MapPartitionsRDD[80] at start at NativeMethodAccessorImpl.java:0), which has no missing parents
26/05/18 15:42:31 INFO MemoryStore: Block broadcast_22 stored as values in memory (estimated size 601.1 KiB, free 433.1 MiB)
26/05/18 15:42:31 INFO MemoryStore: Block broadcast_22_piece0 stored as bytes in memory (estimated size 136.3 KiB, free 433.0 MiB)
26/05/18 15:42:31 INFO SparkContext: Created broadcast 22 from broadcast at DAGScheduler.scala:1676
26/05/18 15:42:31 INFO DAGScheduler: Submitting 50 missing tasks from ShuffleMapStage 14 (MapPartitionsRDD[80] at start at NativeMethodAccessorImpl.java:0) (first 15 tasks are for partitions Vector(0, 1, 2, 3, 4, 5, 6, 7, 8, 9, 10, 11, 12, 13, 14))
26/05/18 15:42:31 INFO TaskSchedulerImpl: Adding task set 14.0 with 50 tasks resource profile 0
26/05/18 15:42:31 INFO TaskSetManager: Starting task 2.0 in stage 14.0 (TID 174) (10.42.1.64,executor 1, partition 2, NODE_LOCAL, 9639 bytes) 
26/05/18 15:42:31 INFO MapOutputTrackerMasterEndpoint: Asked to send map output locations for shuffle 6 to 10.42.1.64:59476
26/05/18 15:42:31 INFO TaskSetManager: Starting task 6.0 in stage 14.0 (TID 175) (10.42.1.64,executor 1, partition 6, NODE_LOCAL, 9639 bytes) 
26/05/18 15:42:31 INFO TaskSetManager: Finished task 2.0 in stage 14.0 (TID 174) in 33 ms on 10.42.1.64 (executor 1) (1/50)
26/05/18 15:42:31 INFO TaskSetManager: Starting task 23.0 in stage 14.0 (TID 176) (10.42.1.64,executor 1, partition 23, NODE_LOCAL, 9639 bytes) 
26/05/18 15:42:31 INFO TaskSetManager: Finished task 6.0 in stage 14.0 (TID 175) in 63 ms on 10.42.1.64 (executor 1) (2/50)
26/05/18 15:42:31 INFO TaskSetManager: Starting task 28.0 in stage 14.0 (TID 177) (10.42.1.64,executor 1, partition 28, NODE_LOCAL, 9639 bytes) 
26/05/18 15:42:31 INFO TaskSetManager: Finished task 23.0 in stage 14.0 (TID 176) in 27 ms on 10.42.1.64 (executor 1) (3/50)
26/05/18 15:42:31 INFO TaskSetManager: Starting task 29.0 in stage 14.0 (TID 178) (10.42.1.64,executor 1, partition 29, NODE_LOCAL, 9639 bytes) 
26/05/18 15:42:31 INFO TaskSetManager: Finished task 28.0 in stage 14.0 (TID 177) in 65 ms on 10.42.1.64 (executor 1) (4/50)
26/05/18 15:42:31 INFO TaskSetManager: Starting task 31.0 in stage 14.0 (TID 179) (10.42.1.64,executor 1, partition 31, NODE_LOCAL, 9639 bytes) 
26/05/18 15:42:31 INFO TaskSetManager: Finished task 29.0 in stage 14.0 (TID 178) in 25 ms on 10.42.1.64 (executor 1) (5/50)
26/05/18 15:42:31 INFO TaskSetManager: Starting task 40.0 in stage 14.0 (TID 180) (10.42.1.64,executor 1, partition 40, NODE_LOCAL, 9639 bytes) 
26/05/18 15:42:31 INFO TaskSetManager: Finished task 31.0 in stage 14.0 (TID 179) in 25 ms on 10.42.1.64 (executor 1) (6/50)
26/05/18 15:42:31 INFO TaskSetManager: Starting task 42.0 in stage 14.0 (TID 181) (10.42.1.64,executor 1, partition 42, NODE_LOCAL, 9639 bytes) 
26/05/18 15:42:31 INFO TaskSetManager: Finished task 40.0 in stage 14.0 (TID 180) in 46 ms on 10.42.1.64 (executor 1) (7/50)
26/05/18 15:42:31 INFO TaskSetManager: Starting task 43.0 in stage 14.0 (TID 182) (10.42.1.64,executor 1, partition 43, NODE_LOCAL, 9639 bytes) 
26/05/18 15:42:31 INFO TaskSetManager: Finished task 42.0 in stage 14.0 (TID 181) in 27 ms on 10.42.1.64 (executor 1) (8/50)
26/05/18 15:42:31 INFO TaskSetManager: Starting task 44.0 in stage 14.0 (TID 183) (10.42.1.64,executor 1, partition 44, NODE_LOCAL, 9639 bytes) 
26/05/18 15:42:31 INFO TaskSetManager: Finished task 43.0 in stage 14.0 (TID 182) in 26 ms on 10.42.1.64 (executor 1) (9/50)
26/05/18 15:42:31 INFO TaskSetManager: Starting task 45.0 in stage 14.0 (TID 184) (10.42.1.64,executor 1, partition 45, NODE_LOCAL, 9639 bytes) 
26/05/18 15:42:31 INFO TaskSetManager: Finished task 44.0 in stage 14.0 (TID 183) in 25 ms on 10.42.1.64 (executor 1) (10/50)
26/05/18 15:42:31 INFO TaskSetManager: Starting task 48.0 in stage 14.0 (TID 185) (10.42.1.64,executor 1, partition 48, NODE_LOCAL, 9639 bytes) 
26/05/18 15:42:31 INFO TaskSetManager: Finished task 45.0 in stage 14.0 (TID 184) in 38 ms on 10.42.1.64 (executor 1) (11/50)
26/05/18 15:42:31 INFO TaskSetManager: Starting task 49.0 in stage 14.0 (TID 186) (10.42.1.64,executor 1, partition 49, NODE_LOCAL, 9639 bytes) 
26/05/18 15:42:31 INFO TaskSetManager: Finished task 48.0 in stage 14.0 (TID 185) in 27 ms on 10.42.1.64 (executor 1) (12/50)
26/05/18 15:42:31 INFO TaskSetManager: Starting task 0.0 in stage 14.0 (TID 187) (10.42.1.64,executor 1, partition 0, PROCESS_LOCAL, 9639 bytes) 
26/05/18 15:42:31 INFO TaskSetManager: Finished task 49.0 in stage 14.0 (TID 186) in 72 ms on 10.42.1.64 (executor 1) (13/50)
26/05/18 15:42:31 INFO TaskSetManager: Starting task 1.0 in stage 14.0 (TID 188) (10.42.1.64,executor 1, partition 1, PROCESS_LOCAL, 9639 bytes) 
26/05/18 15:42:31 INFO TaskSetManager: Finished task 0.0 in stage 14.0 (TID 187) in 25 ms on 10.42.1.64 (executor 1) (14/50)
26/05/18 15:42:31 INFO TaskSetManager: Starting task 3.0 in stage 14.0 (TID 189) (10.42.1.64,executor 1, partition 3, PROCESS_LOCAL, 9639 bytes) 
26/05/18 15:42:31 INFO TaskSetManager: Finished task 1.0 in stage 14.0 (TID 188) in 26 ms on 10.42.1.64 (executor 1) (15/50)
26/05/18 15:42:31 INFO TaskSetManager: Starting task 4.0 in stage 14.0 (TID 190) (10.42.1.64,executor 1, partition 4, PROCESS_LOCAL, 9639 bytes) 
26/05/18 15:42:31 INFO TaskSetManager: Finished task 3.0 in stage 14.0 (TID 189) in 42 ms on 10.42.1.64 (executor 1) (16/50)
26/05/18 15:42:31 INFO TaskSetManager: Starting task 5.0 in stage 14.0 (TID 191) (10.42.1.64,executor 1, partition 5, PROCESS_LOCAL, 9639 bytes) 
26/05/18 15:42:31 INFO TaskSetManager: Finished task 4.0 in stage 14.0 (TID 190) in 24 ms on 10.42.1.64 (executor 1) (17/50)
26/05/18 15:42:31 INFO TaskSetManager: Starting task 7.0 in stage 14.0 (TID 192) (10.42.1.64,executor 1, partition 7, PROCESS_LOCAL, 9639 bytes) 
26/05/18 15:42:31 INFO TaskSetManager: Finished task 5.0 in stage 14.0 (TID 191) in 25 ms on 10.42.1.64 (executor 1) (18/50)
26/05/18 15:42:31 INFO TaskSetManager: Starting task 8.0 in stage 14.0 (TID 193) (10.42.1.64,executor 1, partition 8, PROCESS_LOCAL, 9639 bytes) 
26/05/18 15:42:31 INFO TaskSetManager: Finished task 7.0 in stage 14.0 (TID 192) in 43 ms on 10.42.1.64 (executor 1) (19/50)
26/05/18 15:42:32 INFO TaskSetManager: Starting task 9.0 in stage 14.0 (TID 194) (10.42.1.64,executor 1, partition 9, PROCESS_LOCAL, 9639 bytes) 
26/05/18 15:42:32 INFO TaskSetManager: Finished task 8.0 in stage 14.0 (TID 193) in 25 ms on 10.42.1.64 (executor 1) (20/50)
26/05/18 15:42:32 INFO TaskSetManager: Starting task 10.0 in stage 14.0 (TID 195) (10.42.1.64,executor 1, partition 10, PROCESS_LOCAL, 9639 bytes) 
26/05/18 15:42:32 INFO TaskSetManager: Finished task 9.0 in stage 14.0 (TID 194) in 25 ms on 10.42.1.64 (executor 1) (21/50)
26/05/18 15:42:32 INFO TaskSetManager: Starting task 11.0 in stage 14.0 (TID 196) (10.42.1.64,executor 1, partition 11, PROCESS_LOCAL, 9639 bytes) 
26/05/18 15:42:32 INFO TaskSetManager: Finished task 10.0 in stage 14.0 (TID 195) in 67 ms on 10.42.1.64 (executor 1) (22/50)
26/05/18 15:42:32 INFO TaskSetManager: Starting task 12.0 in stage 14.0 (TID 197) (10.42.1.64,executor 1, partition 12, PROCESS_LOCAL, 9639 bytes) 
26/05/18 15:42:32 INFO TaskSetManager: Finished task 11.0 in stage 14.0 (TID 196) in 24 ms on 10.42.1.64 (executor 1) (23/50)
26/05/18 15:42:32 INFO TaskSetManager: Starting task 13.0 in stage 14.0 (TID 198) (10.42.1.64,executor 1, partition 13, PROCESS_LOCAL, 9639 bytes) 
26/05/18 15:42:32 INFO TaskSetManager: Finished task 12.0 in stage 14.0 (TID 197) in 83 ms on 10.42.1.64 (executor 1) (24/50)
26/05/18 15:42:32 INFO TaskSetManager: Starting task 14.0 in stage 14.0 (TID 199) (10.42.1.64,executor 1, partition 14, PROCESS_LOCAL, 9639 bytes) 
26/05/18 15:42:32 INFO TaskSetManager: Finished task 13.0 in stage 14.0 (TID 198) in 89 ms on 10.42.1.64 (executor 1) (25/50)
26/05/18 15:42:32 INFO TaskSetManager: Starting task 15.0 in stage 14.0 (TID 200) (10.42.1.64,executor 1, partition 15, PROCESS_LOCAL, 9639 bytes) 
26/05/18 15:42:32 INFO TaskSetManager: Finished task 14.0 in stage 14.0 (TID 199) in 26 ms on 10.42.1.64 (executor 1) (26/50)
26/05/18 15:42:32 INFO TaskSetManager: Starting task 16.0 in stage 14.0 (TID 201) (10.42.1.64,executor 1, partition 16, PROCESS_LOCAL, 9639 bytes) 
26/05/18 15:42:32 INFO TaskSetManager: Finished task 15.0 in stage 14.0 (TID 200) in 76 ms on 10.42.1.64 (executor 1) (27/50)
26/05/18 15:42:32 INFO TaskSetManager: Starting task 17.0 in stage 14.0 (TID 202) (10.42.1.64,executor 1, partition 17, PROCESS_LOCAL, 9639 bytes) 
26/05/18 15:42:32 INFO TaskSetManager: Finished task 16.0 in stage 14.0 (TID 201) in 27 ms on 10.42.1.64 (executor 1) (28/50)
26/05/18 15:42:32 INFO TaskSetManager: Starting task 18.0 in stage 14.0 (TID 203) (10.42.1.64,executor 1, partition 18, PROCESS_LOCAL, 9639 bytes) 
26/05/18 15:42:32 INFO TaskSetManager: Finished task 17.0 in stage 14.0 (TID 202) in 87 ms on 10.42.1.64 (executor 1) (29/50)
26/05/18 15:42:32 INFO TaskSetManager: Starting task 19.0 in stage 14.0 (TID 204) (10.42.1.64,executor 1, partition 19, PROCESS_LOCAL, 9639 bytes) 
26/05/18 15:42:32 INFO TaskSetManager: Finished task 18.0 in stage 14.0 (TID 203) in 98 ms on 10.42.1.64 (executor 1) (30/50)
26/05/18 15:42:32 INFO TaskSetManager: Starting task 20.0 in stage 14.0 (TID 205) (10.42.1.64,executor 1, partition 20, PROCESS_LOCAL, 9639 bytes) 
26/05/18 15:42:32 INFO TaskSetManager: Finished task 19.0 in stage 14.0 (TID 204) in 93 ms on 10.42.1.64 (executor 1) (31/50)
26/05/18 15:42:32 INFO TaskSetManager: Starting task 21.0 in stage 14.0 (TID 206) (10.42.1.64,executor 1, partition 21, PROCESS_LOCAL, 9639 bytes) 
26/05/18 15:42:32 INFO TaskSetManager: Finished task 20.0 in stage 14.0 (TID 205) in 26 ms on 10.42.1.64 (executor 1) (32/50)
26/05/18 15:42:32 INFO TaskSetManager: Starting task 22.0 in stage 14.0 (TID 207) (10.42.1.64,executor 1, partition 22, PROCESS_LOCAL, 9639 bytes) 
26/05/18 15:42:32 INFO TaskSetManager: Finished task 21.0 in stage 14.0 (TID 206) in 71 ms on 10.42.1.64 (executor 1) (33/50)
26/05/18 15:42:32 INFO TaskSetManager: Starting task 24.0 in stage 14.0 (TID 208) (10.42.1.64,executor 1, partition 24, PROCESS_LOCAL, 9639 bytes) 
26/05/18 15:42:32 INFO TaskSetManager: Finished task 22.0 in stage 14.0 (TID 207) in 24 ms on 10.42.1.64 (executor 1) (34/50)
26/05/18 15:42:32 INFO TaskSetManager: Starting task 25.0 in stage 14.0 (TID 209) (10.42.1.64,executor 1, partition 25, PROCESS_LOCAL, 9639 bytes) 
26/05/18 15:42:32 INFO TaskSetManager: Finished task 24.0 in stage 14.0 (TID 208) in 85 ms on 10.42.1.64 (executor 1) (35/50)
26/05/18 15:42:32 INFO TaskSetManager: Starting task 26.0 in stage 14.0 (TID 210) (10.42.1.64,executor 1, partition 26, PROCESS_LOCAL, 9639 bytes) 
26/05/18 15:42:32 INFO TaskSetManager: Finished task 25.0 in stage 14.0 (TID 209) in 24 ms on 10.42.1.64 (executor 1) (36/50)
26/05/18 15:42:32 INFO TaskSetManager: Starting task 27.0 in stage 14.0 (TID 211) (10.42.1.64,executor 1, partition 27, PROCESS_LOCAL, 9639 bytes) 
26/05/18 15:42:32 INFO TaskSetManager: Finished task 26.0 in stage 14.0 (TID 210) in 62 ms on 10.42.1.64 (executor 1) (37/50)
26/05/18 15:42:33 INFO TaskSetManager: Starting task 30.0 in stage 14.0 (TID 212) (10.42.1.64,executor 1, partition 30, PROCESS_LOCAL, 9639 bytes) 
26/05/18 15:42:33 INFO TaskSetManager: Finished task 27.0 in stage 14.0 (TID 211) in 25 ms on 10.42.1.64 (executor 1) (38/50)
26/05/18 15:42:33 INFO TaskSetManager: Starting task 32.0 in stage 14.0 (TID 213) (10.42.1.64,executor 1, partition 32, PROCESS_LOCAL, 9639 bytes) 
26/05/18 15:42:33 INFO TaskSetManager: Finished task 30.0 in stage 14.0 (TID 212) in 24 ms on 10.42.1.64 (executor 1) (39/50)
26/05/18 15:42:33 INFO TaskSetManager: Starting task 33.0 in stage 14.0 (TID 214) (10.42.1.64,executor 1, partition 33, PROCESS_LOCAL, 9639 bytes) 
26/05/18 15:42:33 INFO TaskSetManager: Finished task 32.0 in stage 14.0 (TID 213) in 46 ms on 10.42.1.64 (executor 1) (40/50)
26/05/18 15:42:33 INFO TaskSetManager: Starting task 34.0 in stage 14.0 (TID 215) (10.42.1.64,executor 1, partition 34, PROCESS_LOCAL, 9639 bytes) 
26/05/18 15:42:33 INFO TaskSetManager: Finished task 33.0 in stage 14.0 (TID 214) in 23 ms on 10.42.1.64 (executor 1) (41/50)
26/05/18 15:42:33 INFO TaskSetManager: Starting task 35.0 in stage 14.0 (TID 216) (10.42.1.64,executor 1, partition 35, PROCESS_LOCAL, 9639 bytes) 
26/05/18 15:42:33 INFO TaskSetManager: Finished task 34.0 in stage 14.0 (TID 215) in 25 ms on 10.42.1.64 (executor 1) (42/50)
26/05/18 15:42:33 INFO TaskSetManager: Starting task 36.0 in stage 14.0 (TID 217) (10.42.1.64,executor 1, partition 36, PROCESS_LOCAL, 9639 bytes) 
26/05/18 15:42:33 INFO TaskSetManager: Finished task 35.0 in stage 14.0 (TID 216) in 66 ms on 10.42.1.64 (executor 1) (43/50)
26/05/18 15:42:33 INFO TaskSetManager: Starting task 37.0 in stage 14.0 (TID 218) (10.42.1.64,executor 1, partition 37, PROCESS_LOCAL, 9639 bytes) 
26/05/18 15:42:33 INFO TaskSetManager: Finished task 36.0 in stage 14.0 (TID 217) in 24 ms on 10.42.1.64 (executor 1) (44/50)
26/05/18 15:42:33 INFO TaskSetManager: Starting task 38.0 in stage 14.0 (TID 219) (10.42.1.64,executor 1, partition 38, PROCESS_LOCAL, 9639 bytes) 
26/05/18 15:42:33 INFO TaskSetManager: Finished task 37.0 in stage 14.0 (TID 218) in 24 ms on 10.42.1.64 (executor 1) (45/50)
26/05/18 15:42:33 INFO TaskSetManager: Starting task 39.0 in stage 14.0 (TID 220) (10.42.1.64,executor 1, partition 39, PROCESS_LOCAL, 9639 bytes) 
26/05/18 15:42:33 INFO TaskSetManager: Finished task 38.0 in stage 14.0 (TID 219) in 24 ms on 10.42.1.64 (executor 1) (46/50)
26/05/18 15:42:33 INFO TaskSetManager: Starting task 41.0 in stage 14.0 (TID 221) (10.42.1.64,executor 1, partition 41, PROCESS_LOCAL, 9639 bytes) 
26/05/18 15:42:33 INFO TaskSetManager: Finished task 39.0 in stage 14.0 (TID 220) in 34 ms on 10.42.1.64 (executor 1) (47/50)
26/05/18 15:42:33 INFO TaskSetManager: Starting task 46.0 in stage 14.0 (TID 222) (10.42.1.64,executor 1, partition 46, PROCESS_LOCAL, 9639 bytes) 
26/05/18 15:42:33 INFO TaskSetManager: Finished task 41.0 in stage 14.0 (TID 221) in 24 ms on 10.42.1.64 (executor 1) (48/50)
26/05/18 15:42:33 INFO TaskSetManager: Starting task 47.0 in stage 14.0 (TID 223) (10.42.1.64,executor 1, partition 47, PROCESS_LOCAL, 9639 bytes) 
26/05/18 15:42:33 INFO TaskSetManager: Finished task 46.0 in stage 14.0 (TID 222) in 59 ms on 10.42.1.64 (executor 1) (49/50)
26/05/18 15:42:33 INFO TaskSetManager: Finished task 47.0 in stage 14.0 (TID 223) in 23 ms on 10.42.1.64 (executor 1) (50/50)
26/05/18 15:42:33 INFO TaskSchedulerImpl: Removed TaskSet 14.0 whose tasks have all completed, from pool 
26/05/18 15:42:33 INFO DAGScheduler: ShuffleMapStage 14 (start at NativeMethodAccessorImpl.java:0) finished in 2111 ms
26/05/18 15:42:33 INFO DAGScheduler: looking for newly runnable stages
26/05/18 15:42:33 INFO DAGScheduler: running: HashSet()
26/05/18 15:42:33 INFO DAGScheduler: waiting: HashSet(ResultStage 15)
26/05/18 15:42:33 INFO DAGScheduler: failed: HashSet()
26/05/18 15:42:33 INFO DAGScheduler: Submitting ResultStage 15 (MapPartitionsRDD[83] at start at NativeMethodAccessorImpl.java:0), which has no missing parents
26/05/18 15:42:33 INFO MemoryStore: Block broadcast_23 stored as values in memory (estimated size 528.8 KiB, free 432.5 MiB)
26/05/18 15:42:33 INFO MemoryStore: Block broadcast_23_piece0 stored as bytes in memory (estimated size 121.2 KiB, free 432.4 MiB)
26/05/18 15:42:33 INFO SparkContext: Created broadcast 23 from broadcast at DAGScheduler.scala:1676
26/05/18 15:42:33 INFO DAGScheduler: Submitting 1 missing tasks from ResultStage 15 (MapPartitionsRDD[83] at start at NativeMethodAccessorImpl.java:0) (first 15 tasks are for partitions Vector(0))
26/05/18 15:42:33 INFO TaskSchedulerImpl: Adding task set 15.0 with 1 tasks resource profile 0
26/05/18 15:42:33 INFO TaskSetManager: Starting task 0.0 in stage 15.0 (TID 224) (10.42.1.64,executor 1, partition 0, NODE_LOCAL, 9650 bytes) 
26/05/18 15:42:33 INFO MapOutputTrackerMasterEndpoint: Asked to send map output locations for shuffle 7 to 10.42.1.64:59476
26/05/18 15:42:33 INFO TaskSetManager: Finished task 0.0 in stage 15.0 (TID 224) in 23 ms on 10.42.1.64 (executor 1) (1/1)
26/05/18 15:42:33 INFO TaskSchedulerImpl: Removed TaskSet 15.0 whose tasks have all completed, from pool 
26/05/18 15:42:33 INFO DAGScheduler: ResultStage 15 (start at NativeMethodAccessorImpl.java:0) finished in 31 ms
26/05/18 15:42:33 INFO DAGScheduler: Job 8 is finished. Cancelling potential speculative or zombie tasks for this job
26/05/18 15:42:33 INFO TaskSchedulerImpl: Canceling stage 15
26/05/18 15:42:33 INFO TaskSchedulerImpl: Killing all running tasks in stage 15: Stage finished
26/05/18 15:42:33 INFO DAGScheduler: Job 8 finished: start at NativeMethodAccessorImpl.java:0, took 2340.020154 ms
26/05/18 15:42:33 INFO Snapshot: DELTA: Done
26/05/18 15:42:33 INFO ParquetUtils: Using default output committer for Parquet: org.apache.parquet.hadoop.ParquetOutputCommitter
26/05/18 15:42:33 INFO KafkaOffsetReaderAdmin: Partitions added: Map()
26/05/18 15:42:33 INFO SparkContext: Starting job: start at NativeMethodAccessorImpl.java:0
26/05/18 15:42:33 INFO DAGScheduler: Got job 9 (start at NativeMethodAccessorImpl.java:0) with 1 output partitions
26/05/18 15:42:33 INFO DAGScheduler: Final stage: ResultStage 16 (start at NativeMethodAccessorImpl.java:0)
26/05/18 15:42:33 INFO DAGScheduler: Parents of final stage: List()
26/05/18 15:42:33 INFO DAGScheduler: Missing parents: List()
26/05/18 15:42:33 INFO DAGScheduler: Submitting ResultStage 16 (MapPartitionsRDD[86] at start at NativeMethodAccessorImpl.java:0), which has no missing parents
26/05/18 15:42:33 INFO MemoryStore: Block broadcast_24 stored as values in memory (estimated size 429.0 KiB, free 431.9 MiB)
26/05/18 15:42:33 INFO MemoryStore: Block broadcast_24_piece0 stored as bytes in memory (estimated size 149.0 KiB, free 431.8 MiB)
26/05/18 15:42:33 INFO SparkContext: Created broadcast 24 from broadcast at DAGScheduler.scala:1676
26/05/18 15:42:33 INFO DAGScheduler: Submitting 1 missing tasks from ResultStage 16 (MapPartitionsRDD[86] at start at NativeMethodAccessorImpl.java:0) (first 15 tasks are for partitions Vector(0))
26/05/18 15:42:33 INFO TaskSchedulerImpl: Adding task set 16.0 with 1 tasks resource profile 0
26/05/18 15:42:33 INFO TaskSetManager: Starting task 0.0 in stage 16.0 (TID 225) (10.42.1.64,executor 1, partition 0, PROCESS_LOCAL, 10863 bytes) 
26/05/18 15:42:34 INFO TaskSetManager: Finished task 0.0 in stage 16.0 (TID 225) in 576 ms on 10.42.1.64 (executor 1) (1/1)
26/05/18 15:42:34 INFO TaskSchedulerImpl: Removed TaskSet 16.0 whose tasks have all completed, from pool 
26/05/18 15:42:34 INFO DAGScheduler: ResultStage 16 (start at NativeMethodAccessorImpl.java:0) finished in 610 ms
26/05/18 15:42:34 INFO DAGScheduler: Job 9 is finished. Cancelling potential speculative or zombie tasks for this job
26/05/18 15:42:34 INFO TaskSchedulerImpl: Canceling stage 16
26/05/18 15:42:34 INFO TaskSchedulerImpl: Killing all running tasks in stage 16: Stage finished
26/05/18 15:42:34 INFO DAGScheduler: Job 9 finished: start at NativeMethodAccessorImpl.java:0, took 612.144993 ms
26/05/18 15:42:34 INFO DeltaFileFormatWriter: Start to commit write Job 3d7eeb48-73e6-4d2c-abf8-d408c42e7e26.
26/05/18 15:42:34 INFO DeltaFileFormatWriter: Write Job 3d7eeb48-73e6-4d2c-abf8-d408c42e7e26 committed. Elapsed time: 0 ms.
26/05/18 15:42:34 INFO DeltaFileFormatWriter: Finished processing stats for write job 3d7eeb48-73e6-4d2c-abf8-d408c42e7e26.
26/05/18 15:42:34 INFO DeltaSink: Wrote 1 files, with total size 5325, 1 logical records, duration=824 ms.
26/05/18 15:42:34 INFO OptimisticTransaction: [tableId=e54c2914,txnId=a781ccdf] Attempting to commit version 4 with 3 actions with Serializable isolation level
26/05/18 15:42:34 INFO OptimisticTransaction: Incremental commit: starting with snapshot version 3
26/05/18 15:42:34 INFO DeltaLog: Creating a new snapshot v4 for commit version 4
26/05/18 15:42:34 INFO DeltaLog: Loading version 4.
26/05/18 15:42:34 INFO Snapshot: [tableId=e54c2914-4281-4b97-a14f-d4cd8e512b01] Created snapshot Snapshot(path=s3a://lakehouse/benchmark/bronze/20260518T154052Z/low/started/_delta_log, version=4, metadata=Metadata(e54c2914-4281-4b97-a14f-d4cd8e512b01,null,null,Format(parquet,Map()),{"type":"struct","fields":[{"name":"event_id","type":"string","nullable":true,"metadata":{}},{"name":"event_type","type":"string","nullable":true,"metadata":{}},{"name":"schema_version","type":"string","nullable":true,"metadata":{}},{"name":"trip_id","type":"string","nullable":true,"metadata":{}},{"name":"source_file","type":"string","nullable":true,"metadata":{}},{"name":"ingest_mode","type":"string","nullable":true,"metadata":{}},{"name":"ingest_timestamp","type":"timestamp","nullable":true,"metadata":{}},{"name":"event_time","type":"timestamp","nullable":true,"metadata":{}},{"name":"trip_date","type":"string","nullable":true,"metadata":{}},{"name":"vendor_id","type":"integer","nullable":true,"metadata":{}},{"name":"pickup_datetime","type":"timestamp","nullable":true,"metadata":{}},{"name":"passenger_count","type":"long","nullable":true,"metadata":{}},{"name":"pulocation_id","type":"integer","nullable":true,"metadata":{}},{"name":"dolocation_id","type":"integer","nullable":true,"metadata":{}}]},List(),Map(),Some(1779118886752)), logSegment=LogSegment(s3a://lakehouse/benchmark/bronze/20260518T154052Z/low/started/_delta_log,4,ArraySeq(S3AFileStatus{path=s3a://lakehouse/benchmark/bronze/20260518T154052Z/low/started/_delta_log/00000000000000000000.json; isDirectory=false; length=10954; replication=1; blocksize=33554432; modification_time=1779118909098; access_time=0; owner=spark; group=spark; permission=rw-rw-rw-; isSymlink=false; hasAcl=false; isEncrypted=true; isErasureCoded=false} isEmptyDirectory=FALSE eTag="2dc840860c22af6901e80b07ffd4ef78" versionId=null, S3AFileStatus{path=s3a://lakehouse/benchmark/bronze/20260518T154052Z/low/started/_delta_log/00000000000000000001.json; isDirectory=false; length=6534; replication=1; blocksize=33554432; modification_time=1779118933421; access_time=0; owner=spark; group=spark; permission=rw-rw-rw-; isSymlink=false; hasAcl=false; isEncrypted=true; isErasureCoded=false} isEmptyDirectory=FALSE eTag="12e73076721d9b91785d3f2f712039e1" versionId=null, S3AFileStatus{path=s3a://lakehouse/benchmark/bronze/20260518T154052Z/low/started/_delta_log/00000000000000000002.json; isDirectory=false; length=5042; replication=1; blocksize=33554432; modification_time=1779118941417; access_time=0; owner=spark; group=spark; permission=rw-rw-rw-; isSymlink=false; hasAcl=false; isEncrypted=true; isErasureCoded=false} isEmptyDirectory=FALSE eTag="004bb0d2cb529c0cb5ef31cccea13acb" versionId=null, S3AFileStatus{path=s3a://lakehouse/benchmark/bronze/20260518T154052Z/low/started/_delta_log/00000000000000000003.json; isDirectory=false; length=2049; replication=1; blocksize=33554432; modification_time=1779118947493; access_time=0; owner=spark; group=spark; permission=rw-rw-rw-; isSymlink=false; hasAcl=false; isEncrypted=true; isErasureCoded=false} isEmptyDirectory=FALSE eTag="4dde2cedc8395ede38ef68ba9cfeff06" versionId=null, S3AFileStatus{path=s3a://lakehouse/benchmark/bronze/20260518T154052Z/low/started/_delta_log/00000000000000000004.json; isDirectory=false; length=2047; replication=1; blocksize=33554432; modification_time=1779118954000; access_time=0; owner=spark; group=spark; permission=rw-rw-rw-; isSymlink=false; hasAcl=false; isEncrypted=true; isErasureCoded=false} isEmptyDirectory=FALSE eTag="a8d058311c0896a53735c0ae32fc5205" versionId=null),org.apache.spark.sql.delta.EmptyCheckpointProvider$@664c2564,1779118954000), checksumOpt=Some(VersionChecksum(Some(a781ccdf-1d8a-40b3-a785-c39cf42c3959),133363,15,None,None,1,1,None,Some(List(SetTransaction(4c71fffa-098f-430a-acdb-8cf33542b27e,4,Some(1779118954275)))),Some(List()),Metadata(e54c2914-4281-4b97-a14f-d4cd8e512b01,null,null,Format(parquet,Map()),{"type":"struct","fields":[{"name":"event_id","type":"string","nullable":true,"metadata":{}},{"name":"event_type","type":"string","nullable":true,"metadata":{}},{"name":"schema_version","type":"string","nullable":true,"metadata":{}},{"name":"trip_id","type":"string","nullable":true,"metadata":{}},{"name":"source_file","type":"string","nullable":true,"metadata":{}},{"name":"ingest_mode","type":"string","nullable":true,"metadata":{}},{"name":"ingest_timestamp","type":"timestamp","nullable":true,"metadata":{}},{"name":"event_time","type":"timestamp","nullable":true,"metadata":{}},{"name":"trip_date","type":"string","nullable":true,"metadata":{}},{"name":"vendor_id","type":"integer","nullable":true,"metadata":{}},{"name":"pickup_datetime","type":"timestamp","nullable":true,"metadata":{}},{"name":"passenger_count","type":"long","nullable":true,"metadata":{}},{"name":"pulocation_id","type":"integer","nullable":true,"metadata":{}},{"name":"dolocation_id","type":"integer","nullable":true,"metadata":{}}]},List(),Map(),Some(1779118886752)),Protocol(1,2),None,None,Some(List(AddFile(part-00005-56447017-32c5-4b7e-b9ab-d59860935c92-c000.snappy.parquet,Map(),13745,1779118908000,false,{"numRecords":58,"minValues":{"event_id":"1455410b53ba26496dd8268d814efb0d","event_type":"trip_started","schema_version":"2.0","trip_id":"055d4dc21a238c32a1173721d4ca04f8","source_file":"yellow_tripdata_2024-09.parquet","ingest_mode":"streaming","ingest_timestamp":"2026-05-18T15:30:33.344Z","event_time":"2024-08-31T23:41:24.000Z","trip_date":"2024-08-31","vendor_id":1,"pickup_datetime":"2024-08-31T23:41:24.000Z","passenger_count":1,"pulocation_id":4,"dolocation_id":13},"maxValues":{"event_id":"fc33a45f23b40ebd214e1bfc68a49bcb","event_type":"trip_started","schema_version":"2.0","trip_id":"fe2349c4e6416804cff94b8f71437d80","source_file":"yellow_tripdata_2024-09.parquet","ingest_mode":"streaming","ingest_timestamp":"2026-05-18T15:39:01.111Z","event_time":"2024-09-01T00:03:38.000Z","trip_date":"2024-09-01","vendor_id":2,"pickup_datetime":"2024-09-01T00:03:38.000Z","passenger_count":5,"pulocation_id":263,"dolocation_id":261},"nullCount":{"event_id":0,"event_type":0,"schema_version":0,"trip_id":0,"source_file":0,"ingest_mode":0,"ingest_timestamp":0,"event_time":0,"trip_date":0,"vendor_id":0,"pickup_datetime":0,"passenger_count":7,"pulocation_id":0,"dolocation_id":0}},null,null,None,None,None), AddFile(part-00000-08aad25c-9cc6-4b91-9c29-ef1ada60ea60-c000.snappy.parquet,Map(),16483,1779118902000,false,{"numRecords":73,"minValues":{"event_id":"0212d8086261a2018cb807d1a4d7a46b","event_type":"trip_started","schema_version":"2.0","trip_id":"031b404c98f442710d2269c0a06824fd","source_file":"yellow_tripdata_2024-09.parquet","ingest_mode":"streaming","ingest_timestamp":"2026-05-18T15:30:18.343Z","event_time":"2024-08-31T23:16:36.000Z","trip_date":"2024-08-31","vendor_id":1,"pickup_datetime":"2024-08-31T23:16:36.000Z","passenger_count":1,"pulocation_id":41,"dolocation_id":15},"maxValues":{"event_id":"febc668d372ab0492f5c4e7165b45be2","event_type":"trip_started","schema_version":"2.0","trip_id":"f8cfd09088ab01f1042a890d127bfcca","source_file":"yellow_tripdata_2024-09.parquet","ingest_mode":"streaming","ingest_timestamp":"2026-05-18T15:41:12.372Z","event_time":"2024-09-01T00:03:44.000Z","trip_date":"2024-09-01","vendor_id":2,"pickup_datetime":"2024-09-01T00:03:44.000Z","passenger_count":5,"pulocation_id":249,"dolocation_id":265},"nullCount":{"event_id":0,"event_type":0,"schema_version":0,"trip_id":0,"source_file":0,"ingest_mode":0,"ingest_timestamp":0,"event_time":0,"trip_date":0,"vendor_id":0,"pickup_datetime":0,"passenger_count":7,"pulocation_id":0,"dolocation_id":0}},null,null,None,None,None), AddFile(part-00000-04a2f022-e88e-4fb8-842d-03ac20cee535-c000.snappy.parquet,Map(),5324,1779118947000,false,{"numRecords":1,"minValues":{"event_id":"52352c98a72028429aa0529967846b38","event_type":"trip_started","schema_version":"2.0","trip_id":"d5f457d09a3953154558bb47240e0cb4","source_file":"yellow_tripdata_2024-09.parquet","ingest_mode":"streaming","ingest_timestamp":"2026-05-18T15:42:17.777Z","event_time":"2024-08-31T23:55:17.000Z","trip_date":"2024-08-31","vendor_id":2,"pickup_datetime":"2024-08-31T23:55:17.000Z","passenger_count":5,"pulocation_id":93,"dolocation_id":141},"maxValues":{"event_id":"52352c98a72028429aa0529967846b38","event_type":"trip_started","schema_version":"2.0","trip_id":"d5f457d09a3953154558bb47240e0cb4","source_file":"yellow_tripdata_2024-09.parquet","ingest_mode":"streaming","ingest_timestamp":"2026-05-18T15:42:17.777Z","event_time":"2024-08-31T23:55:17.000Z","trip_date":"2024-08-31","vendor_id":2,"pickup_datetime":"2024-08-31T23:55:17.000Z","passenger_count":5,"pulocation_id":93,"dolocation_id":141},"nullCount":{"event_id":0,"event_type":0,"schema_version":0,"trip_id":0,"source_file":0,"ingest_mode":0,"ingest_timestamp":0,"event_time":0,"trip_date":0,"vendor_id":0,"pickup_datetime":0,"passenger_count":0,"pulocation_id":0,"dolocation_id":0}},null,null,None,None,None), AddFile(part-00002-204c9462-febd-4a6e-9fc5-d2cff48b0fab-c000.snappy.parquet,Map(),5290,1779118941000,false,{"numRecords":2,"minValues":{"event_id":"7094784f7b964147a344562f3c700452","event_type":"trip_started","schema_version":"2.0","trip_id":"49abd9d6c1136369978e031c3defd4dd","source_file":"yellow_tripdata_2024-09.parquet","ingest_mode":"streaming","ingest_timestamp":"2026-05-18T15:42:09.576Z","event_time":"2024-08-31T23:54:28.000Z","trip_date":"2024-08-31","vendor_id":2,"pickup_datetime":"2024-08-31T23:54:28.000Z","passenger_count":1,"pulocation_id":138,"dolocation_id":129},"maxValues":{"event_id":"a33916c25654965d32f61be210f37d0f","event_type":"trip_started","schema_version":"2.0","trip_id":"87e7c11c9799f63c59e672e1b144842e","source_file":"yellow_tripdata_2024-09.parquet","ingest_mode":"streaming","ingest_timestamp":"2026-05-18T15:42:11.576Z","event_time":"2024-08-31T23:54:38.000Z","trip_date":"2024-08-31","vendor_id":2,"pickup_datetime":"2024-08-31T23:54:38.000Z","passenger_count":2,"pulocation_id":230,"dolocation_id":162},"nullCount":{"event_id":0,"event_type":0,"schema_version":0,"trip_id":0,"source_file":0,"ingest_mode":0,"ingest_timestamp":0,"event_time":0,"trip_date":0,"vendor_id":0,"pickup_datetime":0,"passenger_count":0,"pulocation_id":0,"dolocation_id":0}},null,null,None,None,None), AddFile(part-00000-beaa7485-6c72-4622-b407-4ad4b6e10b2e-c000.snappy.parquet,Map(),5325,1779118954000,false,{"numRecords":1,"minValues":{"event_id":"654539c39ceb4cbe902edee99605921c","event_type":"trip_started","schema_version":"2.0","trip_id":"696e7f1d0beb89f1c18c5da6c65ad872","source_file":"yellow_tripdata_2024-09.parquet","ingest_mode":"streaming","ingest_timestamp":"2026-05-18T15:42:22.777Z","event_time":"2024-08-31T23:56:31.000Z","trip_date":"2024-08-31","vendor_id":2,"pickup_datetime":"2024-08-31T23:56:31.000Z","passenger_count":2,"pulocation_id":170,"dolocation_id":7},"maxValues":{"event_id":"654539c39ceb4cbe902edee99605921c","event_type":"trip_started","schema_version":"2.0","trip_id":"696e7f1d0beb89f1c18c5da6c65ad872","source_file":"yellow_tripdata_2024-09.parquet","ingest_mode":"streaming","ingest_timestamp":"2026-05-18T15:42:22.777Z","event_time":"2024-08-31T23:56:31.000Z","trip_date":"2024-08-31","vendor_id":2,"pickup_datetime":"2024-08-31T23:56:31.000Z","passenger_count":2,"pulocation_id":170,"dolocation_id":7},"nullCount":{"event_id":0,"event_type":0,"schema_version":0,"trip_id":0,"source_file":0,"ingest_mode":0,"ingest_timestamp":0,"event_time":0,"trip_date":0,"vendor_id":0,"pickup_datetime":0,"passenger_count":0,"pulocation_id":0,"dolocation_id":0}},null,null,None,None,None), AddFile(part-00000-ac8a9b1d-58d7-4719-9e76-5f8fbe428c56-c000.snappy.parquet,Map(),5289,1779118932000,false,{"numRecords":2,"minValues":{"event_id":"0e42e0a8ff68c0593e5f62fe564cc867","event_type":"trip_started","schema_version":"2.0","trip_id":"74cc4dc0356999a5051ffc06fe590ba0","source_file":"yellow_tripdata_2024-09.parquet","ingest_mode":"streaming","ingest_timestamp":"2026-05-18T15:41:32.373Z","event_time":"2024-08-31T23:45:56.000Z","trip_date":"2024-08-31","vendor_id":2,"pickup_datetime":"2024-08-31T23:45:56.000Z","passenger_count":1,"pulocation_id":24,"dolocation_id":24},"maxValues":{"event_id":"20f272b57abcb77396229a1f4f79d2a6","event_type":"trip_started","schema_version":"2.0","trip_id":"7e4582c034b9714ccbb8b7972ee7452a","source_file":"yellow_tripdata_2024-09.parquet","ingest_mode":"streaming","ingest_timestamp":"2026-05-18T15:41:40.774Z","event_time":"2024-08-31T23:47:06.000Z","trip_date":"2024-08-31","vendor_id":2,"pickup_datetime":"2024-08-31T23:47:06.000Z","passenger_count":6,"pulocation_id":142,"dolocation_id":162},"nullCount":{"event_id":0,"event_type":0,"schema_version":0,"trip_id":0,"source_file":0,"ingest_mode":0,"ingest_timestamp":0,"event_time":0,"trip_date":0,"vendor_id":0,"pickup_datetime":0,"passenger_count":0,"pulocation_id":0,"dolocation_id":0}},null,null,None,None,None), AddFile(part-00001-3e08f1a9-004f-4148-96c2-ce39df27dafa-c000.snappy.parquet,Map(),5324,1779118932000,false,{"numRecords":1,"minValues":{"event_id":"49fd4523f0edf3af6db90b980f85b44b","event_type":"trip_started","schema_version":"2.0","trip_id":"a81a5f72bed880eb1011e846ec08a7b3","source_file":"yellow_tripdata_2024-09.parquet","ingest_mode":"streaming","ingest_timestamp":"2026-05-18T15:41:32.373Z","event_time":"2024-08-31T23:45:56.000Z","trip_date":"2024-08-31","vendor_id":2,"pickup_datetime":"2024-08-31T23:45:56.000Z","passenger_count":1,"pulocation_id":24,"dolocation_id":24},"maxValues":{"event_id":"49fd4523f0edf3af6db90b980f85b44b","event_type":"trip_started","schema_version":"2.0","trip_id":"a81a5f72bed880eb1011e846ec08a7b3","source_file":"yellow_tripdata_2024-09.parquet","ingest_mode":"streaming","ingest_timestamp":"2026-05-18T15:41:32.373Z","event_time":"2024-08-31T23:45:56.000Z","trip_date":"2024-08-31","vendor_id":2,"pickup_datetime":"2024-08-31T23:45:56.000Z","passenger_count":1,"pulocation_id":24,"dolocation_id":24},"nullCount":{"event_id":0,"event_type":0,"schema_version":0,"trip_id":0,"source_file":0,"ingest_mode":0,"ingest_timestamp":0,"event_time":0,"trip_date":0,"vendor_id":0,"pickup_datetime":0,"passenger_count":0,"pulocation_id":0,"dolocation_id":0}},null,null,None,None,None), AddFile(part-00002-d9b3fdfd-9a1c-4ba7-bce8-809853fb9b08-c000.snappy.parquet,Map(),5325,1779118933000,false,{"numRecords":1,"minValues":{"event_id":"c2b354f6093db075096dd7d6cd094124","event_type":"trip_started","schema_version":"2.0","trip_id":"2e493edb13c1adcaf6af648c66c05d11","source_file":"yellow_tripdata_2024-09.parquet","ingest_mode":"streaming","ingest_timestamp":"2026-05-18T15:41:49.575Z","event_time":"2024-08-31T23:48:15.000Z","trip_date":"2024-08-31","vendor_id":2,"pickup_datetime":"2024-08-31T23:48:15.000Z","passenger_count":1,"pulocation_id":87,"dolocation_id":232},"maxValues":{"event_id":"c2b354f6093db075096dd7d6cd094124","event_type":"trip_started","schema_version":"2.0","trip_id":"2e493edb13c1adcaf6af648c66c05d11","source_file":"yellow_tripdata_2024-09.parquet","ingest_mode":"streaming","ingest_timestamp":"2026-05-18T15:41:49.575Z","event_time":"2024-08-31T23:48:15.000Z","trip_date":"2024-08-31","vendor_id":2,"pickup_datetime":"2024-08-31T23:48:15.000Z","passenger_count":1,"pulocation_id":87,"dolocation_id":232},"nullCount":{"event_id":0,"event_type":0,"schema_version":0,"trip_id":0,"source_file":0,"ingest_mode":0,"ingest_timestamp":0,"event_time":0,"trip_date":0,"vendor_id":0,"pickup_datetime":0,"passenger_count":0,"pulocation_id":0,"dolocation_id":0}},null,null,None,None,None), AddFile(part-00002-d9b630b8-3fe6-47f4-bef5-e312d5875278-c000.snappy.parquet,Map(),15373,1779118905000,false,{"numRecords":67,"minValues":{"event_id":"011a460cb5a25c4ee561b11bfa14604d","event_type":"trip_started","schema_version":"2.0","trip_id":"02a39a8e328190af69190a907699ab05","source_file":"yellow_tripdata_2024-09.parquet","ingest_mode":"streaming","ingest_timestamp":"2026-05-18T15:30:23.343Z","event_time":"2024-08-31T23:31:22.000Z","trip_date":"2024-08-31","vendor_id":1,"pickup_datetime":"2024-08-31T23:31:22.000Z","passenger_count":0,"pulocation_id":24,"dolocation_id":7},"maxValues":{"event_id":"fb8fb0226b979d486aa1fe15bcadfd02","event_type":"trip_started","schema_version":"2.0","trip_id":"ff8ff4056149324b8cb6441936211b7a","source_file":"yellow_tripdata_2024-09.parquet","ingest_mode":"streaming","ingest_timestamp":"2026-05-18T15:41:17.372Z","event_time":"2024-09-01T00:03:44.000Z","trip_date":"2024-09-01","vendor_id":2,"pickup_datetime":"2024-09-01T00:03:44.000Z","passenger_count":6,"pulocation_id":265,"dolocation_id":265},"nullCount":{"event_id":0,"event_type":0,"schema_version":0,"trip_id":0,"source_file":0,"ingest_mode":0,"ingest_timestamp":0,"event_time":0,"trip_date":0,"vendor_id":0,"pickup_datetime":0,"passenger_count":7,"pulocation_id":0,"dolocation_id":0}},null,null,None,None,None), AddFile(part-00001-25597aa3-37ba-4ada-a57e-d65085251b3f-c000.snappy.parquet,Map(),10884,1779118904000,false,{"numRecords":36,"minValues":{"event_id":"00bb01354109838b627c857eebe80dc2","event_type":"trip_started","schema_version":"2.0","trip_id":"0151b1434bda3c8918caec4e7800368d","source_file":"yellow_tripdata_2024-09.parquet","ingest_mode":"streaming","ingest_timestamp":"2026-05-18T15:31:05.546Z","event_time":"2024-08-31T23:49:47.000Z","trip_date":"2024-08-31","vendor_id":1,"pickup_datetime":"2024-08-31T23:49:47.000Z","passenger_count":0,"pulocation_id":68,"dolocation_id":45},"maxValues":{"event_id":"fc777a5f3c65c6d093b9336703c5e846","event_type":"trip_started","schema_version":"2.0","trip_id":"febc1b1d83b45aebc128b44d8bf1e48d","source_file":"yellow_tripdata_2024-09.parquet","ingest_mode":"streaming","ingest_timestamp":"2026-05-18T15:38:55.109Z","event_time":"2024-09-01T00:03:32.000Z","trip_date":"2024-09-01","vendor_id":2,"pickup_datetime":"2024-09-01T00:03:32.000Z","passenger_count":5,"pulocation_id":263,"dolocation_id":265},"nullCount":{"event_id":0,"event_type":0,"schema_version":0,"trip_id":0,"source_file":0,"ingest_mode":0,"ingest_timestamp":0,"event_time":0,"trip_date":0,"vendor_id":0,"pickup_datetime":0,"passenger_count":3,"pulocation_id":0,"dolocation_id":0}},null,null,None,None,None), AddFile(part-00000-354a8d2e-7fe2-4583-a46c-fa6563c44f3f-c000.snappy.parquet,Map(),5314,1779118940000,false,{"numRecords":2,"minValues":{"event_id":"14702b58b8c37db8b2b50034899fc9c7","event_type":"trip_started","schema_version":"2.0","trip_id":"2c7293107d5369aafe0b0f664a64c1e4","source_file":"yellow_tripdata_2024-09.parquet","ingest_mode":"streaming","ingest_timestamp":"2026-05-18T15:42:04.576Z","event_time":"2024-08-31T23:53:06.000Z","trip_date":"2024-08-31","vendor_id":2,"pickup_datetime":"2024-08-31T23:53:06.000Z","passenger_count":1,"pulocation_id":48,"dolocation_id":48},"maxValues":{"event_id":"53de4f6d29a18ae8c5ee21ff0b51e6dd","event_type":"trip_started","schema_version":"2.0","trip_id":"2c83a9caa91b8b0fc7bb449a3e93bc05","source_file":"yellow_tripdata_2024-09.parquet","ingest_mode":"streaming","ingest_timestamp":"2026-05-18T15:42:12.777Z","event_time":"2024-08-31T23:54:44.000Z","trip_date":"2024-08-31","vendor_id":2,"pickup_datetime":"2024-08-31T23:54:44.000Z","passenger_count":1,"pulocation_id":231,"dolocation_id":231},"nullCount":{"event_id":0,"event_type":0,"schema_version":0,"trip_id":0,"source_file":0,"ingest_mode":0,"ingest_timestamp":0,"event_time":0,"trip_date":0,"vendor_id":0,"pickup_datetime":0,"passenger_count":0,"pulocation_id":0,"dolocation_id":0}},null,null,None,None,None), AddFile(part-00003-40e0630d-6fe9-4e39-9602-a33736b745ca-c000.snappy.parquet,Map(),5316,1779118933000,false,{"numRecords":2,"minValues":{"event_id":"3a11c04f3f86a8a2ed90c5835f8fcb0c","event_type":"trip_started","schema_version":"2.0","trip_id":"5ea4134ac6f17edb7f639fc94f24acac","source_file":"yellow_tripdata_2024-09.parquet","ingest_mode":"streaming","ingest_timestamp":"2026-05-18T15:41:27.373Z","event_time":"2024-08-31T23:41:24.000Z","trip_date":"2024-08-31","vendor_id":2,"pickup_datetime":"2024-08-31T23:41:24.000Z","passenger_count":1,"pulocation_id":100,"dolocation_id":42},"maxValues":{"event_id":"810ea42e4364ec7ab0e87ebf0400ae41","event_type":"trip_started","schema_version":"2.0","trip_id":"72cf0cd11b66424f5d72b72df8a87924","source_file":"yellow_tripdata_2024-09.parquet","ingest_mode":"streaming","ingest_timestamp":"2026-05-18T15:41:44.574Z","event_time":"2024-08-31T23:47:25.000Z","trip_date":"2024-08-31","vendor_id":2,"pickup_datetime":"2024-08-31T23:47:25.000Z","passenger_count":1,"pulocation_id":230,"dolocation_id":100},"nullCount":{"event_id":0,"event_type":0,"schema_version":0,"trip_id":0,"source_file":0,"ingest_mode":0,"ingest_timestamp":0,"event_time":0,"trip_date":0,"vendor_id":0,"pickup_datetime":0,"passenger_count":0,"pulocation_id":0,"dolocation_id":0}},null,null,None,None,None), AddFile(part-00004-bf95d00f-7224-4d19-8506-bb804d74ba69-c000.snappy.parquet,Map(),16203,1779118907000,false,{"numRecords":67,"minValues":{"event_id":"00f4412c4abb87a7edb991f16b8e3872","event_type":"trip_started","schema_version":"2.0","trip_id":"0106a3fdc6d124355ddbc3170eb7fa9d","source_file":"yellow_tripdata_2024-09.parquet","ingest_mode":"streaming","ingest_timestamp":"2026-05-18T15:30:55.546Z","event_time":"2024-08-31T23:48:15.000Z","trip_date":"2024-08-31","vendor_id":1,"pickup_datetime":"2024-08-31T23:48:15.000Z","passenger_count":0,"pulocation_id":41,"dolocation_id":4},"maxValues":{"event_id":"ffa973e5c6626d9b56f1d9367abd3987","event_type":"trip_started","schema_version":"2.0","trip_id":"fc82163fbf256ca3108569d8f7fa673b","source_file":"yellow_tripdata_2024-09.parquet","ingest_mode":"streaming","ingest_timestamp":"2026-05-18T15:39:10.112Z","event_time":"2024-09-01T00:03:47.000Z","trip_date":"2024-09-01","vendor_id":2,"pickup_datetime":"2024-09-01T00:03:47.000Z","passenger_count":5,"pulocation_id":255,"dolocation_id":263},"nullCount":{"event_id":0,"event_type":0,"schema_version":0,"trip_id":0,"source_file":0,"ingest_mode":0,"ingest_timestamp":0,"event_time":0,"trip_date":0,"vendor_id":0,"pickup_datetime":0,"passenger_count":12,"pulocation_id":0,"dolocation_id":0}},null,null,None,None,None), AddFile(part-00001-15e62d34-1cb7-4e48-afd5-30601fa3f01e-c000.snappy.parquet,Map(),5325,1779118940000,false,{"numRecords":1,"minValues":{"event_id":"b395c7a81f12a58f58489f623d958178","event_type":"trip_started","schema_version":"2.0","trip_id":"133e7d3180d10215019a7d0e6e3cc052","source_file":"yellow_tripdata_2024-09.parquet","ingest_mode":"streaming","ingest_timestamp":"2026-05-18T15:41:59.575Z","event_time":"2024-08-31T23:49:47.000Z","trip_date":"2024-08-31","vendor_id":2,"pickup_datetime":"2024-08-31T23:49:47.000Z","passenger_count":1,"pulocation_id":79,"dolocation_id":211},"maxValues":{"event_id":"b395c7a81f12a58f58489f623d958178","event_type":"trip_started","schema_version":"2.0","trip_id":"133e7d3180d10215019a7d0e6e3cc052","source_file":"yellow_tripdata_2024-09.parquet","ingest_mode":"streaming","ingest_timestamp":"2026-05-18T15:41:59.575Z","event_time":"2024-08-31T23:49:47.000Z","trip_date":"2024-08-31","vendor_id":2,"pickup_datetime":"2024-08-31T23:49:47.000Z","passenger_count":1,"pulocation_id":79,"dolocation_id":211},"nullCount":{"event_id":0,"event_type":0,"schema_version":0,"trip_id":0,"source_file":0,"ingest_mode":0,"ingest_timestamp":0,"event_time":0,"trip_date":0,"vendor_id":0,"pickup_datetime":0,"passenger_count":0,"pulocation_id":0,"dolocation_id":0}},null,null,None,None,None), AddFile(part-00003-b1b9f1d7-6ad3-4d3d-9129-31eff2c0ca88-c000.snappy.parquet,Map(),12843,1779118906000,false,{"numRecords":51,"minValues":{"event_id":"033a945818d220fae8d0f5ea06aade55","event_type":"trip_started","schema_version":"2.0","trip_id":"007211974f070e6081d820f78a892116","source_file":"yellow_tripdata_2024-09.parquet","ingest_mode":"streaming","ingest_timestamp":"2026-05-18T15:30:08.336Z","event_time":"2024-08-31T22:27:55.000Z","trip_date":"2024-08-31","vendor_id":1,"pickup_datetime":"2024-08-31T22:27:55.000Z","passenger_count":0,"pulocation_id":24,"dolocation_id":7},"maxValues":{"event_id":"f914c4bf2487bb514676e80f0e515e30","event_type":"trip_started","schema_version":"2.0","trip_id":"fd8556cf3a0c0a61eb48a4f6e35a55b5","source_file":"yellow_tripdata_2024-09.parquet","ingest_mode":"streaming","ingest_timestamp":"2026-05-18T15:41:02.366Z","event_time":"2024-09-01T00:03:39.000Z","trip_date":"2024-09-01","vendor_id":2,"pickup_datetime":"2024-09-01T00:03:39.000Z","passenger_count":5,"pulocation_id":249,"dolocation_id":265},"nullCount":{"event_id":0,"event_type":0,"schema_version":0,"trip_id":0,"source_file":0,"ingest_mode":0,"ingest_timestamp":0,"event_time":0,"trip_date":0,"vendor_id":0,"pickup_datetime":0,"passenger_count":11,"pulocation_id":0,"dolocation_id":0}},null,null,None,None,None))))))
26/05/18 15:42:34 INFO DeltaLog: Updated snapshot to Snapshot(path=s3a://lakehouse/benchmark/bronze/20260518T154052Z/low/started/_delta_log, version=4, metadata=Metadata(e54c2914-4281-4b97-a14f-d4cd8e512b01,null,null,Format(parquet,Map()),{"type":"struct","fields":[{"name":"event_id","type":"string","nullable":true,"metadata":{}},{"name":"event_type","type":"string","nullable":true,"metadata":{}},{"name":"schema_version","type":"string","nullable":true,"metadata":{}},{"name":"trip_id","type":"string","nullable":true,"metadata":{}},{"name":"source_file","type":"string","nullable":true,"metadata":{}},{"name":"ingest_mode","type":"string","nullable":true,"metadata":{}},{"name":"ingest_timestamp","type":"timestamp","nullable":true,"metadata":{}},{"name":"event_time","type":"timestamp","nullable":true,"metadata":{}},{"name":"trip_date","type":"string","nullable":true,"metadata":{}},{"name":"vendor_id","type":"integer","nullable":true,"metadata":{}},{"name":"pickup_datetime","type":"timestamp","nullable":true,"metadata":{}},{"name":"passenger_count","type":"long","nullable":true,"metadata":{}},{"name":"pulocation_id","type":"integer","nullable":true,"metadata":{}},{"name":"dolocation_id","type":"integer","nullable":true,"metadata":{}}]},List(),Map(),Some(1779118886752)), logSegment=LogSegment(s3a://lakehouse/benchmark/bronze/20260518T154052Z/low/started/_delta_log,4,ArraySeq(S3AFileStatus{path=s3a://lakehouse/benchmark/bronze/20260518T154052Z/low/started/_delta_log/00000000000000000000.json; isDirectory=false; length=10954; replication=1; blocksize=33554432; modification_time=1779118909098; access_time=0; owner=spark; group=spark; permission=rw-rw-rw-; isSymlink=false; hasAcl=false; isEncrypted=true; isErasureCoded=false} isEmptyDirectory=FALSE eTag="2dc840860c22af6901e80b07ffd4ef78" versionId=null, S3AFileStatus{path=s3a://lakehouse/benchmark/bronze/20260518T154052Z/low/started/_delta_log/00000000000000000001.json; isDirectory=false; length=6534; replication=1; blocksize=33554432; modification_time=1779118933421; access_time=0; owner=spark; group=spark; permission=rw-rw-rw-; isSymlink=false; hasAcl=false; isEncrypted=true; isErasureCoded=false} isEmptyDirectory=FALSE eTag="12e73076721d9b91785d3f2f712039e1" versionId=null, S3AFileStatus{path=s3a://lakehouse/benchmark/bronze/20260518T154052Z/low/started/_delta_log/00000000000000000002.json; isDirectory=false; length=5042; replication=1; blocksize=33554432; modification_time=1779118941417; access_time=0; owner=spark; group=spark; permission=rw-rw-rw-; isSymlink=false; hasAcl=false; isEncrypted=true; isErasureCoded=false} isEmptyDirectory=FALSE eTag="004bb0d2cb529c0cb5ef31cccea13acb" versionId=null, S3AFileStatus{path=s3a://lakehouse/benchmark/bronze/20260518T154052Z/low/started/_delta_log/00000000000000000003.json; isDirectory=false; length=2049; replication=1; blocksize=33554432; modification_time=1779118947493; access_time=0; owner=spark; group=spark; permission=rw-rw-rw-; isSymlink=false; hasAcl=false; isEncrypted=true; isErasureCoded=false} isEmptyDirectory=FALSE eTag="4dde2cedc8395ede38ef68ba9cfeff06" versionId=null, S3AFileStatus{path=s3a://lakehouse/benchmark/bronze/20260518T154052Z/low/started/_delta_log/00000000000000000004.json; isDirectory=false; length=2047; replication=1; blocksize=33554432; modification_time=1779118954000; access_time=0; owner=spark; group=spark; permission=rw-rw-rw-; isSymlink=false; hasAcl=false; isEncrypted=true; isErasureCoded=false} isEmptyDirectory=FALSE eTag="a8d058311c0896a53735c0ae32fc5205" versionId=null),org.apache.spark.sql.delta.EmptyCheckpointProvider$@664c2564,1779118954000), checksumOpt=Some(VersionChecksum(Some(a781ccdf-1d8a-40b3-a785-c39cf42c3959),133363,15,None,None,1,1,None,Some(List(SetTransaction(4c71fffa-098f-430a-acdb-8cf33542b27e,4,Some(1779118954275)))),Some(List()),Metadata(e54c2914-4281-4b97-a14f-d4cd8e512b01,null,null,Format(parquet,Map()),{"type":"struct","fields":[{"name":"event_id","type":"string","nullable":true,"metadata":{}},{"name":"event_type","type":"string","nullable":true,"metadata":{}},{"name":"schema_version","type":"string","nullable":true,"metadata":{}},{"name":"trip_id","type":"string","nullable":true,"metadata":{}},{"name":"source_file","type":"string","nullable":true,"metadata":{}},{"name":"ingest_mode","type":"string","nullable":true,"metadata":{}},{"name":"ingest_timestamp","type":"timestamp","nullable":true,"metadata":{}},{"name":"event_time","type":"timestamp","nullable":true,"metadata":{}},{"name":"trip_date","type":"string","nullable":true,"metadata":{}},{"name":"vendor_id","type":"integer","nullable":true,"metadata":{}},{"name":"pickup_datetime","type":"timestamp","nullable":true,"metadata":{}},{"name":"passenger_count","type":"long","nullable":true,"metadata":{}},{"name":"pulocation_id","type":"integer","nullable":true,"metadata":{}},{"name":"dolocation_id","type":"integer","nullable":true,"metadata":{}}]},List(),Map(),Some(1779118886752)),Protocol(1,2),None,None,Some(List(AddFile(part-00005-56447017-32c5-4b7e-b9ab-d59860935c92-c000.snappy.parquet,Map(),13745,1779118908000,false,{"numRecords":58,"minValues":{"event_id":"1455410b53ba26496dd8268d814efb0d","event_type":"trip_started","schema_version":"2.0","trip_id":"055d4dc21a238c32a1173721d4ca04f8","source_file":"yellow_tripdata_2024-09.parquet","ingest_mode":"streaming","ingest_timestamp":"2026-05-18T15:30:33.344Z","event_time":"2024-08-31T23:41:24.000Z","trip_date":"2024-08-31","vendor_id":1,"pickup_datetime":"2024-08-31T23:41:24.000Z","passenger_count":1,"pulocation_id":4,"dolocation_id":13},"maxValues":{"event_id":"fc33a45f23b40ebd214e1bfc68a49bcb","event_type":"trip_started","schema_version":"2.0","trip_id":"fe2349c4e6416804cff94b8f71437d80","source_file":"yellow_tripdata_2024-09.parquet","ingest_mode":"streaming","ingest_timestamp":"2026-05-18T15:39:01.111Z","event_time":"2024-09-01T00:03:38.000Z","trip_date":"2024-09-01","vendor_id":2,"pickup_datetime":"2024-09-01T00:03:38.000Z","passenger_count":5,"pulocation_id":263,"dolocation_id":261},"nullCount":{"event_id":0,"event_type":0,"schema_version":0,"trip_id":0,"source_file":0,"ingest_mode":0,"ingest_timestamp":0,"event_time":0,"trip_date":0,"vendor_id":0,"pickup_datetime":0,"passenger_count":7,"pulocation_id":0,"dolocation_id":0}},null,null,None,None,None), AddFile(part-00000-08aad25c-9cc6-4b91-9c29-ef1ada60ea60-c000.snappy.parquet,Map(),16483,1779118902000,false,{"numRecords":73,"minValues":{"event_id":"0212d8086261a2018cb807d1a4d7a46b","event_type":"trip_started","schema_version":"2.0","trip_id":"031b404c98f442710d2269c0a06824fd","source_file":"yellow_tripdata_2024-09.parquet","ingest_mode":"streaming","ingest_timestamp":"2026-05-18T15:30:18.343Z","event_time":"2024-08-31T23:16:36.000Z","trip_date":"2024-08-31","vendor_id":1,"pickup_datetime":"2024-08-31T23:16:36.000Z","passenger_count":1,"pulocation_id":41,"dolocation_id":15},"maxValues":{"event_id":"febc668d372ab0492f5c4e7165b45be2","event_type":"trip_started","schema_version":"2.0","trip_id":"f8cfd09088ab01f1042a890d127bfcca","source_file":"yellow_tripdata_2024-09.parquet","ingest_mode":"streaming","ingest_timestamp":"2026-05-18T15:41:12.372Z","event_time":"2024-09-01T00:03:44.000Z","trip_date":"2024-09-01","vendor_id":2,"pickup_datetime":"2024-09-01T00:03:44.000Z","passenger_count":5,"pulocation_id":249,"dolocation_id":265},"nullCount":{"event_id":0,"event_type":0,"schema_version":0,"trip_id":0,"source_file":0,"ingest_mode":0,"ingest_timestamp":0,"event_time":0,"trip_date":0,"vendor_id":0,"pickup_datetime":0,"passenger_count":7,"pulocation_id":0,"dolocation_id":0}},null,null,None,None,None), AddFile(part-00000-04a2f022-e88e-4fb8-842d-03ac20cee535-c000.snappy.parquet,Map(),5324,1779118947000,false,{"numRecords":1,"minValues":{"event_id":"52352c98a72028429aa0529967846b38","event_type":"trip_started","schema_version":"2.0","trip_id":"d5f457d09a3953154558bb47240e0cb4","source_file":"yellow_tripdata_2024-09.parquet","ingest_mode":"streaming","ingest_timestamp":"2026-05-18T15:42:17.777Z","event_time":"2024-08-31T23:55:17.000Z","trip_date":"2024-08-31","vendor_id":2,"pickup_datetime":"2024-08-31T23:55:17.000Z","passenger_count":5,"pulocation_id":93,"dolocation_id":141},"maxValues":{"event_id":"52352c98a72028429aa0529967846b38","event_type":"trip_started","schema_version":"2.0","trip_id":"d5f457d09a3953154558bb47240e0cb4","source_file":"yellow_tripdata_2024-09.parquet","ingest_mode":"streaming","ingest_timestamp":"2026-05-18T15:42:17.777Z","event_time":"2024-08-31T23:55:17.000Z","trip_date":"2024-08-31","vendor_id":2,"pickup_datetime":"2024-08-31T23:55:17.000Z","passenger_count":5,"pulocation_id":93,"dolocation_id":141},"nullCount":{"event_id":0,"event_type":0,"schema_version":0,"trip_id":0,"source_file":0,"ingest_mode":0,"ingest_timestamp":0,"event_time":0,"trip_date":0,"vendor_id":0,"pickup_datetime":0,"passenger_count":0,"pulocation_id":0,"dolocation_id":0}},null,null,None,None,None), AddFile(part-00002-204c9462-febd-4a6e-9fc5-d2cff48b0fab-c000.snappy.parquet,Map(),5290,1779118941000,false,{"numRecords":2,"minValues":{"event_id":"7094784f7b964147a344562f3c700452","event_type":"trip_started","schema_version":"2.0","trip_id":"49abd9d6c1136369978e031c3defd4dd","source_file":"yellow_tripdata_2024-09.parquet","ingest_mode":"streaming","ingest_timestamp":"2026-05-18T15:42:09.576Z","event_time":"2024-08-31T23:54:28.000Z","trip_date":"2024-08-31","vendor_id":2,"pickup_datetime":"2024-08-31T23:54:28.000Z","passenger_count":1,"pulocation_id":138,"dolocation_id":129},"maxValues":{"event_id":"a33916c25654965d32f61be210f37d0f","event_type":"trip_started","schema_version":"2.0","trip_id":"87e7c11c9799f63c59e672e1b144842e","source_file":"yellow_tripdata_2024-09.parquet","ingest_mode":"streaming","ingest_timestamp":"2026-05-18T15:42:11.576Z","event_time":"2024-08-31T23:54:38.000Z","trip_date":"2024-08-31","vendor_id":2,"pickup_datetime":"2024-08-31T23:54:38.000Z","passenger_count":2,"pulocation_id":230,"dolocation_id":162},"nullCount":{"event_id":0,"event_type":0,"schema_version":0,"trip_id":0,"source_file":0,"ingest_mode":0,"ingest_timestamp":0,"event_time":0,"trip_date":0,"vendor_id":0,"pickup_datetime":0,"passenger_count":0,"pulocation_id":0,"dolocation_id":0}},null,null,None,None,None), AddFile(part-00000-beaa7485-6c72-4622-b407-4ad4b6e10b2e-c000.snappy.parquet,Map(),5325,1779118954000,false,{"numRecords":1,"minValues":{"event_id":"654539c39ceb4cbe902edee99605921c","event_type":"trip_started","schema_version":"2.0","trip_id":"696e7f1d0beb89f1c18c5da6c65ad872","source_file":"yellow_tripdata_2024-09.parquet","ingest_mode":"streaming","ingest_timestamp":"2026-05-18T15:42:22.777Z","event_time":"2024-08-31T23:56:31.000Z","trip_date":"2024-08-31","vendor_id":2,"pickup_datetime":"2024-08-31T23:56:31.000Z","passenger_count":2,"pulocation_id":170,"dolocation_id":7},"maxValues":{"event_id":"654539c39ceb4cbe902edee99605921c","event_type":"trip_started","schema_version":"2.0","trip_id":"696e7f1d0beb89f1c18c5da6c65ad872","source_file":"yellow_tripdata_2024-09.parquet","ingest_mode":"streaming","ingest_timestamp":"2026-05-18T15:42:22.777Z","event_time":"2024-08-31T23:56:31.000Z","trip_date":"2024-08-31","vendor_id":2,"pickup_datetime":"2024-08-31T23:56:31.000Z","passenger_count":2,"pulocation_id":170,"dolocation_id":7},"nullCount":{"event_id":0,"event_type":0,"schema_version":0,"trip_id":0,"source_file":0,"ingest_mode":0,"ingest_timestamp":0,"event_time":0,"trip_date":0,"vendor_id":0,"pickup_datetime":0,"passenger_count":0,"pulocation_id":0,"dolocation_id":0}},null,null,None,None,None), AddFile(part-00000-ac8a9b1d-58d7-4719-9e76-5f8fbe428c56-c000.snappy.parquet,Map(),5289,1779118932000,false,{"numRecords":2,"minValues":{"event_id":"0e42e0a8ff68c0593e5f62fe564cc867","event_type":"trip_started","schema_version":"2.0","trip_id":"74cc4dc0356999a5051ffc06fe590ba0","source_file":"yellow_tripdata_2024-09.parquet","ingest_mode":"streaming","ingest_timestamp":"2026-05-18T15:41:32.373Z","event_time":"2024-08-31T23:45:56.000Z","trip_date":"2024-08-31","vendor_id":2,"pickup_datetime":"2024-08-31T23:45:56.000Z","passenger_count":1,"pulocation_id":24,"dolocation_id":24},"maxValues":{"event_id":"20f272b57abcb77396229a1f4f79d2a6","event_type":"trip_started","schema_version":"2.0","trip_id":"7e4582c034b9714ccbb8b7972ee7452a","source_file":"yellow_tripdata_2024-09.parquet","ingest_mode":"streaming","ingest_timestamp":"2026-05-18T15:41:40.774Z","event_time":"2024-08-31T23:47:06.000Z","trip_date":"2024-08-31","vendor_id":2,"pickup_datetime":"2024-08-31T23:47:06.000Z","passenger_count":6,"pulocation_id":142,"dolocation_id":162},"nullCount":{"event_id":0,"event_type":0,"schema_version":0,"trip_id":0,"source_file":0,"ingest_mode":0,"ingest_timestamp":0,"event_time":0,"trip_date":0,"vendor_id":0,"pickup_datetime":0,"passenger_count":0,"pulocation_id":0,"dolocation_id":0}},null,null,None,None,None), AddFile(part-00001-3e08f1a9-004f-4148-96c2-ce39df27dafa-c000.snappy.parquet,Map(),5324,1779118932000,false,{"numRecords":1,"minValues":{"event_id":"49fd4523f0edf3af6db90b980f85b44b","event_type":"trip_started","schema_version":"2.0","trip_id":"a81a5f72bed880eb1011e846ec08a7b3","source_file":"yellow_tripdata_2024-09.parquet","ingest_mode":"streaming","ingest_timestamp":"2026-05-18T15:41:32.373Z","event_time":"2024-08-31T23:45:56.000Z","trip_date":"2024-08-31","vendor_id":2,"pickup_datetime":"2024-08-31T23:45:56.000Z","passenger_count":1,"pulocation_id":24,"dolocation_id":24},"maxValues":{"event_id":"49fd4523f0edf3af6db90b980f85b44b","event_type":"trip_started","schema_version":"2.0","trip_id":"a81a5f72bed880eb1011e846ec08a7b3","source_file":"yellow_tripdata_2024-09.parquet","ingest_mode":"streaming","ingest_timestamp":"2026-05-18T15:41:32.373Z","event_time":"2024-08-31T23:45:56.000Z","trip_date":"2024-08-31","vendor_id":2,"pickup_datetime":"2024-08-31T23:45:56.000Z","passenger_count":1,"pulocation_id":24,"dolocation_id":24},"nullCount":{"event_id":0,"event_type":0,"schema_version":0,"trip_id":0,"source_file":0,"ingest_mode":0,"ingest_timestamp":0,"event_time":0,"trip_date":0,"vendor_id":0,"pickup_datetime":0,"passenger_count":0,"pulocation_id":0,"dolocation_id":0}},null,null,None,None,None), AddFile(part-00002-d9b3fdfd-9a1c-4ba7-bce8-809853fb9b08-c000.snappy.parquet,Map(),5325,1779118933000,false,{"numRecords":1,"minValues":{"event_id":"c2b354f6093db075096dd7d6cd094124","event_type":"trip_started","schema_version":"2.0","trip_id":"2e493edb13c1adcaf6af648c66c05d11","source_file":"yellow_tripdata_2024-09.parquet","ingest_mode":"streaming","ingest_timestamp":"2026-05-18T15:41:49.575Z","event_time":"2024-08-31T23:48:15.000Z","trip_date":"2024-08-31","vendor_id":2,"pickup_datetime":"2024-08-31T23:48:15.000Z","passenger_count":1,"pulocation_id":87,"dolocation_id":232},"maxValues":{"event_id":"c2b354f6093db075096dd7d6cd094124","event_type":"trip_started","schema_version":"2.0","trip_id":"2e493edb13c1adcaf6af648c66c05d11","source_file":"yellow_tripdata_2024-09.parquet","ingest_mode":"streaming","ingest_timestamp":"2026-05-18T15:41:49.575Z","event_time":"2024-08-31T23:48:15.000Z","trip_date":"2024-08-31","vendor_id":2,"pickup_datetime":"2024-08-31T23:48:15.000Z","passenger_count":1,"pulocation_id":87,"dolocation_id":232},"nullCount":{"event_id":0,"event_type":0,"schema_version":0,"trip_id":0,"source_file":0,"ingest_mode":0,"ingest_timestamp":0,"event_time":0,"trip_date":0,"vendor_id":0,"pickup_datetime":0,"passenger_count":0,"pulocation_id":0,"dolocation_id":0}},null,null,None,None,None), AddFile(part-00002-d9b630b8-3fe6-47f4-bef5-e312d5875278-c000.snappy.parquet,Map(),15373,1779118905000,false,{"numRecords":67,"minValues":{"event_id":"011a460cb5a25c4ee561b11bfa14604d","event_type":"trip_started","schema_version":"2.0","trip_id":"02a39a8e328190af69190a907699ab05","source_file":"yellow_tripdata_2024-09.parquet","ingest_mode":"streaming","ingest_timestamp":"2026-05-18T15:30:23.343Z","event_time":"2024-08-31T23:31:22.000Z","trip_date":"2024-08-31","vendor_id":1,"pickup_datetime":"2024-08-31T23:31:22.000Z","passenger_count":0,"pulocation_id":24,"dolocation_id":7},"maxValues":{"event_id":"fb8fb0226b979d486aa1fe15bcadfd02","event_type":"trip_started","schema_version":"2.0","trip_id":"ff8ff4056149324b8cb6441936211b7a","source_file":"yellow_tripdata_2024-09.parquet","ingest_mode":"streaming","ingest_timestamp":"2026-05-18T15:41:17.372Z","event_time":"2024-09-01T00:03:44.000Z","trip_date":"2024-09-01","vendor_id":2,"pickup_datetime":"2024-09-01T00:03:44.000Z","passenger_count":6,"pulocation_id":265,"dolocation_id":265},"nullCount":{"event_id":0,"event_type":0,"schema_version":0,"trip_id":0,"source_file":0,"ingest_mode":0,"ingest_timestamp":0,"event_time":0,"trip_date":0,"vendor_id":0,"pickup_datetime":0,"passenger_count":7,"pulocation_id":0,"dolocation_id":0}},null,null,None,None,None), AddFile(part-00001-25597aa3-37ba-4ada-a57e-d65085251b3f-c000.snappy.parquet,Map(),10884,1779118904000,false,{"numRecords":36,"minValues":{"event_id":"00bb01354109838b627c857eebe80dc2","event_type":"trip_started","schema_version":"2.0","trip_id":"0151b1434bda3c8918caec4e7800368d","source_file":"yellow_tripdata_2024-09.parquet","ingest_mode":"streaming","ingest_timestamp":"2026-05-18T15:31:05.546Z","event_time":"2024-08-31T23:49:47.000Z","trip_date":"2024-08-31","vendor_id":1,"pickup_datetime":"2024-08-31T23:49:47.000Z","passenger_count":0,"pulocation_id":68,"dolocation_id":45},"maxValues":{"event_id":"fc777a5f3c65c6d093b9336703c5e846","event_type":"trip_started","schema_version":"2.0","trip_id":"febc1b1d83b45aebc128b44d8bf1e48d","source_file":"yellow_tripdata_2024-09.parquet","ingest_mode":"streaming","ingest_timestamp":"2026-05-18T15:38:55.109Z","event_time":"2024-09-01T00:03:32.000Z","trip_date":"2024-09-01","vendor_id":2,"pickup_datetime":"2024-09-01T00:03:32.000Z","passenger_count":5,"pulocation_id":263,"dolocation_id":265},"nullCount":{"event_id":0,"event_type":0,"schema_version":0,"trip_id":0,"source_file":0,"ingest_mode":0,"ingest_timestamp":0,"event_time":0,"trip_date":0,"vendor_id":0,"pickup_datetime":0,"passenger_count":3,"pulocation_id":0,"dolocation_id":0}},null,null,None,None,None), AddFile(part-00000-354a8d2e-7fe2-4583-a46c-fa6563c44f3f-c000.snappy.parquet,Map(),5314,1779118940000,false,{"numRecords":2,"minValues":{"event_id":"14702b58b8c37db8b2b50034899fc9c7","event_type":"trip_started","schema_version":"2.0","trip_id":"2c7293107d5369aafe0b0f664a64c1e4","source_file":"yellow_tripdata_2024-09.parquet","ingest_mode":"streaming","ingest_timestamp":"2026-05-18T15:42:04.576Z","event_time":"2024-08-31T23:53:06.000Z","trip_date":"2024-08-31","vendor_id":2,"pickup_datetime":"2024-08-31T23:53:06.000Z","passenger_count":1,"pulocation_id":48,"dolocation_id":48},"maxValues":{"event_id":"53de4f6d29a18ae8c5ee21ff0b51e6dd","event_type":"trip_started","schema_version":"2.0","trip_id":"2c83a9caa91b8b0fc7bb449a3e93bc05","source_file":"yellow_tripdata_2024-09.parquet","ingest_mode":"streaming","ingest_timestamp":"2026-05-18T15:42:12.777Z","event_time":"2024-08-31T23:54:44.000Z","trip_date":"2024-08-31","vendor_id":2,"pickup_datetime":"2024-08-31T23:54:44.000Z","passenger_count":1,"pulocation_id":231,"dolocation_id":231},"nullCount":{"event_id":0,"event_type":0,"schema_version":0,"trip_id":0,"source_file":0,"ingest_mode":0,"ingest_timestamp":0,"event_time":0,"trip_date":0,"vendor_id":0,"pickup_datetime":0,"passenger_count":0,"pulocation_id":0,"dolocation_id":0}},null,null,None,None,None), AddFile(part-00003-40e0630d-6fe9-4e39-9602-a33736b745ca-c000.snappy.parquet,Map(),5316,1779118933000,false,{"numRecords":2,"minValues":{"event_id":"3a11c04f3f86a8a2ed90c5835f8fcb0c","event_type":"trip_started","schema_version":"2.0","trip_id":"5ea4134ac6f17edb7f639fc94f24acac","source_file":"yellow_tripdata_2024-09.parquet","ingest_mode":"streaming","ingest_timestamp":"2026-05-18T15:41:27.373Z","event_time":"2024-08-31T23:41:24.000Z","trip_date":"2024-08-31","vendor_id":2,"pickup_datetime":"2024-08-31T23:41:24.000Z","passenger_count":1,"pulocation_id":100,"dolocation_id":42},"maxValues":{"event_id":"810ea42e4364ec7ab0e87ebf0400ae41","event_type":"trip_started","schema_version":"2.0","trip_id":"72cf0cd11b66424f5d72b72df8a87924","source_file":"yellow_tripdata_2024-09.parquet","ingest_mode":"streaming","ingest_timestamp":"2026-05-18T15:41:44.574Z","event_time":"2024-08-31T23:47:25.000Z","trip_date":"2024-08-31","vendor_id":2,"pickup_datetime":"2024-08-31T23:47:25.000Z","passenger_count":1,"pulocation_id":230,"dolocation_id":100},"nullCount":{"event_id":0,"event_type":0,"schema_version":0,"trip_id":0,"source_file":0,"ingest_mode":0,"ingest_timestamp":0,"event_time":0,"trip_date":0,"vendor_id":0,"pickup_datetime":0,"passenger_count":0,"pulocation_id":0,"dolocation_id":0}},null,null,None,None,None), AddFile(part-00004-bf95d00f-7224-4d19-8506-bb804d74ba69-c000.snappy.parquet,Map(),16203,1779118907000,false,{"numRecords":67,"minValues":{"event_id":"00f4412c4abb87a7edb991f16b8e3872","event_type":"trip_started","schema_version":"2.0","trip_id":"0106a3fdc6d124355ddbc3170eb7fa9d","source_file":"yellow_tripdata_2024-09.parquet","ingest_mode":"streaming","ingest_timestamp":"2026-05-18T15:30:55.546Z","event_time":"2024-08-31T23:48:15.000Z","trip_date":"2024-08-31","vendor_id":1,"pickup_datetime":"2024-08-31T23:48:15.000Z","passenger_count":0,"pulocation_id":41,"dolocation_id":4},"maxValues":{"event_id":"ffa973e5c6626d9b56f1d9367abd3987","event_type":"trip_started","schema_version":"2.0","trip_id":"fc82163fbf256ca3108569d8f7fa673b","source_file":"yellow_tripdata_2024-09.parquet","ingest_mode":"streaming","ingest_timestamp":"2026-05-18T15:39:10.112Z","event_time":"2024-09-01T00:03:47.000Z","trip_date":"2024-09-01","vendor_id":2,"pickup_datetime":"2024-09-01T00:03:47.000Z","passenger_count":5,"pulocation_id":255,"dolocation_id":263},"nullCount":{"event_id":0,"event_type":0,"schema_version":0,"trip_id":0,"source_file":0,"ingest_mode":0,"ingest_timestamp":0,"event_time":0,"trip_date":0,"vendor_id":0,"pickup_datetime":0,"passenger_count":12,"pulocation_id":0,"dolocation_id":0}},null,null,None,None,None), AddFile(part-00001-15e62d34-1cb7-4e48-afd5-30601fa3f01e-c000.snappy.parquet,Map(),5325,1779118940000,false,{"numRecords":1,"minValues":{"event_id":"b395c7a81f12a58f58489f623d958178","event_type":"trip_started","schema_version":"2.0","trip_id":"133e7d3180d10215019a7d0e6e3cc052","source_file":"yellow_tripdata_2024-09.parquet","ingest_mode":"streaming","ingest_timestamp":"2026-05-18T15:41:59.575Z","event_time":"2024-08-31T23:49:47.000Z","trip_date":"2024-08-31","vendor_id":2,"pickup_datetime":"2024-08-31T23:49:47.000Z","passenger_count":1,"pulocation_id":79,"dolocation_id":211},"maxValues":{"event_id":"b395c7a81f12a58f58489f623d958178","event_type":"trip_started","schema_version":"2.0","trip_id":"133e7d3180d10215019a7d0e6e3cc052","source_file":"yellow_tripdata_2024-09.parquet","ingest_mode":"streaming","ingest_timestamp":"2026-05-18T15:41:59.575Z","event_time":"2024-08-31T23:49:47.000Z","trip_date":"2024-08-31","vendor_id":2,"pickup_datetime":"2024-08-31T23:49:47.000Z","passenger_count":1,"pulocation_id":79,"dolocation_id":211},"nullCount":{"event_id":0,"event_type":0,"schema_version":0,"trip_id":0,"source_file":0,"ingest_mode":0,"ingest_timestamp":0,"event_time":0,"trip_date":0,"vendor_id":0,"pickup_datetime":0,"passenger_count":0,"pulocation_id":0,"dolocation_id":0}},null,null,None,None,None), AddFile(part-00003-b1b9f1d7-6ad3-4d3d-9129-31eff2c0ca88-c000.snappy.parquet,Map(),12843,1779118906000,false,{"numRecords":51,"minValues":{"event_id":"033a945818d220fae8d0f5ea06aade55","event_type":"trip_started","schema_version":"2.0","trip_id":"007211974f070e6081d820f78a892116","source_file":"yellow_tripdata_2024-09.parquet","ingest_mode":"streaming","ingest_timestamp":"2026-05-18T15:30:08.336Z","event_time":"2024-08-31T22:27:55.000Z","trip_date":"2024-08-31","vendor_id":1,"pickup_datetime":"2024-08-31T22:27:55.000Z","passenger_count":0,"pulocation_id":24,"dolocation_id":7},"maxValues":{"event_id":"f914c4bf2487bb514676e80f0e515e30","event_type":"trip_started","schema_version":"2.0","trip_id":"fd8556cf3a0c0a61eb48a4f6e35a55b5","source_file":"yellow_tripdata_2024-09.parquet","ingest_mode":"streaming","ingest_timestamp":"2026-05-18T15:41:02.366Z","event_time":"2024-09-01T00:03:39.000Z","trip_date":"2024-09-01","vendor_id":2,"pickup_datetime":"2024-09-01T00:03:39.000Z","passenger_count":5,"pulocation_id":249,"dolocation_id":265},"nullCount":{"event_id":0,"event_type":0,"schema_version":0,"trip_id":0,"source_file":0,"ingest_mode":0,"ingest_timestamp":0,"event_time":0,"trip_date":0,"vendor_id":0,"pickup_datetime":0,"passenger_count":11,"pulocation_id":0,"dolocation_id":0}},null,null,None,None,None))))))
26/05/18 15:42:34 INFO MapPartitionsRDD: Removing RDD 77 from persistence list
26/05/18 15:42:34 INFO BlockManager: Removing RDD 77
26/05/18 15:42:34 INFO DeltaLogFileIndex: Created DeltaLogFileIndex(JSON, numFilesInSegment: 5, totalFileSize: 26626)
26/05/18 15:42:34 INFO OptimisticTransaction: [tableId=e54c2914,txnId=a781ccdf] Committed delta #4 to s3a://lakehouse/benchmark/bronze/20260518T154052Z/low/started/_delta_log
26/05/18 15:42:34 INFO ChecksumHook: Writing checksum file for table path s3a://lakehouse/benchmark/bronze/20260518T154052Z/low/started/_delta_log version 4
26/05/18 15:42:34 INFO CheckpointFileManager: Writing atomically to s3a://lakehouse/benchmark/bronze/20260518T154052Z/low/started/_delta_log/00000000000000000004.crc using temp file s3a://lakehouse/benchmark/bronze/20260518T154052Z/low/started/_delta_log/.00000000000000000004.crc.fb9f409b-3e90-4dc6-a5cd-3468674b6447.tmp
26/05/18 15:42:34 INFO CheckpointFileManager: Renamed temp file s3a://lakehouse/benchmark/bronze/20260518T154052Z/low/started/_delta_log/.00000000000000000004.crc.fb9f409b-3e90-4dc6-a5cd-3468674b6447.tmp to s3a://lakehouse/benchmark/bronze/20260518T154052Z/low/started/_delta_log/00000000000000000004.crc
26/05/18 15:42:34 INFO DeltaSink: Committed transaction, batchId=4, duration=95 ms, added 1 files, removed 0 files.
26/05/18 15:42:34 INFO CheckpointFileManager: Writing atomically to s3a://lakehouse/_checkpoints/benchmark/20260518T154052Z/low/started/commits/4 using temp file s3a://lakehouse/_checkpoints/benchmark/20260518T154052Z/low/started/commits/.4.7e1e4c2b-0ab9-42e7-ac5b-4b37aeb64860.tmp
26/05/18 15:42:34 INFO CheckpointFileManager: Renamed temp file s3a://lakehouse/_checkpoints/benchmark/20260518T154052Z/low/started/commits/.4.7e1e4c2b-0ab9-42e7-ac5b-4b37aeb64860.tmp to s3a://lakehouse/_checkpoints/benchmark/20260518T154052Z/low/started/commits/4
26/05/18 15:42:34 INFO MicroBatchExecutionContext: Extracting source progress metrics for source=KafkaV2[Subscribe[nyc-taxi-trip-started]] took duration_ms=0
26/05/18 15:42:34 INFO MicroBatchExecutionContext: Extracting sink progress metrics for sink=DeltaSink[s3a://lakehouse/benchmark/bronze/20260518T154052Z/low/started] took duration_ms=0
26/05/18 15:42:34 INFO ProgressReporter: Streaming query made progress: {
  "id" : "4c71fffa-098f-430a-acdb-8cf33542b27e",
  "runId" : "115be754-ecb0-4808-843b-18c4b16f4924",
  "name" : null,
  "timestamp" : "2026-05-18T15:42:30.000Z",
  "batchId" : 4,
  "batchDuration" : 4502,
  "numInputRows" : 1,
  "inputRowsPerSecond" : 0.12072920439454304,
  "processedRowsPerSecond" : 0.22212350066637052,
  "durationMs" : {
    "addBatch" : 4232,
    "commitOffsets" : 131,
    "getBatch" : 0,
    "latestOffset" : 6,
    "queryPlanning" : 41,
    "triggerExecution" : 4502,
    "walCommit" : 90
  },
  "stateOperators" : [ ],
  "sources" : [ {
    "description" : "KafkaV2[Subscribe[nyc-taxi-trip-started]]",
    "startOffset" : {
      "nyc-taxi-trip-started" : {
        "0" : 75,
        "1" : 37,
        "2" : 53,
        "3" : 62,
        "4" : 68,
        "5" : 69
      }
    },
    "endOffset" : {
      "nyc-taxi-trip-started" : {
        "0" : 75,
        "1" : 37,
        "2" : 53,
        "3" : 62,
        "4" : 68,
        "5" : 70
      }
    },
    "latestOffset" : {
      "nyc-taxi-trip-started" : {
        "0" : 75,
        "1" : 37,
        "2" : 53,
        "3" : 62,
        "4" : 68,
        "5" : 70
      }
    },
    "numInputRows" : 1,
    "inputRowsPerSecond" : 0.12072920439454304,
    "processedRowsPerSecond" : 0.22212350066637052,
    "metrics" : {
      "avgOffsetsBehindLatest" : "0.0",
      "maxOffsetsBehindLatest" : "0",
      "minOffsetsBehindLatest" : "0"
    }
  } ],
  "sink" : {
    "description" : "DeltaSink[s3a://lakehouse/benchmark/bronze/20260518T154052Z/low/started]",
    "numOutputRows" : -1
  }
}
[benchmark][spark_progress] {"add_batch_ms": 4232, "batch_id": 4, "end_offset": {"nyc-taxi-trip-started": {"0": 75, "1": 37, "2": 53, "3": 62, "4": 68, "5": 70}}, "event_kind": "started", "get_batch_ms": 0, "input_rows_per_second": 0.12072920439454304, "kafka_group_id": "nyc-taxi-bench-low-20260518T154052Z-started", "latest_offset": {"nyc-taxi-trip-started": {"0": 75, "1": 37, "2": 53, "3": 62, "4": 68, "5": 70}}, "metric_type": "spark_microbatch_progress", "num_input_rows": 1, "processed_rows_per_second": 0.22212350066637052, "start_offset": {"nyc-taxi-trip-started": {"0": 75, "1": 37, "2": 53, "3": 62, "4": 68, "5": 69}}, "timestamp": "2026-05-18T15:42:30.000Z", "topic": "nyc-taxi-trip-started", "trigger_execution_ms": 4502}
26/05/18 15:42:40 INFO CheckpointFileManager: Writing atomically to s3a://lakehouse/_checkpoints/benchmark/20260518T154052Z/low/started/offsets/5 using temp file s3a://lakehouse/_checkpoints/benchmark/20260518T154052Z/low/started/offsets/.5.546af1f3-e971-4a3f-bf84-e7cff2ed2082.tmp
26/05/18 15:42:40 INFO CheckpointFileManager: Renamed temp file s3a://lakehouse/_checkpoints/benchmark/20260518T154052Z/low/started/offsets/.5.546af1f3-e971-4a3f-bf84-e7cff2ed2082.tmp to s3a://lakehouse/_checkpoints/benchmark/20260518T154052Z/low/started/offsets/5
26/05/18 15:42:40 INFO MicroBatchExecution: Committed offsets for batch 5. Metadata OffsetSeqMetadata(0,1779118960007,HashMap(spark.sql.streaming.stateStore.providerClass -> org.apache.spark.sql.execution.streaming.state.HDFSBackedStateStoreProvider, spark.sql.streaming.stateStore.rocksdb.formatVersion -> 5, spark.sql.streaming.stateStore.encodingFormat -> unsaferow, spark.sql.streaming.statefulOperator.useStrictDistribution -> true, spark.sql.streaming.flatMapGroupsWithState.stateFormatVersion -> 2, spark.sql.streaming.multipleWatermarkPolicy -> min, spark.sql.streaming.aggregation.stateFormatVersion -> 2, spark.sql.shuffle.partitions -> 4, spark.sql.streaming.join.stateFormatVersion -> 2, spark.sql.streaming.stateStore.compression.codec -> lz4, spark.sql.optimizer.pruneFiltersCanPruneStreamingSubplan -> false))
26/05/18 15:42:40 INFO DeltaLog: Loading version 4.
26/05/18 15:42:40 INFO Snapshot: [tableId=e54c2914-4281-4b97-a14f-d4cd8e512b01] Created snapshot Snapshot(path=s3a://lakehouse/benchmark/bronze/20260518T154052Z/low/started/_delta_log, version=4, metadata=Metadata(e54c2914-4281-4b97-a14f-d4cd8e512b01,null,null,Format(parquet,Map()),{"type":"struct","fields":[{"name":"event_id","type":"string","nullable":true,"metadata":{}},{"name":"event_type","type":"string","nullable":true,"metadata":{}},{"name":"schema_version","type":"string","nullable":true,"metadata":{}},{"name":"trip_id","type":"string","nullable":true,"metadata":{}},{"name":"source_file","type":"string","nullable":true,"metadata":{}},{"name":"ingest_mode","type":"string","nullable":true,"metadata":{}},{"name":"ingest_timestamp","type":"timestamp","nullable":true,"metadata":{}},{"name":"event_time","type":"timestamp","nullable":true,"metadata":{}},{"name":"trip_date","type":"string","nullable":true,"metadata":{}},{"name":"vendor_id","type":"integer","nullable":true,"metadata":{}},{"name":"pickup_datetime","type":"timestamp","nullable":true,"metadata":{}},{"name":"passenger_count","type":"long","nullable":true,"metadata":{}},{"name":"pulocation_id","type":"integer","nullable":true,"metadata":{}},{"name":"dolocation_id","type":"integer","nullable":true,"metadata":{}}]},List(),Map(),Some(1779118886752)), logSegment=LogSegment(s3a://lakehouse/benchmark/bronze/20260518T154052Z/low/started/_delta_log,4,ArraySeq(S3AFileStatus{path=s3a://lakehouse/benchmark/bronze/20260518T154052Z/low/started/_delta_log/00000000000000000000.json; isDirectory=false; length=10954; replication=1; blocksize=33554432; modification_time=1779118909098; access_time=0; owner=spark; group=spark; permission=rw-rw-rw-; isSymlink=false; hasAcl=false; isEncrypted=true; isErasureCoded=false} isEmptyDirectory=FALSE eTag="2dc840860c22af6901e80b07ffd4ef78" versionId=null, S3AFileStatus{path=s3a://lakehouse/benchmark/bronze/20260518T154052Z/low/started/_delta_log/00000000000000000001.json; isDirectory=false; length=6534; replication=1; blocksize=33554432; modification_time=1779118933421; access_time=0; owner=spark; group=spark; permission=rw-rw-rw-; isSymlink=false; hasAcl=false; isEncrypted=true; isErasureCoded=false} isEmptyDirectory=FALSE eTag="12e73076721d9b91785d3f2f712039e1" versionId=null, S3AFileStatus{path=s3a://lakehouse/benchmark/bronze/20260518T154052Z/low/started/_delta_log/00000000000000000002.json; isDirectory=false; length=5042; replication=1; blocksize=33554432; modification_time=1779118941417; access_time=0; owner=spark; group=spark; permission=rw-rw-rw-; isSymlink=false; hasAcl=false; isEncrypted=true; isErasureCoded=false} isEmptyDirectory=FALSE eTag="004bb0d2cb529c0cb5ef31cccea13acb" versionId=null, S3AFileStatus{path=s3a://lakehouse/benchmark/bronze/20260518T154052Z/low/started/_delta_log/00000000000000000003.json; isDirectory=false; length=2049; replication=1; blocksize=33554432; modification_time=1779118947493; access_time=0; owner=spark; group=spark; permission=rw-rw-rw-; isSymlink=false; hasAcl=false; isEncrypted=true; isErasureCoded=false} isEmptyDirectory=FALSE eTag="4dde2cedc8395ede38ef68ba9cfeff06" versionId=null, S3AFileStatus{path=s3a://lakehouse/benchmark/bronze/20260518T154052Z/low/started/_delta_log/00000000000000000004.json; isDirectory=false; length=2047; replication=1; blocksize=33554432; modification_time=1779118954294; access_time=0; owner=spark; group=spark; permission=rw-rw-rw-; isSymlink=false; hasAcl=false; isEncrypted=true; isErasureCoded=false} isEmptyDirectory=FALSE eTag="a8d058311c0896a53735c0ae32fc5205" versionId=null),org.apache.spark.sql.delta.EmptyCheckpointProvider$@664c2564,1779118954294), checksumOpt=Some(VersionChecksum(Some(a781ccdf-1d8a-40b3-a785-c39cf42c3959),133363,15,None,None,1,1,None,Some(List(SetTransaction(4c71fffa-098f-430a-acdb-8cf33542b27e,4,Some(1779118954275)))),Some(List()),Metadata(e54c2914-4281-4b97-a14f-d4cd8e512b01,null,null,Format(parquet,Map()),{"type":"struct","fields":[{"name":"event_id","type":"string","nullable":true,"metadata":{}},{"name":"event_type","type":"string","nullable":true,"metadata":{}},{"name":"schema_version","type":"string","nullable":true,"metadata":{}},{"name":"trip_id","type":"string","nullable":true,"metadata":{}},{"name":"source_file","type":"string","nullable":true,"metadata":{}},{"name":"ingest_mode","type":"string","nullable":true,"metadata":{}},{"name":"ingest_timestamp","type":"timestamp","nullable":true,"metadata":{}},{"name":"event_time","type":"timestamp","nullable":true,"metadata":{}},{"name":"trip_date","type":"string","nullable":true,"metadata":{}},{"name":"vendor_id","type":"integer","nullable":true,"metadata":{}},{"name":"pickup_datetime","type":"timestamp","nullable":true,"metadata":{}},{"name":"passenger_count","type":"long","nullable":true,"metadata":{}},{"name":"pulocation_id","type":"integer","nullable":true,"metadata":{}},{"name":"dolocation_id","type":"integer","nullable":true,"metadata":{}}]},List(),Map(),Some(1779118886752)),Protocol(1,2),None,None,Some(List(AddFile(part-00005-56447017-32c5-4b7e-b9ab-d59860935c92-c000.snappy.parquet,Map(),13745,1779118908000,false,{"numRecords":58,"minValues":{"event_id":"1455410b53ba26496dd8268d814efb0d","event_type":"trip_started","schema_version":"2.0","trip_id":"055d4dc21a238c32a1173721d4ca04f8","source_file":"yellow_tripdata_2024-09.parquet","ingest_mode":"streaming","ingest_timestamp":"2026-05-18T15:30:33.344Z","event_time":"2024-08-31T23:41:24.000Z","trip_date":"2024-08-31","vendor_id":1,"pickup_datetime":"2024-08-31T23:41:24.000Z","passenger_count":1,"pulocation_id":4,"dolocation_id":13},"maxValues":{"event_id":"fc33a45f23b40ebd214e1bfc68a49bcb","event_type":"trip_started","schema_version":"2.0","trip_id":"fe2349c4e6416804cff94b8f71437d80","source_file":"yellow_tripdata_2024-09.parquet","ingest_mode":"streaming","ingest_timestamp":"2026-05-18T15:39:01.111Z","event_time":"2024-09-01T00:03:38.000Z","trip_date":"2024-09-01","vendor_id":2,"pickup_datetime":"2024-09-01T00:03:38.000Z","passenger_count":5,"pulocation_id":263,"dolocation_id":261},"nullCount":{"event_id":0,"event_type":0,"schema_version":0,"trip_id":0,"source_file":0,"ingest_mode":0,"ingest_timestamp":0,"event_time":0,"trip_date":0,"vendor_id":0,"pickup_datetime":0,"passenger_count":7,"pulocation_id":0,"dolocation_id":0}},null,null,None,None,None), AddFile(part-00000-08aad25c-9cc6-4b91-9c29-ef1ada60ea60-c000.snappy.parquet,Map(),16483,1779118902000,false,{"numRecords":73,"minValues":{"event_id":"0212d8086261a2018cb807d1a4d7a46b","event_type":"trip_started","schema_version":"2.0","trip_id":"031b404c98f442710d2269c0a06824fd","source_file":"yellow_tripdata_2024-09.parquet","ingest_mode":"streaming","ingest_timestamp":"2026-05-18T15:30:18.343Z","event_time":"2024-08-31T23:16:36.000Z","trip_date":"2024-08-31","vendor_id":1,"pickup_datetime":"2024-08-31T23:16:36.000Z","passenger_count":1,"pulocation_id":41,"dolocation_id":15},"maxValues":{"event_id":"febc668d372ab0492f5c4e7165b45be2","event_type":"trip_started","schema_version":"2.0","trip_id":"f8cfd09088ab01f1042a890d127bfcca","source_file":"yellow_tripdata_2024-09.parquet","ingest_mode":"streaming","ingest_timestamp":"2026-05-18T15:41:12.372Z","event_time":"2024-09-01T00:03:44.000Z","trip_date":"2024-09-01","vendor_id":2,"pickup_datetime":"2024-09-01T00:03:44.000Z","passenger_count":5,"pulocation_id":249,"dolocation_id":265},"nullCount":{"event_id":0,"event_type":0,"schema_version":0,"trip_id":0,"source_file":0,"ingest_mode":0,"ingest_timestamp":0,"event_time":0,"trip_date":0,"vendor_id":0,"pickup_datetime":0,"passenger_count":7,"pulocation_id":0,"dolocation_id":0}},null,null,None,None,None), AddFile(part-00000-04a2f022-e88e-4fb8-842d-03ac20cee535-c000.snappy.parquet,Map(),5324,1779118947000,false,{"numRecords":1,"minValues":{"event_id":"52352c98a72028429aa0529967846b38","event_type":"trip_started","schema_version":"2.0","trip_id":"d5f457d09a3953154558bb47240e0cb4","source_file":"yellow_tripdata_2024-09.parquet","ingest_mode":"streaming","ingest_timestamp":"2026-05-18T15:42:17.777Z","event_time":"2024-08-31T23:55:17.000Z","trip_date":"2024-08-31","vendor_id":2,"pickup_datetime":"2024-08-31T23:55:17.000Z","passenger_count":5,"pulocation_id":93,"dolocation_id":141},"maxValues":{"event_id":"52352c98a72028429aa0529967846b38","event_type":"trip_started","schema_version":"2.0","trip_id":"d5f457d09a3953154558bb47240e0cb4","source_file":"yellow_tripdata_2024-09.parquet","ingest_mode":"streaming","ingest_timestamp":"2026-05-18T15:42:17.777Z","event_time":"2024-08-31T23:55:17.000Z","trip_date":"2024-08-31","vendor_id":2,"pickup_datetime":"2024-08-31T23:55:17.000Z","passenger_count":5,"pulocation_id":93,"dolocation_id":141},"nullCount":{"event_id":0,"event_type":0,"schema_version":0,"trip_id":0,"source_file":0,"ingest_mode":0,"ingest_timestamp":0,"event_time":0,"trip_date":0,"vendor_id":0,"pickup_datetime":0,"passenger_count":0,"pulocation_id":0,"dolocation_id":0}},null,null,None,None,None), AddFile(part-00002-204c9462-febd-4a6e-9fc5-d2cff48b0fab-c000.snappy.parquet,Map(),5290,1779118941000,false,{"numRecords":2,"minValues":{"event_id":"7094784f7b964147a344562f3c700452","event_type":"trip_started","schema_version":"2.0","trip_id":"49abd9d6c1136369978e031c3defd4dd","source_file":"yellow_tripdata_2024-09.parquet","ingest_mode":"streaming","ingest_timestamp":"2026-05-18T15:42:09.576Z","event_time":"2024-08-31T23:54:28.000Z","trip_date":"2024-08-31","vendor_id":2,"pickup_datetime":"2024-08-31T23:54:28.000Z","passenger_count":1,"pulocation_id":138,"dolocation_id":129},"maxValues":{"event_id":"a33916c25654965d32f61be210f37d0f","event_type":"trip_started","schema_version":"2.0","trip_id":"87e7c11c9799f63c59e672e1b144842e","source_file":"yellow_tripdata_2024-09.parquet","ingest_mode":"streaming","ingest_timestamp":"2026-05-18T15:42:11.576Z","event_time":"2024-08-31T23:54:38.000Z","trip_date":"2024-08-31","vendor_id":2,"pickup_datetime":"2024-08-31T23:54:38.000Z","passenger_count":2,"pulocation_id":230,"dolocation_id":162},"nullCount":{"event_id":0,"event_type":0,"schema_version":0,"trip_id":0,"source_file":0,"ingest_mode":0,"ingest_timestamp":0,"event_time":0,"trip_date":0,"vendor_id":0,"pickup_datetime":0,"passenger_count":0,"pulocation_id":0,"dolocation_id":0}},null,null,None,None,None), AddFile(part-00000-beaa7485-6c72-4622-b407-4ad4b6e10b2e-c000.snappy.parquet,Map(),5325,1779118954000,false,{"numRecords":1,"minValues":{"event_id":"654539c39ceb4cbe902edee99605921c","event_type":"trip_started","schema_version":"2.0","trip_id":"696e7f1d0beb89f1c18c5da6c65ad872","source_file":"yellow_tripdata_2024-09.parquet","ingest_mode":"streaming","ingest_timestamp":"2026-05-18T15:42:22.777Z","event_time":"2024-08-31T23:56:31.000Z","trip_date":"2024-08-31","vendor_id":2,"pickup_datetime":"2024-08-31T23:56:31.000Z","passenger_count":2,"pulocation_id":170,"dolocation_id":7},"maxValues":{"event_id":"654539c39ceb4cbe902edee99605921c","event_type":"trip_started","schema_version":"2.0","trip_id":"696e7f1d0beb89f1c18c5da6c65ad872","source_file":"yellow_tripdata_2024-09.parquet","ingest_mode":"streaming","ingest_timestamp":"2026-05-18T15:42:22.777Z","event_time":"2024-08-31T23:56:31.000Z","trip_date":"2024-08-31","vendor_id":2,"pickup_datetime":"2024-08-31T23:56:31.000Z","passenger_count":2,"pulocation_id":170,"dolocation_id":7},"nullCount":{"event_id":0,"event_type":0,"schema_version":0,"trip_id":0,"source_file":0,"ingest_mode":0,"ingest_timestamp":0,"event_time":0,"trip_date":0,"vendor_id":0,"pickup_datetime":0,"passenger_count":0,"pulocation_id":0,"dolocation_id":0}},null,null,None,None,None), AddFile(part-00000-ac8a9b1d-58d7-4719-9e76-5f8fbe428c56-c000.snappy.parquet,Map(),5289,1779118932000,false,{"numRecords":2,"minValues":{"event_id":"0e42e0a8ff68c0593e5f62fe564cc867","event_type":"trip_started","schema_version":"2.0","trip_id":"74cc4dc0356999a5051ffc06fe590ba0","source_file":"yellow_tripdata_2024-09.parquet","ingest_mode":"streaming","ingest_timestamp":"2026-05-18T15:41:32.373Z","event_time":"2024-08-31T23:45:56.000Z","trip_date":"2024-08-31","vendor_id":2,"pickup_datetime":"2024-08-31T23:45:56.000Z","passenger_count":1,"pulocation_id":24,"dolocation_id":24},"maxValues":{"event_id":"20f272b57abcb77396229a1f4f79d2a6","event_type":"trip_started","schema_version":"2.0","trip_id":"7e4582c034b9714ccbb8b7972ee7452a","source_file":"yellow_tripdata_2024-09.parquet","ingest_mode":"streaming","ingest_timestamp":"2026-05-18T15:41:40.774Z","event_time":"2024-08-31T23:47:06.000Z","trip_date":"2024-08-31","vendor_id":2,"pickup_datetime":"2024-08-31T23:47:06.000Z","passenger_count":6,"pulocation_id":142,"dolocation_id":162},"nullCount":{"event_id":0,"event_type":0,"schema_version":0,"trip_id":0,"source_file":0,"ingest_mode":0,"ingest_timestamp":0,"event_time":0,"trip_date":0,"vendor_id":0,"pickup_datetime":0,"passenger_count":0,"pulocation_id":0,"dolocation_id":0}},null,null,None,None,None), AddFile(part-00001-3e08f1a9-004f-4148-96c2-ce39df27dafa-c000.snappy.parquet,Map(),5324,1779118932000,false,{"numRecords":1,"minValues":{"event_id":"49fd4523f0edf3af6db90b980f85b44b","event_type":"trip_started","schema_version":"2.0","trip_id":"a81a5f72bed880eb1011e846ec08a7b3","source_file":"yellow_tripdata_2024-09.parquet","ingest_mode":"streaming","ingest_timestamp":"2026-05-18T15:41:32.373Z","event_time":"2024-08-31T23:45:56.000Z","trip_date":"2024-08-31","vendor_id":2,"pickup_datetime":"2024-08-31T23:45:56.000Z","passenger_count":1,"pulocation_id":24,"dolocation_id":24},"maxValues":{"event_id":"49fd4523f0edf3af6db90b980f85b44b","event_type":"trip_started","schema_version":"2.0","trip_id":"a81a5f72bed880eb1011e846ec08a7b3","source_file":"yellow_tripdata_2024-09.parquet","ingest_mode":"streaming","ingest_timestamp":"2026-05-18T15:41:32.373Z","event_time":"2024-08-31T23:45:56.000Z","trip_date":"2024-08-31","vendor_id":2,"pickup_datetime":"2024-08-31T23:45:56.000Z","passenger_count":1,"pulocation_id":24,"dolocation_id":24},"nullCount":{"event_id":0,"event_type":0,"schema_version":0,"trip_id":0,"source_file":0,"ingest_mode":0,"ingest_timestamp":0,"event_time":0,"trip_date":0,"vendor_id":0,"pickup_datetime":0,"passenger_count":0,"pulocation_id":0,"dolocation_id":0}},null,null,None,None,None), AddFile(part-00002-d9b3fdfd-9a1c-4ba7-bce8-809853fb9b08-c000.snappy.parquet,Map(),5325,1779118933000,false,{"numRecords":1,"minValues":{"event_id":"c2b354f6093db075096dd7d6cd094124","event_type":"trip_started","schema_version":"2.0","trip_id":"2e493edb13c1adcaf6af648c66c05d11","source_file":"yellow_tripdata_2024-09.parquet","ingest_mode":"streaming","ingest_timestamp":"2026-05-18T15:41:49.575Z","event_time":"2024-08-31T23:48:15.000Z","trip_date":"2024-08-31","vendor_id":2,"pickup_datetime":"2024-08-31T23:48:15.000Z","passenger_count":1,"pulocation_id":87,"dolocation_id":232},"maxValues":{"event_id":"c2b354f6093db075096dd7d6cd094124","event_type":"trip_started","schema_version":"2.0","trip_id":"2e493edb13c1adcaf6af648c66c05d11","source_file":"yellow_tripdata_2024-09.parquet","ingest_mode":"streaming","ingest_timestamp":"2026-05-18T15:41:49.575Z","event_time":"2024-08-31T23:48:15.000Z","trip_date":"2024-08-31","vendor_id":2,"pickup_datetime":"2024-08-31T23:48:15.000Z","passenger_count":1,"pulocation_id":87,"dolocation_id":232},"nullCount":{"event_id":0,"event_type":0,"schema_version":0,"trip_id":0,"source_file":0,"ingest_mode":0,"ingest_timestamp":0,"event_time":0,"trip_date":0,"vendor_id":0,"pickup_datetime":0,"passenger_count":0,"pulocation_id":0,"dolocation_id":0}},null,null,None,None,None), AddFile(part-00002-d9b630b8-3fe6-47f4-bef5-e312d5875278-c000.snappy.parquet,Map(),15373,1779118905000,false,{"numRecords":67,"minValues":{"event_id":"011a460cb5a25c4ee561b11bfa14604d","event_type":"trip_started","schema_version":"2.0","trip_id":"02a39a8e328190af69190a907699ab05","source_file":"yellow_tripdata_2024-09.parquet","ingest_mode":"streaming","ingest_timestamp":"2026-05-18T15:30:23.343Z","event_time":"2024-08-31T23:31:22.000Z","trip_date":"2024-08-31","vendor_id":1,"pickup_datetime":"2024-08-31T23:31:22.000Z","passenger_count":0,"pulocation_id":24,"dolocation_id":7},"maxValues":{"event_id":"fb8fb0226b979d486aa1fe15bcadfd02","event_type":"trip_started","schema_version":"2.0","trip_id":"ff8ff4056149324b8cb6441936211b7a","source_file":"yellow_tripdata_2024-09.parquet","ingest_mode":"streaming","ingest_timestamp":"2026-05-18T15:41:17.372Z","event_time":"2024-09-01T00:03:44.000Z","trip_date":"2024-09-01","vendor_id":2,"pickup_datetime":"2024-09-01T00:03:44.000Z","passenger_count":6,"pulocation_id":265,"dolocation_id":265},"nullCount":{"event_id":0,"event_type":0,"schema_version":0,"trip_id":0,"source_file":0,"ingest_mode":0,"ingest_timestamp":0,"event_time":0,"trip_date":0,"vendor_id":0,"pickup_datetime":0,"passenger_count":7,"pulocation_id":0,"dolocation_id":0}},null,null,None,None,None), AddFile(part-00001-25597aa3-37ba-4ada-a57e-d65085251b3f-c000.snappy.parquet,Map(),10884,1779118904000,false,{"numRecords":36,"minValues":{"event_id":"00bb01354109838b627c857eebe80dc2","event_type":"trip_started","schema_version":"2.0","trip_id":"0151b1434bda3c8918caec4e7800368d","source_file":"yellow_tripdata_2024-09.parquet","ingest_mode":"streaming","ingest_timestamp":"2026-05-18T15:31:05.546Z","event_time":"2024-08-31T23:49:47.000Z","trip_date":"2024-08-31","vendor_id":1,"pickup_datetime":"2024-08-31T23:49:47.000Z","passenger_count":0,"pulocation_id":68,"dolocation_id":45},"maxValues":{"event_id":"fc777a5f3c65c6d093b9336703c5e846","event_type":"trip_started","schema_version":"2.0","trip_id":"febc1b1d83b45aebc128b44d8bf1e48d","source_file":"yellow_tripdata_2024-09.parquet","ingest_mode":"streaming","ingest_timestamp":"2026-05-18T15:38:55.109Z","event_time":"2024-09-01T00:03:32.000Z","trip_date":"2024-09-01","vendor_id":2,"pickup_datetime":"2024-09-01T00:03:32.000Z","passenger_count":5,"pulocation_id":263,"dolocation_id":265},"nullCount":{"event_id":0,"event_type":0,"schema_version":0,"trip_id":0,"source_file":0,"ingest_mode":0,"ingest_timestamp":0,"event_time":0,"trip_date":0,"vendor_id":0,"pickup_datetime":0,"passenger_count":3,"pulocation_id":0,"dolocation_id":0}},null,null,None,None,None), AddFile(part-00000-354a8d2e-7fe2-4583-a46c-fa6563c44f3f-c000.snappy.parquet,Map(),5314,1779118940000,false,{"numRecords":2,"minValues":{"event_id":"14702b58b8c37db8b2b50034899fc9c7","event_type":"trip_started","schema_version":"2.0","trip_id":"2c7293107d5369aafe0b0f664a64c1e4","source_file":"yellow_tripdata_2024-09.parquet","ingest_mode":"streaming","ingest_timestamp":"2026-05-18T15:42:04.576Z","event_time":"2024-08-31T23:53:06.000Z","trip_date":"2024-08-31","vendor_id":2,"pickup_datetime":"2024-08-31T23:53:06.000Z","passenger_count":1,"pulocation_id":48,"dolocation_id":48},"maxValues":{"event_id":"53de4f6d29a18ae8c5ee21ff0b51e6dd","event_type":"trip_started","schema_version":"2.0","trip_id":"2c83a9caa91b8b0fc7bb449a3e93bc05","source_file":"yellow_tripdata_2024-09.parquet","ingest_mode":"streaming","ingest_timestamp":"2026-05-18T15:42:12.777Z","event_time":"2024-08-31T23:54:44.000Z","trip_date":"2024-08-31","vendor_id":2,"pickup_datetime":"2024-08-31T23:54:44.000Z","passenger_count":1,"pulocation_id":231,"dolocation_id":231},"nullCount":{"event_id":0,"event_type":0,"schema_version":0,"trip_id":0,"source_file":0,"ingest_mode":0,"ingest_timestamp":0,"event_time":0,"trip_date":0,"vendor_id":0,"pickup_datetime":0,"passenger_count":0,"pulocation_id":0,"dolocation_id":0}},null,null,None,None,None), AddFile(part-00003-40e0630d-6fe9-4e39-9602-a33736b745ca-c000.snappy.parquet,Map(),5316,1779118933000,false,{"numRecords":2,"minValues":{"event_id":"3a11c04f3f86a8a2ed90c5835f8fcb0c","event_type":"trip_started","schema_version":"2.0","trip_id":"5ea4134ac6f17edb7f639fc94f24acac","source_file":"yellow_tripdata_2024-09.parquet","ingest_mode":"streaming","ingest_timestamp":"2026-05-18T15:41:27.373Z","event_time":"2024-08-31T23:41:24.000Z","trip_date":"2024-08-31","vendor_id":2,"pickup_datetime":"2024-08-31T23:41:24.000Z","passenger_count":1,"pulocation_id":100,"dolocation_id":42},"maxValues":{"event_id":"810ea42e4364ec7ab0e87ebf0400ae41","event_type":"trip_started","schema_version":"2.0","trip_id":"72cf0cd11b66424f5d72b72df8a87924","source_file":"yellow_tripdata_2024-09.parquet","ingest_mode":"streaming","ingest_timestamp":"2026-05-18T15:41:44.574Z","event_time":"2024-08-31T23:47:25.000Z","trip_date":"2024-08-31","vendor_id":2,"pickup_datetime":"2024-08-31T23:47:25.000Z","passenger_count":1,"pulocation_id":230,"dolocation_id":100},"nullCount":{"event_id":0,"event_type":0,"schema_version":0,"trip_id":0,"source_file":0,"ingest_mode":0,"ingest_timestamp":0,"event_time":0,"trip_date":0,"vendor_id":0,"pickup_datetime":0,"passenger_count":0,"pulocation_id":0,"dolocation_id":0}},null,null,None,None,None), AddFile(part-00004-bf95d00f-7224-4d19-8506-bb804d74ba69-c000.snappy.parquet,Map(),16203,1779118907000,false,{"numRecords":67,"minValues":{"event_id":"00f4412c4abb87a7edb991f16b8e3872","event_type":"trip_started","schema_version":"2.0","trip_id":"0106a3fdc6d124355ddbc3170eb7fa9d","source_file":"yellow_tripdata_2024-09.parquet","ingest_mode":"streaming","ingest_timestamp":"2026-05-18T15:30:55.546Z","event_time":"2024-08-31T23:48:15.000Z","trip_date":"2024-08-31","vendor_id":1,"pickup_datetime":"2024-08-31T23:48:15.000Z","passenger_count":0,"pulocation_id":41,"dolocation_id":4},"maxValues":{"event_id":"ffa973e5c6626d9b56f1d9367abd3987","event_type":"trip_started","schema_version":"2.0","trip_id":"fc82163fbf256ca3108569d8f7fa673b","source_file":"yellow_tripdata_2024-09.parquet","ingest_mode":"streaming","ingest_timestamp":"2026-05-18T15:39:10.112Z","event_time":"2024-09-01T00:03:47.000Z","trip_date":"2024-09-01","vendor_id":2,"pickup_datetime":"2024-09-01T00:03:47.000Z","passenger_count":5,"pulocation_id":255,"dolocation_id":263},"nullCount":{"event_id":0,"event_type":0,"schema_version":0,"trip_id":0,"source_file":0,"ingest_mode":0,"ingest_timestamp":0,"event_time":0,"trip_date":0,"vendor_id":0,"pickup_datetime":0,"passenger_count":12,"pulocation_id":0,"dolocation_id":0}},null,null,None,None,None), AddFile(part-00001-15e62d34-1cb7-4e48-afd5-30601fa3f01e-c000.snappy.parquet,Map(),5325,1779118940000,false,{"numRecords":1,"minValues":{"event_id":"b395c7a81f12a58f58489f623d958178","event_type":"trip_started","schema_version":"2.0","trip_id":"133e7d3180d10215019a7d0e6e3cc052","source_file":"yellow_tripdata_2024-09.parquet","ingest_mode":"streaming","ingest_timestamp":"2026-05-18T15:41:59.575Z","event_time":"2024-08-31T23:49:47.000Z","trip_date":"2024-08-31","vendor_id":2,"pickup_datetime":"2024-08-31T23:49:47.000Z","passenger_count":1,"pulocation_id":79,"dolocation_id":211},"maxValues":{"event_id":"b395c7a81f12a58f58489f623d958178","event_type":"trip_started","schema_version":"2.0","trip_id":"133e7d3180d10215019a7d0e6e3cc052","source_file":"yellow_tripdata_2024-09.parquet","ingest_mode":"streaming","ingest_timestamp":"2026-05-18T15:41:59.575Z","event_time":"2024-08-31T23:49:47.000Z","trip_date":"2024-08-31","vendor_id":2,"pickup_datetime":"2024-08-31T23:49:47.000Z","passenger_count":1,"pulocation_id":79,"dolocation_id":211},"nullCount":{"event_id":0,"event_type":0,"schema_version":0,"trip_id":0,"source_file":0,"ingest_mode":0,"ingest_timestamp":0,"event_time":0,"trip_date":0,"vendor_id":0,"pickup_datetime":0,"passenger_count":0,"pulocation_id":0,"dolocation_id":0}},null,null,None,None,None), AddFile(part-00003-b1b9f1d7-6ad3-4d3d-9129-31eff2c0ca88-c000.snappy.parquet,Map(),12843,1779118906000,false,{"numRecords":51,"minValues":{"event_id":"033a945818d220fae8d0f5ea06aade55","event_type":"trip_started","schema_version":"2.0","trip_id":"007211974f070e6081d820f78a892116","source_file":"yellow_tripdata_2024-09.parquet","ingest_mode":"streaming","ingest_timestamp":"2026-05-18T15:30:08.336Z","event_time":"2024-08-31T22:27:55.000Z","trip_date":"2024-08-31","vendor_id":1,"pickup_datetime":"2024-08-31T22:27:55.000Z","passenger_count":0,"pulocation_id":24,"dolocation_id":7},"maxValues":{"event_id":"f914c4bf2487bb514676e80f0e515e30","event_type":"trip_started","schema_version":"2.0","trip_id":"fd8556cf3a0c0a61eb48a4f6e35a55b5","source_file":"yellow_tripdata_2024-09.parquet","ingest_mode":"streaming","ingest_timestamp":"2026-05-18T15:41:02.366Z","event_time":"2024-09-01T00:03:39.000Z","trip_date":"2024-09-01","vendor_id":2,"pickup_datetime":"2024-09-01T00:03:39.000Z","passenger_count":5,"pulocation_id":249,"dolocation_id":265},"nullCount":{"event_id":0,"event_type":0,"schema_version":0,"trip_id":0,"source_file":0,"ingest_mode":0,"ingest_timestamp":0,"event_time":0,"trip_date":0,"vendor_id":0,"pickup_datetime":0,"passenger_count":11,"pulocation_id":0,"dolocation_id":0}},null,null,None,None,None))))))
26/05/18 15:42:40 INFO DeltaLog: Updated snapshot to Snapshot(path=s3a://lakehouse/benchmark/bronze/20260518T154052Z/low/started/_delta_log, version=4, metadata=Metadata(e54c2914-4281-4b97-a14f-d4cd8e512b01,null,null,Format(parquet,Map()),{"type":"struct","fields":[{"name":"event_id","type":"string","nullable":true,"metadata":{}},{"name":"event_type","type":"string","nullable":true,"metadata":{}},{"name":"schema_version","type":"string","nullable":true,"metadata":{}},{"name":"trip_id","type":"string","nullable":true,"metadata":{}},{"name":"source_file","type":"string","nullable":true,"metadata":{}},{"name":"ingest_mode","type":"string","nullable":true,"metadata":{}},{"name":"ingest_timestamp","type":"timestamp","nullable":true,"metadata":{}},{"name":"event_time","type":"timestamp","nullable":true,"metadata":{}},{"name":"trip_date","type":"string","nullable":true,"metadata":{}},{"name":"vendor_id","type":"integer","nullable":true,"metadata":{}},{"name":"pickup_datetime","type":"timestamp","nullable":true,"metadata":{}},{"name":"passenger_count","type":"long","nullable":true,"metadata":{}},{"name":"pulocation_id","type":"integer","nullable":true,"metadata":{}},{"name":"dolocation_id","type":"integer","nullable":true,"metadata":{}}]},List(),Map(),Some(1779118886752)), logSegment=LogSegment(s3a://lakehouse/benchmark/bronze/20260518T154052Z/low/started/_delta_log,4,ArraySeq(S3AFileStatus{path=s3a://lakehouse/benchmark/bronze/20260518T154052Z/low/started/_delta_log/00000000000000000000.json; isDirectory=false; length=10954; replication=1; blocksize=33554432; modification_time=1779118909098; access_time=0; owner=spark; group=spark; permission=rw-rw-rw-; isSymlink=false; hasAcl=false; isEncrypted=true; isErasureCoded=false} isEmptyDirectory=FALSE eTag="2dc840860c22af6901e80b07ffd4ef78" versionId=null, S3AFileStatus{path=s3a://lakehouse/benchmark/bronze/20260518T154052Z/low/started/_delta_log/00000000000000000001.json; isDirectory=false; length=6534; replication=1; blocksize=33554432; modification_time=1779118933421; access_time=0; owner=spark; group=spark; permission=rw-rw-rw-; isSymlink=false; hasAcl=false; isEncrypted=true; isErasureCoded=false} isEmptyDirectory=FALSE eTag="12e73076721d9b91785d3f2f712039e1" versionId=null, S3AFileStatus{path=s3a://lakehouse/benchmark/bronze/20260518T154052Z/low/started/_delta_log/00000000000000000002.json; isDirectory=false; length=5042; replication=1; blocksize=33554432; modification_time=1779118941417; access_time=0; owner=spark; group=spark; permission=rw-rw-rw-; isSymlink=false; hasAcl=false; isEncrypted=true; isErasureCoded=false} isEmptyDirectory=FALSE eTag="004bb0d2cb529c0cb5ef31cccea13acb" versionId=null, S3AFileStatus{path=s3a://lakehouse/benchmark/bronze/20260518T154052Z/low/started/_delta_log/00000000000000000003.json; isDirectory=false; length=2049; replication=1; blocksize=33554432; modification_time=1779118947493; access_time=0; owner=spark; group=spark; permission=rw-rw-rw-; isSymlink=false; hasAcl=false; isEncrypted=true; isErasureCoded=false} isEmptyDirectory=FALSE eTag="4dde2cedc8395ede38ef68ba9cfeff06" versionId=null, S3AFileStatus{path=s3a://lakehouse/benchmark/bronze/20260518T154052Z/low/started/_delta_log/00000000000000000004.json; isDirectory=false; length=2047; replication=1; blocksize=33554432; modification_time=1779118954294; access_time=0; owner=spark; group=spark; permission=rw-rw-rw-; isSymlink=false; hasAcl=false; isEncrypted=true; isErasureCoded=false} isEmptyDirectory=FALSE eTag="a8d058311c0896a53735c0ae32fc5205" versionId=null),org.apache.spark.sql.delta.EmptyCheckpointProvider$@664c2564,1779118954294), checksumOpt=Some(VersionChecksum(Some(a781ccdf-1d8a-40b3-a785-c39cf42c3959),133363,15,None,None,1,1,None,Some(List(SetTransaction(4c71fffa-098f-430a-acdb-8cf33542b27e,4,Some(1779118954275)))),Some(List()),Metadata(e54c2914-4281-4b97-a14f-d4cd8e512b01,null,null,Format(parquet,Map()),{"type":"struct","fields":[{"name":"event_id","type":"string","nullable":true,"metadata":{}},{"name":"event_type","type":"string","nullable":true,"metadata":{}},{"name":"schema_version","type":"string","nullable":true,"metadata":{}},{"name":"trip_id","type":"string","nullable":true,"metadata":{}},{"name":"source_file","type":"string","nullable":true,"metadata":{}},{"name":"ingest_mode","type":"string","nullable":true,"metadata":{}},{"name":"ingest_timestamp","type":"timestamp","nullable":true,"metadata":{}},{"name":"event_time","type":"timestamp","nullable":true,"metadata":{}},{"name":"trip_date","type":"string","nullable":true,"metadata":{}},{"name":"vendor_id","type":"integer","nullable":true,"metadata":{}},{"name":"pickup_datetime","type":"timestamp","nullable":true,"metadata":{}},{"name":"passenger_count","type":"long","nullable":true,"metadata":{}},{"name":"pulocation_id","type":"integer","nullable":true,"metadata":{}},{"name":"dolocation_id","type":"integer","nullable":true,"metadata":{}}]},List(),Map(),Some(1779118886752)),Protocol(1,2),None,None,Some(List(AddFile(part-00005-56447017-32c5-4b7e-b9ab-d59860935c92-c000.snappy.parquet,Map(),13745,1779118908000,false,{"numRecords":58,"minValues":{"event_id":"1455410b53ba26496dd8268d814efb0d","event_type":"trip_started","schema_version":"2.0","trip_id":"055d4dc21a238c32a1173721d4ca04f8","source_file":"yellow_tripdata_2024-09.parquet","ingest_mode":"streaming","ingest_timestamp":"2026-05-18T15:30:33.344Z","event_time":"2024-08-31T23:41:24.000Z","trip_date":"2024-08-31","vendor_id":1,"pickup_datetime":"2024-08-31T23:41:24.000Z","passenger_count":1,"pulocation_id":4,"dolocation_id":13},"maxValues":{"event_id":"fc33a45f23b40ebd214e1bfc68a49bcb","event_type":"trip_started","schema_version":"2.0","trip_id":"fe2349c4e6416804cff94b8f71437d80","source_file":"yellow_tripdata_2024-09.parquet","ingest_mode":"streaming","ingest_timestamp":"2026-05-18T15:39:01.111Z","event_time":"2024-09-01T00:03:38.000Z","trip_date":"2024-09-01","vendor_id":2,"pickup_datetime":"2024-09-01T00:03:38.000Z","passenger_count":5,"pulocation_id":263,"dolocation_id":261},"nullCount":{"event_id":0,"event_type":0,"schema_version":0,"trip_id":0,"source_file":0,"ingest_mode":0,"ingest_timestamp":0,"event_time":0,"trip_date":0,"vendor_id":0,"pickup_datetime":0,"passenger_count":7,"pulocation_id":0,"dolocation_id":0}},null,null,None,None,None), AddFile(part-00000-08aad25c-9cc6-4b91-9c29-ef1ada60ea60-c000.snappy.parquet,Map(),16483,1779118902000,false,{"numRecords":73,"minValues":{"event_id":"0212d8086261a2018cb807d1a4d7a46b","event_type":"trip_started","schema_version":"2.0","trip_id":"031b404c98f442710d2269c0a06824fd","source_file":"yellow_tripdata_2024-09.parquet","ingest_mode":"streaming","ingest_timestamp":"2026-05-18T15:30:18.343Z","event_time":"2024-08-31T23:16:36.000Z","trip_date":"2024-08-31","vendor_id":1,"pickup_datetime":"2024-08-31T23:16:36.000Z","passenger_count":1,"pulocation_id":41,"dolocation_id":15},"maxValues":{"event_id":"febc668d372ab0492f5c4e7165b45be2","event_type":"trip_started","schema_version":"2.0","trip_id":"f8cfd09088ab01f1042a890d127bfcca","source_file":"yellow_tripdata_2024-09.parquet","ingest_mode":"streaming","ingest_timestamp":"2026-05-18T15:41:12.372Z","event_time":"2024-09-01T00:03:44.000Z","trip_date":"2024-09-01","vendor_id":2,"pickup_datetime":"2024-09-01T00:03:44.000Z","passenger_count":5,"pulocation_id":249,"dolocation_id":265},"nullCount":{"event_id":0,"event_type":0,"schema_version":0,"trip_id":0,"source_file":0,"ingest_mode":0,"ingest_timestamp":0,"event_time":0,"trip_date":0,"vendor_id":0,"pickup_datetime":0,"passenger_count":7,"pulocation_id":0,"dolocation_id":0}},null,null,None,None,None), AddFile(part-00000-04a2f022-e88e-4fb8-842d-03ac20cee535-c000.snappy.parquet,Map(),5324,1779118947000,false,{"numRecords":1,"minValues":{"event_id":"52352c98a72028429aa0529967846b38","event_type":"trip_started","schema_version":"2.0","trip_id":"d5f457d09a3953154558bb47240e0cb4","source_file":"yellow_tripdata_2024-09.parquet","ingest_mode":"streaming","ingest_timestamp":"2026-05-18T15:42:17.777Z","event_time":"2024-08-31T23:55:17.000Z","trip_date":"2024-08-31","vendor_id":2,"pickup_datetime":"2024-08-31T23:55:17.000Z","passenger_count":5,"pulocation_id":93,"dolocation_id":141},"maxValues":{"event_id":"52352c98a72028429aa0529967846b38","event_type":"trip_started","schema_version":"2.0","trip_id":"d5f457d09a3953154558bb47240e0cb4","source_file":"yellow_tripdata_2024-09.parquet","ingest_mode":"streaming","ingest_timestamp":"2026-05-18T15:42:17.777Z","event_time":"2024-08-31T23:55:17.000Z","trip_date":"2024-08-31","vendor_id":2,"pickup_datetime":"2024-08-31T23:55:17.000Z","passenger_count":5,"pulocation_id":93,"dolocation_id":141},"nullCount":{"event_id":0,"event_type":0,"schema_version":0,"trip_id":0,"source_file":0,"ingest_mode":0,"ingest_timestamp":0,"event_time":0,"trip_date":0,"vendor_id":0,"pickup_datetime":0,"passenger_count":0,"pulocation_id":0,"dolocation_id":0}},null,null,None,None,None), AddFile(part-00002-204c9462-febd-4a6e-9fc5-d2cff48b0fab-c000.snappy.parquet,Map(),5290,1779118941000,false,{"numRecords":2,"minValues":{"event_id":"7094784f7b964147a344562f3c700452","event_type":"trip_started","schema_version":"2.0","trip_id":"49abd9d6c1136369978e031c3defd4dd","source_file":"yellow_tripdata_2024-09.parquet","ingest_mode":"streaming","ingest_timestamp":"2026-05-18T15:42:09.576Z","event_time":"2024-08-31T23:54:28.000Z","trip_date":"2024-08-31","vendor_id":2,"pickup_datetime":"2024-08-31T23:54:28.000Z","passenger_count":1,"pulocation_id":138,"dolocation_id":129},"maxValues":{"event_id":"a33916c25654965d32f61be210f37d0f","event_type":"trip_started","schema_version":"2.0","trip_id":"87e7c11c9799f63c59e672e1b144842e","source_file":"yellow_tripdata_2024-09.parquet","ingest_mode":"streaming","ingest_timestamp":"2026-05-18T15:42:11.576Z","event_time":"2024-08-31T23:54:38.000Z","trip_date":"2024-08-31","vendor_id":2,"pickup_datetime":"2024-08-31T23:54:38.000Z","passenger_count":2,"pulocation_id":230,"dolocation_id":162},"nullCount":{"event_id":0,"event_type":0,"schema_version":0,"trip_id":0,"source_file":0,"ingest_mode":0,"ingest_timestamp":0,"event_time":0,"trip_date":0,"vendor_id":0,"pickup_datetime":0,"passenger_count":0,"pulocation_id":0,"dolocation_id":0}},null,null,None,None,None), AddFile(part-00000-beaa7485-6c72-4622-b407-4ad4b6e10b2e-c000.snappy.parquet,Map(),5325,1779118954000,false,{"numRecords":1,"minValues":{"event_id":"654539c39ceb4cbe902edee99605921c","event_type":"trip_started","schema_version":"2.0","trip_id":"696e7f1d0beb89f1c18c5da6c65ad872","source_file":"yellow_tripdata_2024-09.parquet","ingest_mode":"streaming","ingest_timestamp":"2026-05-18T15:42:22.777Z","event_time":"2024-08-31T23:56:31.000Z","trip_date":"2024-08-31","vendor_id":2,"pickup_datetime":"2024-08-31T23:56:31.000Z","passenger_count":2,"pulocation_id":170,"dolocation_id":7},"maxValues":{"event_id":"654539c39ceb4cbe902edee99605921c","event_type":"trip_started","schema_version":"2.0","trip_id":"696e7f1d0beb89f1c18c5da6c65ad872","source_file":"yellow_tripdata_2024-09.parquet","ingest_mode":"streaming","ingest_timestamp":"2026-05-18T15:42:22.777Z","event_time":"2024-08-31T23:56:31.000Z","trip_date":"2024-08-31","vendor_id":2,"pickup_datetime":"2024-08-31T23:56:31.000Z","passenger_count":2,"pulocation_id":170,"dolocation_id":7},"nullCount":{"event_id":0,"event_type":0,"schema_version":0,"trip_id":0,"source_file":0,"ingest_mode":0,"ingest_timestamp":0,"event_time":0,"trip_date":0,"vendor_id":0,"pickup_datetime":0,"passenger_count":0,"pulocation_id":0,"dolocation_id":0}},null,null,None,None,None), AddFile(part-00000-ac8a9b1d-58d7-4719-9e76-5f8fbe428c56-c000.snappy.parquet,Map(),5289,1779118932000,false,{"numRecords":2,"minValues":{"event_id":"0e42e0a8ff68c0593e5f62fe564cc867","event_type":"trip_started","schema_version":"2.0","trip_id":"74cc4dc0356999a5051ffc06fe590ba0","source_file":"yellow_tripdata_2024-09.parquet","ingest_mode":"streaming","ingest_timestamp":"2026-05-18T15:41:32.373Z","event_time":"2024-08-31T23:45:56.000Z","trip_date":"2024-08-31","vendor_id":2,"pickup_datetime":"2024-08-31T23:45:56.000Z","passenger_count":1,"pulocation_id":24,"dolocation_id":24},"maxValues":{"event_id":"20f272b57abcb77396229a1f4f79d2a6","event_type":"trip_started","schema_version":"2.0","trip_id":"7e4582c034b9714ccbb8b7972ee7452a","source_file":"yellow_tripdata_2024-09.parquet","ingest_mode":"streaming","ingest_timestamp":"2026-05-18T15:41:40.774Z","event_time":"2024-08-31T23:47:06.000Z","trip_date":"2024-08-31","vendor_id":2,"pickup_datetime":"2024-08-31T23:47:06.000Z","passenger_count":6,"pulocation_id":142,"dolocation_id":162},"nullCount":{"event_id":0,"event_type":0,"schema_version":0,"trip_id":0,"source_file":0,"ingest_mode":0,"ingest_timestamp":0,"event_time":0,"trip_date":0,"vendor_id":0,"pickup_datetime":0,"passenger_count":0,"pulocation_id":0,"dolocation_id":0}},null,null,None,None,None), AddFile(part-00001-3e08f1a9-004f-4148-96c2-ce39df27dafa-c000.snappy.parquet,Map(),5324,1779118932000,false,{"numRecords":1,"minValues":{"event_id":"49fd4523f0edf3af6db90b980f85b44b","event_type":"trip_started","schema_version":"2.0","trip_id":"a81a5f72bed880eb1011e846ec08a7b3","source_file":"yellow_tripdata_2024-09.parquet","ingest_mode":"streaming","ingest_timestamp":"2026-05-18T15:41:32.373Z","event_time":"2024-08-31T23:45:56.000Z","trip_date":"2024-08-31","vendor_id":2,"pickup_datetime":"2024-08-31T23:45:56.000Z","passenger_count":1,"pulocation_id":24,"dolocation_id":24},"maxValues":{"event_id":"49fd4523f0edf3af6db90b980f85b44b","event_type":"trip_started","schema_version":"2.0","trip_id":"a81a5f72bed880eb1011e846ec08a7b3","source_file":"yellow_tripdata_2024-09.parquet","ingest_mode":"streaming","ingest_timestamp":"2026-05-18T15:41:32.373Z","event_time":"2024-08-31T23:45:56.000Z","trip_date":"2024-08-31","vendor_id":2,"pickup_datetime":"2024-08-31T23:45:56.000Z","passenger_count":1,"pulocation_id":24,"dolocation_id":24},"nullCount":{"event_id":0,"event_type":0,"schema_version":0,"trip_id":0,"source_file":0,"ingest_mode":0,"ingest_timestamp":0,"event_time":0,"trip_date":0,"vendor_id":0,"pickup_datetime":0,"passenger_count":0,"pulocation_id":0,"dolocation_id":0}},null,null,None,None,None), AddFile(part-00002-d9b3fdfd-9a1c-4ba7-bce8-809853fb9b08-c000.snappy.parquet,Map(),5325,1779118933000,false,{"numRecords":1,"minValues":{"event_id":"c2b354f6093db075096dd7d6cd094124","event_type":"trip_started","schema_version":"2.0","trip_id":"2e493edb13c1adcaf6af648c66c05d11","source_file":"yellow_tripdata_2024-09.parquet","ingest_mode":"streaming","ingest_timestamp":"2026-05-18T15:41:49.575Z","event_time":"2024-08-31T23:48:15.000Z","trip_date":"2024-08-31","vendor_id":2,"pickup_datetime":"2024-08-31T23:48:15.000Z","passenger_count":1,"pulocation_id":87,"dolocation_id":232},"maxValues":{"event_id":"c2b354f6093db075096dd7d6cd094124","event_type":"trip_started","schema_version":"2.0","trip_id":"2e493edb13c1adcaf6af648c66c05d11","source_file":"yellow_tripdata_2024-09.parquet","ingest_mode":"streaming","ingest_timestamp":"2026-05-18T15:41:49.575Z","event_time":"2024-08-31T23:48:15.000Z","trip_date":"2024-08-31","vendor_id":2,"pickup_datetime":"2024-08-31T23:48:15.000Z","passenger_count":1,"pulocation_id":87,"dolocation_id":232},"nullCount":{"event_id":0,"event_type":0,"schema_version":0,"trip_id":0,"source_file":0,"ingest_mode":0,"ingest_timestamp":0,"event_time":0,"trip_date":0,"vendor_id":0,"pickup_datetime":0,"passenger_count":0,"pulocation_id":0,"dolocation_id":0}},null,null,None,None,None), AddFile(part-00002-d9b630b8-3fe6-47f4-bef5-e312d5875278-c000.snappy.parquet,Map(),15373,1779118905000,false,{"numRecords":67,"minValues":{"event_id":"011a460cb5a25c4ee561b11bfa14604d","event_type":"trip_started","schema_version":"2.0","trip_id":"02a39a8e328190af69190a907699ab05","source_file":"yellow_tripdata_2024-09.parquet","ingest_mode":"streaming","ingest_timestamp":"2026-05-18T15:30:23.343Z","event_time":"2024-08-31T23:31:22.000Z","trip_date":"2024-08-31","vendor_id":1,"pickup_datetime":"2024-08-31T23:31:22.000Z","passenger_count":0,"pulocation_id":24,"dolocation_id":7},"maxValues":{"event_id":"fb8fb0226b979d486aa1fe15bcadfd02","event_type":"trip_started","schema_version":"2.0","trip_id":"ff8ff4056149324b8cb6441936211b7a","source_file":"yellow_tripdata_2024-09.parquet","ingest_mode":"streaming","ingest_timestamp":"2026-05-18T15:41:17.372Z","event_time":"2024-09-01T00:03:44.000Z","trip_date":"2024-09-01","vendor_id":2,"pickup_datetime":"2024-09-01T00:03:44.000Z","passenger_count":6,"pulocation_id":265,"dolocation_id":265},"nullCount":{"event_id":0,"event_type":0,"schema_version":0,"trip_id":0,"source_file":0,"ingest_mode":0,"ingest_timestamp":0,"event_time":0,"trip_date":0,"vendor_id":0,"pickup_datetime":0,"passenger_count":7,"pulocation_id":0,"dolocation_id":0}},null,null,None,None,None), AddFile(part-00001-25597aa3-37ba-4ada-a57e-d65085251b3f-c000.snappy.parquet,Map(),10884,1779118904000,false,{"numRecords":36,"minValues":{"event_id":"00bb01354109838b627c857eebe80dc2","event_type":"trip_started","schema_version":"2.0","trip_id":"0151b1434bda3c8918caec4e7800368d","source_file":"yellow_tripdata_2024-09.parquet","ingest_mode":"streaming","ingest_timestamp":"2026-05-18T15:31:05.546Z","event_time":"2024-08-31T23:49:47.000Z","trip_date":"2024-08-31","vendor_id":1,"pickup_datetime":"2024-08-31T23:49:47.000Z","passenger_count":0,"pulocation_id":68,"dolocation_id":45},"maxValues":{"event_id":"fc777a5f3c65c6d093b9336703c5e846","event_type":"trip_started","schema_version":"2.0","trip_id":"febc1b1d83b45aebc128b44d8bf1e48d","source_file":"yellow_tripdata_2024-09.parquet","ingest_mode":"streaming","ingest_timestamp":"2026-05-18T15:38:55.109Z","event_time":"2024-09-01T00:03:32.000Z","trip_date":"2024-09-01","vendor_id":2,"pickup_datetime":"2024-09-01T00:03:32.000Z","passenger_count":5,"pulocation_id":263,"dolocation_id":265},"nullCount":{"event_id":0,"event_type":0,"schema_version":0,"trip_id":0,"source_file":0,"ingest_mode":0,"ingest_timestamp":0,"event_time":0,"trip_date":0,"vendor_id":0,"pickup_datetime":0,"passenger_count":3,"pulocation_id":0,"dolocation_id":0}},null,null,None,None,None), AddFile(part-00000-354a8d2e-7fe2-4583-a46c-fa6563c44f3f-c000.snappy.parquet,Map(),5314,1779118940000,false,{"numRecords":2,"minValues":{"event_id":"14702b58b8c37db8b2b50034899fc9c7","event_type":"trip_started","schema_version":"2.0","trip_id":"2c7293107d5369aafe0b0f664a64c1e4","source_file":"yellow_tripdata_2024-09.parquet","ingest_mode":"streaming","ingest_timestamp":"2026-05-18T15:42:04.576Z","event_time":"2024-08-31T23:53:06.000Z","trip_date":"2024-08-31","vendor_id":2,"pickup_datetime":"2024-08-31T23:53:06.000Z","passenger_count":1,"pulocation_id":48,"dolocation_id":48},"maxValues":{"event_id":"53de4f6d29a18ae8c5ee21ff0b51e6dd","event_type":"trip_started","schema_version":"2.0","trip_id":"2c83a9caa91b8b0fc7bb449a3e93bc05","source_file":"yellow_tripdata_2024-09.parquet","ingest_mode":"streaming","ingest_timestamp":"2026-05-18T15:42:12.777Z","event_time":"2024-08-31T23:54:44.000Z","trip_date":"2024-08-31","vendor_id":2,"pickup_datetime":"2024-08-31T23:54:44.000Z","passenger_count":1,"pulocation_id":231,"dolocation_id":231},"nullCount":{"event_id":0,"event_type":0,"schema_version":0,"trip_id":0,"source_file":0,"ingest_mode":0,"ingest_timestamp":0,"event_time":0,"trip_date":0,"vendor_id":0,"pickup_datetime":0,"passenger_count":0,"pulocation_id":0,"dolocation_id":0}},null,null,None,None,None), AddFile(part-00003-40e0630d-6fe9-4e39-9602-a33736b745ca-c000.snappy.parquet,Map(),5316,1779118933000,false,{"numRecords":2,"minValues":{"event_id":"3a11c04f3f86a8a2ed90c5835f8fcb0c","event_type":"trip_started","schema_version":"2.0","trip_id":"5ea4134ac6f17edb7f639fc94f24acac","source_file":"yellow_tripdata_2024-09.parquet","ingest_mode":"streaming","ingest_timestamp":"2026-05-18T15:41:27.373Z","event_time":"2024-08-31T23:41:24.000Z","trip_date":"2024-08-31","vendor_id":2,"pickup_datetime":"2024-08-31T23:41:24.000Z","passenger_count":1,"pulocation_id":100,"dolocation_id":42},"maxValues":{"event_id":"810ea42e4364ec7ab0e87ebf0400ae41","event_type":"trip_started","schema_version":"2.0","trip_id":"72cf0cd11b66424f5d72b72df8a87924","source_file":"yellow_tripdata_2024-09.parquet","ingest_mode":"streaming","ingest_timestamp":"2026-05-18T15:41:44.574Z","event_time":"2024-08-31T23:47:25.000Z","trip_date":"2024-08-31","vendor_id":2,"pickup_datetime":"2024-08-31T23:47:25.000Z","passenger_count":1,"pulocation_id":230,"dolocation_id":100},"nullCount":{"event_id":0,"event_type":0,"schema_version":0,"trip_id":0,"source_file":0,"ingest_mode":0,"ingest_timestamp":0,"event_time":0,"trip_date":0,"vendor_id":0,"pickup_datetime":0,"passenger_count":0,"pulocation_id":0,"dolocation_id":0}},null,null,None,None,None), AddFile(part-00004-bf95d00f-7224-4d19-8506-bb804d74ba69-c000.snappy.parquet,Map(),16203,1779118907000,false,{"numRecords":67,"minValues":{"event_id":"00f4412c4abb87a7edb991f16b8e3872","event_type":"trip_started","schema_version":"2.0","trip_id":"0106a3fdc6d124355ddbc3170eb7fa9d","source_file":"yellow_tripdata_2024-09.parquet","ingest_mode":"streaming","ingest_timestamp":"2026-05-18T15:30:55.546Z","event_time":"2024-08-31T23:48:15.000Z","trip_date":"2024-08-31","vendor_id":1,"pickup_datetime":"2024-08-31T23:48:15.000Z","passenger_count":0,"pulocation_id":41,"dolocation_id":4},"maxValues":{"event_id":"ffa973e5c6626d9b56f1d9367abd3987","event_type":"trip_started","schema_version":"2.0","trip_id":"fc82163fbf256ca3108569d8f7fa673b","source_file":"yellow_tripdata_2024-09.parquet","ingest_mode":"streaming","ingest_timestamp":"2026-05-18T15:39:10.112Z","event_time":"2024-09-01T00:03:47.000Z","trip_date":"2024-09-01","vendor_id":2,"pickup_datetime":"2024-09-01T00:03:47.000Z","passenger_count":5,"pulocation_id":255,"dolocation_id":263},"nullCount":{"event_id":0,"event_type":0,"schema_version":0,"trip_id":0,"source_file":0,"ingest_mode":0,"ingest_timestamp":0,"event_time":0,"trip_date":0,"vendor_id":0,"pickup_datetime":0,"passenger_count":12,"pulocation_id":0,"dolocation_id":0}},null,null,None,None,None), AddFile(part-00001-15e62d34-1cb7-4e48-afd5-30601fa3f01e-c000.snappy.parquet,Map(),5325,1779118940000,false,{"numRecords":1,"minValues":{"event_id":"b395c7a81f12a58f58489f623d958178","event_type":"trip_started","schema_version":"2.0","trip_id":"133e7d3180d10215019a7d0e6e3cc052","source_file":"yellow_tripdata_2024-09.parquet","ingest_mode":"streaming","ingest_timestamp":"2026-05-18T15:41:59.575Z","event_time":"2024-08-31T23:49:47.000Z","trip_date":"2024-08-31","vendor_id":2,"pickup_datetime":"2024-08-31T23:49:47.000Z","passenger_count":1,"pulocation_id":79,"dolocation_id":211},"maxValues":{"event_id":"b395c7a81f12a58f58489f623d958178","event_type":"trip_started","schema_version":"2.0","trip_id":"133e7d3180d10215019a7d0e6e3cc052","source_file":"yellow_tripdata_2024-09.parquet","ingest_mode":"streaming","ingest_timestamp":"2026-05-18T15:41:59.575Z","event_time":"2024-08-31T23:49:47.000Z","trip_date":"2024-08-31","vendor_id":2,"pickup_datetime":"2024-08-31T23:49:47.000Z","passenger_count":1,"pulocation_id":79,"dolocation_id":211},"nullCount":{"event_id":0,"event_type":0,"schema_version":0,"trip_id":0,"source_file":0,"ingest_mode":0,"ingest_timestamp":0,"event_time":0,"trip_date":0,"vendor_id":0,"pickup_datetime":0,"passenger_count":0,"pulocation_id":0,"dolocation_id":0}},null,null,None,None,None), AddFile(part-00003-b1b9f1d7-6ad3-4d3d-9129-31eff2c0ca88-c000.snappy.parquet,Map(),12843,1779118906000,false,{"numRecords":51,"minValues":{"event_id":"033a945818d220fae8d0f5ea06aade55","event_type":"trip_started","schema_version":"2.0","trip_id":"007211974f070e6081d820f78a892116","source_file":"yellow_tripdata_2024-09.parquet","ingest_mode":"streaming","ingest_timestamp":"2026-05-18T15:30:08.336Z","event_time":"2024-08-31T22:27:55.000Z","trip_date":"2024-08-31","vendor_id":1,"pickup_datetime":"2024-08-31T22:27:55.000Z","passenger_count":0,"pulocation_id":24,"dolocation_id":7},"maxValues":{"event_id":"f914c4bf2487bb514676e80f0e515e30","event_type":"trip_started","schema_version":"2.0","trip_id":"fd8556cf3a0c0a61eb48a4f6e35a55b5","source_file":"yellow_tripdata_2024-09.parquet","ingest_mode":"streaming","ingest_timestamp":"2026-05-18T15:41:02.366Z","event_time":"2024-09-01T00:03:39.000Z","trip_date":"2024-09-01","vendor_id":2,"pickup_datetime":"2024-09-01T00:03:39.000Z","passenger_count":5,"pulocation_id":249,"dolocation_id":265},"nullCount":{"event_id":0,"event_type":0,"schema_version":0,"trip_id":0,"source_file":0,"ingest_mode":0,"ingest_timestamp":0,"event_time":0,"trip_date":0,"vendor_id":0,"pickup_datetime":0,"passenger_count":11,"pulocation_id":0,"dolocation_id":0}},null,null,None,None,None))))))
26/05/18 15:42:40 INFO Snapshot: DELTA: Compute snapshot for version: 4
26/05/18 15:42:40 INFO MemoryStore: Block broadcast_25 stored as values in memory (estimated size 242.1 KiB, free 431.6 MiB)
26/05/18 15:42:40 INFO MemoryStore: Block broadcast_25_piece0 stored as bytes in memory (estimated size 41.2 KiB, free 431.5 MiB)
26/05/18 15:42:40 INFO SparkContext: Created broadcast 25 from start at NativeMethodAccessorImpl.java:0
26/05/18 15:42:40 INFO DeltaLogFileIndex: Created DeltaLogFileIndex(JSON, numFilesInSegment: 5, totalFileSize: 26626)
26/05/18 15:42:40 INFO DataSourceStrategy: Pruning directories with: Set()
26/05/18 15:42:40 INFO FileSourceStrategy: Pushed Filters: 
26/05/18 15:42:40 INFO FileSourceStrategy: Post-Scan Filters: Set()
26/05/18 15:42:40 INFO BlockManager: Removing RDD 77
26/05/18 15:42:40 INFO MemoryStore: Block broadcast_26 stored as values in memory (estimated size 242.4 KiB, free 433.9 MiB)
26/05/18 15:42:40 INFO MemoryStore: Block broadcast_26_piece0 stored as bytes in memory (estimated size 41.3 KiB, free 433.8 MiB)
26/05/18 15:42:40 INFO SparkContext: Created broadcast 26 from start at NativeMethodAccessorImpl.java:0
26/05/18 15:42:40 INFO FileSourceScanExec: Planning scan with bin packing, max size: 10499073 bytes, open cost is considered as scanning 4194304 bytes.
26/05/18 15:42:40 INFO SparkContext: Starting job: start at NativeMethodAccessorImpl.java:0
26/05/18 15:42:40 INFO DAGScheduler: Registering RDD 90 (start at NativeMethodAccessorImpl.java:0) as input to shuffle 8
26/05/18 15:42:40 INFO DAGScheduler: Registering RDD 100 (start at NativeMethodAccessorImpl.java:0) as input to shuffle 9
26/05/18 15:42:40 INFO DAGScheduler: Got job 10 (start at NativeMethodAccessorImpl.java:0) with 1 output partitions
26/05/18 15:42:40 INFO DAGScheduler: Final stage: ResultStage 19 (start at NativeMethodAccessorImpl.java:0)
26/05/18 15:42:40 INFO DAGScheduler: Parents of final stage: List(ShuffleMapStage 18)
26/05/18 15:42:40 INFO DAGScheduler: Missing parents: List(ShuffleMapStage 18)
26/05/18 15:42:40 INFO DAGScheduler: Submitting ShuffleMapStage 17 (MapPartitionsRDD[90] at start at NativeMethodAccessorImpl.java:0), which has no missing parents
26/05/18 15:42:40 INFO MemoryStore: Block broadcast_27 stored as values in memory (estimated size 100.7 KiB, free 433.7 MiB)
26/05/18 15:42:40 INFO MemoryStore: Block broadcast_27_piece0 stored as bytes in memory (estimated size 29.0 KiB, free 433.7 MiB)
26/05/18 15:42:40 INFO SparkContext: Created broadcast 27 from broadcast at DAGScheduler.scala:1676
26/05/18 15:42:40 INFO DAGScheduler: Submitting 2 missing tasks from ShuffleMapStage 17 (MapPartitionsRDD[90] at start at NativeMethodAccessorImpl.java:0) (first 15 tasks are for partitions Vector(0, 1))
26/05/18 15:42:40 INFO TaskSchedulerImpl: Adding task set 17.0 with 2 tasks resource profile 0
26/05/18 15:42:40 INFO TaskSetManager: Starting task 0.0 in stage 17.0 (TID 226) (10.42.1.64,executor 1, partition 0, PROCESS_LOCAL, 10711 bytes) 
26/05/18 15:42:40 INFO TaskSetManager: Starting task 1.0 in stage 17.0 (TID 227) (10.42.1.64,executor 1, partition 1, PROCESS_LOCAL, 10531 bytes) 
26/05/18 15:42:40 INFO TaskSetManager: Finished task 0.0 in stage 17.0 (TID 226) in 79 ms on 10.42.1.64 (executor 1) (1/2)
26/05/18 15:42:41 INFO TaskSetManager: Finished task 1.0 in stage 17.0 (TID 227) in 77 ms on 10.42.1.64 (executor 1) (2/2)
26/05/18 15:42:41 INFO TaskSchedulerImpl: Removed TaskSet 17.0 whose tasks have all completed, from pool 
26/05/18 15:42:41 INFO DAGScheduler: ShuffleMapStage 17 (start at NativeMethodAccessorImpl.java:0) finished in 159 ms
26/05/18 15:42:41 INFO DAGScheduler: looking for newly runnable stages
26/05/18 15:42:41 INFO DAGScheduler: running: HashSet()
26/05/18 15:42:41 INFO DAGScheduler: waiting: HashSet(ShuffleMapStage 18, ResultStage 19)
26/05/18 15:42:41 INFO DAGScheduler: failed: HashSet()
26/05/18 15:42:41 INFO DAGScheduler: Submitting ShuffleMapStage 18 (MapPartitionsRDD[100] at start at NativeMethodAccessorImpl.java:0), which has no missing parents
26/05/18 15:42:41 INFO MemoryStore: Block broadcast_28 stored as values in memory (estimated size 601.1 KiB, free 433.1 MiB)
26/05/18 15:42:41 INFO MemoryStore: Block broadcast_28_piece0 stored as bytes in memory (estimated size 136.2 KiB, free 433.0 MiB)
26/05/18 15:42:41 INFO SparkContext: Created broadcast 28 from broadcast at DAGScheduler.scala:1676
26/05/18 15:42:41 INFO DAGScheduler: Submitting 50 missing tasks from ShuffleMapStage 18 (MapPartitionsRDD[100] at start at NativeMethodAccessorImpl.java:0) (first 15 tasks are for partitions Vector(0, 1, 2, 3, 4, 5, 6, 7, 8, 9, 10, 11, 12, 13, 14))
26/05/18 15:42:41 INFO TaskSchedulerImpl: Adding task set 18.0 with 50 tasks resource profile 0
26/05/18 15:42:41 INFO TaskSetManager: Starting task 2.0 in stage 18.0 (TID 228) (10.42.1.64,executor 1, partition 2, NODE_LOCAL, 9639 bytes) 
26/05/18 15:42:41 INFO MapOutputTrackerMasterEndpoint: Asked to send map output locations for shuffle 8 to 10.42.1.64:59476
26/05/18 15:42:41 INFO TaskSetManager: Starting task 6.0 in stage 18.0 (TID 229) (10.42.1.64,executor 1, partition 6, NODE_LOCAL, 9639 bytes) 
26/05/18 15:42:41 INFO TaskSetManager: Finished task 2.0 in stage 18.0 (TID 228) in 48 ms on 10.42.1.64 (executor 1) (1/50)
26/05/18 15:42:41 INFO TaskSetManager: Starting task 11.0 in stage 18.0 (TID 230) (10.42.1.64,executor 1, partition 11, NODE_LOCAL, 9639 bytes) 
26/05/18 15:42:41 INFO TaskSetManager: Finished task 6.0 in stage 18.0 (TID 229) in 65 ms on 10.42.1.64 (executor 1) (2/50)
26/05/18 15:42:41 INFO TaskSetManager: Starting task 23.0 in stage 18.0 (TID 231) (10.42.1.64,executor 1, partition 23, NODE_LOCAL, 9639 bytes) 
26/05/18 15:42:41 INFO TaskSetManager: Finished task 11.0 in stage 18.0 (TID 230) in 100 ms on 10.42.1.64 (executor 1) (3/50)
26/05/18 15:42:41 INFO TaskSetManager: Starting task 28.0 in stage 18.0 (TID 232) (10.42.1.64,executor 1, partition 28, NODE_LOCAL, 9639 bytes) 
26/05/18 15:42:41 INFO TaskSetManager: Finished task 23.0 in stage 18.0 (TID 231) in 72 ms on 10.42.1.64 (executor 1) (4/50)
26/05/18 15:42:41 INFO TaskSetManager: Starting task 29.0 in stage 18.0 (TID 233) (10.42.1.64,executor 1, partition 29, NODE_LOCAL, 9639 bytes) 
26/05/18 15:42:41 INFO TaskSetManager: Finished task 28.0 in stage 18.0 (TID 232) in 25 ms on 10.42.1.64 (executor 1) (5/50)
26/05/18 15:42:41 INFO TaskSetManager: Starting task 31.0 in stage 18.0 (TID 234) (10.42.1.64,executor 1, partition 31, NODE_LOCAL, 9639 bytes) 
26/05/18 15:42:41 INFO TaskSetManager: Finished task 29.0 in stage 18.0 (TID 233) in 26 ms on 10.42.1.64 (executor 1) (6/50)
26/05/18 15:42:41 INFO TaskSetManager: Starting task 40.0 in stage 18.0 (TID 235) (10.42.1.64,executor 1, partition 40, NODE_LOCAL, 9639 bytes) 
26/05/18 15:42:41 INFO TaskSetManager: Finished task 31.0 in stage 18.0 (TID 234) in 41 ms on 10.42.1.64 (executor 1) (7/50)
26/05/18 15:42:41 INFO TaskSetManager: Starting task 42.0 in stage 18.0 (TID 236) (10.42.1.64,executor 1, partition 42, NODE_LOCAL, 9639 bytes) 
26/05/18 15:42:41 INFO TaskSetManager: Finished task 40.0 in stage 18.0 (TID 235) in 24 ms on 10.42.1.64 (executor 1) (8/50)
26/05/18 15:42:41 INFO TaskSetManager: Starting task 43.0 in stage 18.0 (TID 237) (10.42.1.64,executor 1, partition 43, NODE_LOCAL, 9639 bytes) 
26/05/18 15:42:41 INFO TaskSetManager: Finished task 42.0 in stage 18.0 (TID 236) in 81 ms on 10.42.1.64 (executor 1) (9/50)
26/05/18 15:42:41 INFO TaskSetManager: Starting task 44.0 in stage 18.0 (TID 238) (10.42.1.64,executor 1, partition 44, NODE_LOCAL, 9639 bytes) 
26/05/18 15:42:41 INFO TaskSetManager: Finished task 43.0 in stage 18.0 (TID 237) in 96 ms on 10.42.1.64 (executor 1) (10/50)
26/05/18 15:42:41 INFO TaskSetManager: Starting task 45.0 in stage 18.0 (TID 239) (10.42.1.64,executor 1, partition 45, NODE_LOCAL, 9639 bytes) 
26/05/18 15:42:41 INFO TaskSetManager: Finished task 44.0 in stage 18.0 (TID 238) in 80 ms on 10.42.1.64 (executor 1) (11/50)
26/05/18 15:42:41 INFO TaskSetManager: Starting task 48.0 in stage 18.0 (TID 240) (10.42.1.64,executor 1, partition 48, NODE_LOCAL, 9639 bytes) 
26/05/18 15:42:41 INFO TaskSetManager: Finished task 45.0 in stage 18.0 (TID 239) in 26 ms on 10.42.1.64 (executor 1) (12/50)
26/05/18 15:42:41 INFO TaskSetManager: Starting task 49.0 in stage 18.0 (TID 241) (10.42.1.64,executor 1, partition 49, NODE_LOCAL, 9639 bytes) 
26/05/18 15:42:41 INFO TaskSetManager: Finished task 48.0 in stage 18.0 (TID 240) in 25 ms on 10.42.1.64 (executor 1) (13/50)
26/05/18 15:42:41 INFO TaskSetManager: Starting task 0.0 in stage 18.0 (TID 242) (10.42.1.64,executor 1, partition 0, PROCESS_LOCAL, 9639 bytes) 
26/05/18 15:42:41 INFO TaskSetManager: Finished task 49.0 in stage 18.0 (TID 241) in 69 ms on 10.42.1.64 (executor 1) (14/50)
26/05/18 15:42:41 INFO TaskSetManager: Starting task 1.0 in stage 18.0 (TID 243) (10.42.1.64,executor 1, partition 1, PROCESS_LOCAL, 9639 bytes) 
26/05/18 15:42:41 INFO TaskSetManager: Finished task 0.0 in stage 18.0 (TID 242) in 24 ms on 10.42.1.64 (executor 1) (15/50)
26/05/18 15:42:41 INFO TaskSetManager: Starting task 3.0 in stage 18.0 (TID 244) (10.42.1.64,executor 1, partition 3, PROCESS_LOCAL, 9639 bytes) 
26/05/18 15:42:41 INFO TaskSetManager: Finished task 1.0 in stage 18.0 (TID 243) in 72 ms on 10.42.1.64 (executor 1) (16/50)
26/05/18 15:42:41 INFO TaskSetManager: Starting task 4.0 in stage 18.0 (TID 245) (10.42.1.64,executor 1, partition 4, PROCESS_LOCAL, 9639 bytes) 
26/05/18 15:42:41 INFO TaskSetManager: Finished task 3.0 in stage 18.0 (TID 244) in 24 ms on 10.42.1.64 (executor 1) (17/50)
26/05/18 15:42:42 INFO TaskSetManager: Starting task 5.0 in stage 18.0 (TID 246) (10.42.1.64,executor 1, partition 5, PROCESS_LOCAL, 9639 bytes) 
26/05/18 15:42:42 INFO TaskSetManager: Finished task 4.0 in stage 18.0 (TID 245) in 73 ms on 10.42.1.64 (executor 1) (18/50)
26/05/18 15:42:42 INFO TaskSetManager: Starting task 7.0 in stage 18.0 (TID 247) (10.42.1.64,executor 1, partition 7, PROCESS_LOCAL, 9639 bytes) 
26/05/18 15:42:42 INFO TaskSetManager: Finished task 5.0 in stage 18.0 (TID 246) in 24 ms on 10.42.1.64 (executor 1) (19/50)
26/05/18 15:42:42 INFO TaskSetManager: Starting task 8.0 in stage 18.0 (TID 248) (10.42.1.64,executor 1, partition 8, PROCESS_LOCAL, 9639 bytes) 
26/05/18 15:42:42 INFO TaskSetManager: Finished task 7.0 in stage 18.0 (TID 247) in 22 ms on 10.42.1.64 (executor 1) (20/50)
26/05/18 15:42:42 INFO TaskSetManager: Starting task 9.0 in stage 18.0 (TID 249) (10.42.1.64,executor 1, partition 9, PROCESS_LOCAL, 9639 bytes) 
26/05/18 15:42:42 INFO TaskSetManager: Finished task 8.0 in stage 18.0 (TID 248) in 45 ms on 10.42.1.64 (executor 1) (21/50)
26/05/18 15:42:42 INFO TaskSetManager: Starting task 10.0 in stage 18.0 (TID 250) (10.42.1.64,executor 1, partition 10, PROCESS_LOCAL, 9639 bytes) 
26/05/18 15:42:42 INFO TaskSetManager: Finished task 9.0 in stage 18.0 (TID 249) in 24 ms on 10.42.1.64 (executor 1) (22/50)
26/05/18 15:42:42 INFO TaskSetManager: Starting task 12.0 in stage 18.0 (TID 251) (10.42.1.64,executor 1, partition 12, PROCESS_LOCAL, 9639 bytes) 
26/05/18 15:42:42 INFO TaskSetManager: Finished task 10.0 in stage 18.0 (TID 250) in 23 ms on 10.42.1.64 (executor 1) (23/50)
26/05/18 15:42:42 INFO TaskSetManager: Starting task 13.0 in stage 18.0 (TID 252) (10.42.1.64,executor 1, partition 13, PROCESS_LOCAL, 9639 bytes) 
26/05/18 15:42:42 INFO TaskSetManager: Finished task 12.0 in stage 18.0 (TID 251) in 23 ms on 10.42.1.64 (executor 1) (24/50)
26/05/18 15:42:42 INFO TaskSetManager: Starting task 14.0 in stage 18.0 (TID 253) (10.42.1.64,executor 1, partition 14, PROCESS_LOCAL, 9639 bytes) 
26/05/18 15:42:42 INFO TaskSetManager: Finished task 13.0 in stage 18.0 (TID 252) in 33 ms on 10.42.1.64 (executor 1) (25/50)
26/05/18 15:42:42 INFO TaskSetManager: Starting task 15.0 in stage 18.0 (TID 254) (10.42.1.64,executor 1, partition 15, PROCESS_LOCAL, 9639 bytes) 
26/05/18 15:42:42 INFO TaskSetManager: Finished task 14.0 in stage 18.0 (TID 253) in 23 ms on 10.42.1.64 (executor 1) (26/50)
26/05/18 15:42:42 INFO TaskSetManager: Starting task 16.0 in stage 18.0 (TID 255) (10.42.1.64,executor 1, partition 16, PROCESS_LOCAL, 9639 bytes) 
26/05/18 15:42:42 INFO TaskSetManager: Finished task 15.0 in stage 18.0 (TID 254) in 24 ms on 10.42.1.64 (executor 1) (27/50)
26/05/18 15:42:42 INFO TaskSetManager: Starting task 17.0 in stage 18.0 (TID 256) (10.42.1.64,executor 1, partition 17, PROCESS_LOCAL, 9639 bytes) 
26/05/18 15:42:42 INFO TaskSetManager: Finished task 16.0 in stage 18.0 (TID 255) in 49 ms on 10.42.1.64 (executor 1) (28/50)
26/05/18 15:42:42 INFO TaskSetManager: Starting task 18.0 in stage 18.0 (TID 257) (10.42.1.64,executor 1, partition 18, PROCESS_LOCAL, 9639 bytes) 
26/05/18 15:42:42 INFO TaskSetManager: Finished task 17.0 in stage 18.0 (TID 256) in 24 ms on 10.42.1.64 (executor 1) (29/50)
26/05/18 15:42:42 INFO TaskSetManager: Starting task 19.0 in stage 18.0 (TID 258) (10.42.1.64,executor 1, partition 19, PROCESS_LOCAL, 9639 bytes) 
26/05/18 15:42:42 INFO TaskSetManager: Finished task 18.0 in stage 18.0 (TID 257) in 24 ms on 10.42.1.64 (executor 1) (30/50)
26/05/18 15:42:42 INFO TaskSetManager: Starting task 20.0 in stage 18.0 (TID 259) (10.42.1.64,executor 1, partition 20, PROCESS_LOCAL, 9639 bytes) 
26/05/18 15:42:42 INFO TaskSetManager: Finished task 19.0 in stage 18.0 (TID 258) in 23 ms on 10.42.1.64 (executor 1) (31/50)
26/05/18 15:42:42 INFO TaskSetManager: Starting task 21.0 in stage 18.0 (TID 260) (10.42.1.64,executor 1, partition 21, PROCESS_LOCAL, 9639 bytes) 
26/05/18 15:42:42 INFO TaskSetManager: Finished task 20.0 in stage 18.0 (TID 259) in 34 ms on 10.42.1.64 (executor 1) (32/50)
26/05/18 15:42:42 INFO TaskSetManager: Starting task 22.0 in stage 18.0 (TID 261) (10.42.1.64,executor 1, partition 22, PROCESS_LOCAL, 9639 bytes) 
26/05/18 15:42:42 INFO TaskSetManager: Finished task 21.0 in stage 18.0 (TID 260) in 24 ms on 10.42.1.64 (executor 1) (33/50)
26/05/18 15:42:42 INFO TaskSetManager: Starting task 24.0 in stage 18.0 (TID 262) (10.42.1.64,executor 1, partition 24, PROCESS_LOCAL, 9639 bytes) 
26/05/18 15:42:42 INFO TaskSetManager: Finished task 22.0 in stage 18.0 (TID 261) in 22 ms on 10.42.1.64 (executor 1) (34/50)
26/05/18 15:42:42 INFO TaskSetManager: Starting task 25.0 in stage 18.0 (TID 263) (10.42.1.64,executor 1, partition 25, PROCESS_LOCAL, 9639 bytes) 
26/05/18 15:42:42 INFO TaskSetManager: Finished task 24.0 in stage 18.0 (TID 262) in 23 ms on 10.42.1.64 (executor 1) (35/50)
26/05/18 15:42:42 INFO TaskSetManager: Starting task 26.0 in stage 18.0 (TID 264) (10.42.1.64,executor 1, partition 26, PROCESS_LOCAL, 9639 bytes) 
26/05/18 15:42:42 INFO TaskSetManager: Finished task 25.0 in stage 18.0 (TID 263) in 37 ms on 10.42.1.64 (executor 1) (36/50)
26/05/18 15:42:42 INFO TaskSetManager: Starting task 27.0 in stage 18.0 (TID 265) (10.42.1.64,executor 1, partition 27, PROCESS_LOCAL, 9639 bytes) 
26/05/18 15:42:42 INFO TaskSetManager: Finished task 26.0 in stage 18.0 (TID 264) in 24 ms on 10.42.1.64 (executor 1) (37/50)
26/05/18 15:42:42 INFO TaskSetManager: Starting task 30.0 in stage 18.0 (TID 266) (10.42.1.64,executor 1, partition 30, PROCESS_LOCAL, 9639 bytes) 
26/05/18 15:42:42 INFO TaskSetManager: Finished task 27.0 in stage 18.0 (TID 265) in 24 ms on 10.42.1.64 (executor 1) (38/50)
26/05/18 15:42:42 INFO TaskSetManager: Starting task 32.0 in stage 18.0 (TID 267) (10.42.1.64,executor 1, partition 32, PROCESS_LOCAL, 9639 bytes) 
26/05/18 15:42:42 INFO TaskSetManager: Finished task 30.0 in stage 18.0 (TID 266) in 24 ms on 10.42.1.64 (executor 1) (39/50)
26/05/18 15:42:42 INFO TaskSetManager: Starting task 33.0 in stage 18.0 (TID 268) (10.42.1.64,executor 1, partition 33, PROCESS_LOCAL, 9639 bytes) 
26/05/18 15:42:42 INFO TaskSetManager: Finished task 32.0 in stage 18.0 (TID 267) in 37 ms on 10.42.1.64 (executor 1) (40/50)
26/05/18 15:42:42 INFO TaskSetManager: Starting task 34.0 in stage 18.0 (TID 269) (10.42.1.64,executor 1, partition 34, PROCESS_LOCAL, 9639 bytes) 
26/05/18 15:42:42 INFO TaskSetManager: Finished task 33.0 in stage 18.0 (TID 268) in 25 ms on 10.42.1.64 (executor 1) (41/50)
26/05/18 15:42:42 INFO TaskSetManager: Starting task 35.0 in stage 18.0 (TID 270) (10.42.1.64,executor 1, partition 35, PROCESS_LOCAL, 9639 bytes) 
26/05/18 15:42:42 INFO TaskSetManager: Finished task 34.0 in stage 18.0 (TID 269) in 23 ms on 10.42.1.64 (executor 1) (42/50)
26/05/18 15:42:42 INFO TaskSetManager: Starting task 36.0 in stage 18.0 (TID 271) (10.42.1.64,executor 1, partition 36, PROCESS_LOCAL, 9639 bytes) 
26/05/18 15:42:42 INFO TaskSetManager: Finished task 35.0 in stage 18.0 (TID 270) in 39 ms on 10.42.1.64 (executor 1) (43/50)
26/05/18 15:42:42 INFO TaskSetManager: Starting task 37.0 in stage 18.0 (TID 272) (10.42.1.64,executor 1, partition 37, PROCESS_LOCAL, 9639 bytes) 
26/05/18 15:42:42 INFO TaskSetManager: Finished task 36.0 in stage 18.0 (TID 271) in 24 ms on 10.42.1.64 (executor 1) (44/50)
26/05/18 15:42:42 INFO TaskSetManager: Starting task 38.0 in stage 18.0 (TID 273) (10.42.1.64,executor 1, partition 38, PROCESS_LOCAL, 9639 bytes) 
26/05/18 15:42:42 INFO TaskSetManager: Finished task 37.0 in stage 18.0 (TID 272) in 26 ms on 10.42.1.64 (executor 1) (45/50)
26/05/18 15:42:42 INFO TaskSetManager: Starting task 39.0 in stage 18.0 (TID 274) (10.42.1.64,executor 1, partition 39, PROCESS_LOCAL, 9639 bytes) 
26/05/18 15:42:42 INFO TaskSetManager: Finished task 38.0 in stage 18.0 (TID 273) in 59 ms on 10.42.1.64 (executor 1) (46/50)
26/05/18 15:42:42 INFO TaskSetManager: Starting task 41.0 in stage 18.0 (TID 275) (10.42.1.64,executor 1, partition 41, PROCESS_LOCAL, 9639 bytes) 
26/05/18 15:42:42 INFO TaskSetManager: Finished task 39.0 in stage 18.0 (TID 274) in 26 ms on 10.42.1.64 (executor 1) (47/50)
26/05/18 15:42:42 INFO TaskSetManager: Starting task 46.0 in stage 18.0 (TID 276) (10.42.1.64,executor 1, partition 46, PROCESS_LOCAL, 9639 bytes) 
26/05/18 15:42:42 INFO TaskSetManager: Finished task 41.0 in stage 18.0 (TID 275) in 25 ms on 10.42.1.64 (executor 1) (48/50)
26/05/18 15:42:42 INFO TaskSetManager: Starting task 47.0 in stage 18.0 (TID 277) (10.42.1.64,executor 1, partition 47, PROCESS_LOCAL, 9639 bytes) 
26/05/18 15:42:42 INFO TaskSetManager: Finished task 46.0 in stage 18.0 (TID 276) in 58 ms on 10.42.1.64 (executor 1) (49/50)
26/05/18 15:42:42 INFO TaskSetManager: Finished task 47.0 in stage 18.0 (TID 277) in 23 ms on 10.42.1.64 (executor 1) (50/50)
26/05/18 15:42:42 INFO TaskSchedulerImpl: Removed TaskSet 18.0 whose tasks have all completed, from pool 
26/05/18 15:42:42 INFO DAGScheduler: ShuffleMapStage 18 (start at NativeMethodAccessorImpl.java:0) finished in 1854 ms
26/05/18 15:42:42 INFO DAGScheduler: looking for newly runnable stages
26/05/18 15:42:42 INFO DAGScheduler: running: HashSet()
26/05/18 15:42:42 INFO DAGScheduler: waiting: HashSet(ResultStage 19)
26/05/18 15:42:42 INFO DAGScheduler: failed: HashSet()
26/05/18 15:42:42 INFO DAGScheduler: Submitting ResultStage 19 (MapPartitionsRDD[103] at start at NativeMethodAccessorImpl.java:0), which has no missing parents
26/05/18 15:42:42 INFO MemoryStore: Block broadcast_29 stored as values in memory (estimated size 528.8 KiB, free 432.6 MiB)
26/05/18 15:42:42 INFO MemoryStore: Block broadcast_29_piece0 stored as bytes in memory (estimated size 121.3 KiB, free 432.5 MiB)
26/05/18 15:42:42 INFO SparkContext: Created broadcast 29 from broadcast at DAGScheduler.scala:1676
26/05/18 15:42:42 INFO DAGScheduler: Submitting 1 missing tasks from ResultStage 19 (MapPartitionsRDD[103] at start at NativeMethodAccessorImpl.java:0) (first 15 tasks are for partitions Vector(0))
26/05/18 15:42:42 INFO TaskSchedulerImpl: Adding task set 19.0 with 1 tasks resource profile 0
26/05/18 15:42:42 INFO TaskSetManager: Starting task 0.0 in stage 19.0 (TID 278) (10.42.1.64,executor 1, partition 0, NODE_LOCAL, 9650 bytes) 
26/05/18 15:42:42 INFO MapOutputTrackerMasterEndpoint: Asked to send map output locations for shuffle 9 to 10.42.1.64:59476
26/05/18 15:42:42 INFO TaskSetManager: Finished task 0.0 in stage 19.0 (TID 278) in 21 ms on 10.42.1.64 (executor 1) (1/1)
26/05/18 15:42:42 INFO TaskSchedulerImpl: Removed TaskSet 19.0 whose tasks have all completed, from pool 
26/05/18 15:42:42 INFO DAGScheduler: ResultStage 19 (start at NativeMethodAccessorImpl.java:0) finished in 28 ms
26/05/18 15:42:42 INFO DAGScheduler: Job 10 is finished. Cancelling potential speculative or zombie tasks for this job
26/05/18 15:42:42 INFO TaskSchedulerImpl: Canceling stage 19
26/05/18 15:42:42 INFO TaskSchedulerImpl: Killing all running tasks in stage 19: Stage finished
26/05/18 15:42:42 INFO DAGScheduler: Job 10 finished: start at NativeMethodAccessorImpl.java:0, took 2046.092721 ms
26/05/18 15:42:42 INFO Snapshot: DELTA: Done
26/05/18 15:42:43 INFO ParquetUtils: Using default output committer for Parquet: org.apache.parquet.hadoop.ParquetOutputCommitter
26/05/18 15:42:43 INFO KafkaOffsetReaderAdmin: Partitions added: Map()
26/05/18 15:42:43 INFO SparkContext: Starting job: start at NativeMethodAccessorImpl.java:0
26/05/18 15:42:43 INFO DAGScheduler: Got job 11 (start at NativeMethodAccessorImpl.java:0) with 6 output partitions
26/05/18 15:42:43 INFO DAGScheduler: Final stage: ResultStage 20 (start at NativeMethodAccessorImpl.java:0)
26/05/18 15:42:43 INFO DAGScheduler: Parents of final stage: List()
26/05/18 15:42:43 INFO DAGScheduler: Missing parents: List()
26/05/18 15:42:43 INFO DAGScheduler: Submitting ResultStage 20 (MapPartitionsRDD[106] at start at NativeMethodAccessorImpl.java:0), which has no missing parents
26/05/18 15:42:43 INFO MemoryStore: Block broadcast_30 stored as values in memory (estimated size 429.0 KiB, free 432.1 MiB)
26/05/18 15:42:43 INFO MemoryStore: Block broadcast_30_piece0 stored as bytes in memory (estimated size 149.1 KiB, free 431.9 MiB)
26/05/18 15:42:43 INFO SparkContext: Created broadcast 30 from broadcast at DAGScheduler.scala:1676
26/05/18 15:42:43 INFO DAGScheduler: Submitting 6 missing tasks from ResultStage 20 (MapPartitionsRDD[106] at start at NativeMethodAccessorImpl.java:0) (first 15 tasks are for partitions Vector(0, 1, 2, 3, 4, 5))
26/05/18 15:42:43 INFO TaskSchedulerImpl: Adding task set 20.0 with 6 tasks resource profile 0
26/05/18 15:42:43 INFO TaskSetManager: Starting task 0.0 in stage 20.0 (TID 279) (10.42.1.64,executor 1, partition 0, PROCESS_LOCAL, 10863 bytes) 
26/05/18 15:42:43 INFO TaskSetManager: Starting task 1.0 in stage 20.0 (TID 280) (10.42.1.64,executor 1, partition 1, PROCESS_LOCAL, 10863 bytes) 
26/05/18 15:42:43 INFO TaskSetManager: Finished task 0.0 in stage 20.0 (TID 279) in 575 ms on 10.42.1.64 (executor 1) (1/6)
26/05/18 15:42:44 INFO TaskSetManager: Starting task 2.0 in stage 20.0 (TID 281) (10.42.1.64,executor 1, partition 2, PROCESS_LOCAL, 10863 bytes) 
26/05/18 15:42:44 INFO TaskSetManager: Finished task 1.0 in stage 20.0 (TID 280) in 565 ms on 10.42.1.64 (executor 1) (2/6)
26/05/18 15:42:44 INFO TaskSetManager: Starting task 3.0 in stage 20.0 (TID 282) (10.42.1.64,executor 1, partition 3, PROCESS_LOCAL, 10863 bytes) 
26/05/18 15:42:44 INFO TaskSetManager: Finished task 2.0 in stage 20.0 (TID 281) in 604 ms on 10.42.1.64 (executor 1) (3/6)
26/05/18 15:42:45 INFO TaskSetManager: Starting task 4.0 in stage 20.0 (TID 283) (10.42.1.64,executor 1, partition 4, PROCESS_LOCAL, 10863 bytes) 
26/05/18 15:42:45 INFO TaskSetManager: Finished task 3.0 in stage 20.0 (TID 282) in 602 ms on 10.42.1.64 (executor 1) (4/6)
26/05/18 15:42:46 INFO TaskSetManager: Starting task 5.0 in stage 20.0 (TID 284) (10.42.1.64,executor 1, partition 5, PROCESS_LOCAL, 10863 bytes) 
26/05/18 15:42:46 INFO TaskSetManager: Finished task 4.0 in stage 20.0 (TID 283) in 612 ms on 10.42.1.64 (executor 1) (5/6)
26/05/18 15:42:46 INFO TaskSetManager: Finished task 5.0 in stage 20.0 (TID 284) in 588 ms on 10.42.1.64 (executor 1) (6/6)
26/05/18 15:42:46 INFO TaskSchedulerImpl: Removed TaskSet 20.0 whose tasks have all completed, from pool 
26/05/18 15:42:46 INFO DAGScheduler: ResultStage 20 (start at NativeMethodAccessorImpl.java:0) finished in 3596 ms
26/05/18 15:42:46 INFO DAGScheduler: Job 11 is finished. Cancelling potential speculative or zombie tasks for this job
26/05/18 15:42:46 INFO TaskSchedulerImpl: Canceling stage 20
26/05/18 15:42:46 INFO TaskSchedulerImpl: Killing all running tasks in stage 20: Stage finished
26/05/18 15:42:46 INFO DAGScheduler: Job 11 finished: start at NativeMethodAccessorImpl.java:0, took 3597.377653 ms
26/05/18 15:42:46 INFO DeltaFileFormatWriter: Start to commit write Job fdd70a4e-60fa-417e-9dd6-cf1abad463a7.
26/05/18 15:42:46 INFO DeltaFileFormatWriter: Write Job fdd70a4e-60fa-417e-9dd6-cf1abad463a7 committed. Elapsed time: 0 ms.
26/05/18 15:42:46 INFO DeltaFileFormatWriter: Finished processing stats for write job fdd70a4e-60fa-417e-9dd6-cf1abad463a7.
26/05/18 15:42:46 INFO DeltaSink: Wrote 6 files, with total size 31938, 7 logical records, duration=3726 ms.
26/05/18 15:42:46 INFO OptimisticTransaction: [tableId=e54c2914,txnId=06e9f11e] Attempting to commit version 5 with 8 actions with Serializable isolation level
26/05/18 15:42:46 INFO OptimisticTransaction: Incremental commit: starting with snapshot version 4
26/05/18 15:42:46 INFO DeltaLog: Creating a new snapshot v5 for commit version 5
26/05/18 15:42:46 INFO DeltaLog: Loading version 5.
26/05/18 15:42:46 INFO Snapshot: [tableId=e54c2914-4281-4b97-a14f-d4cd8e512b01] Created snapshot Snapshot(path=s3a://lakehouse/benchmark/bronze/20260518T154052Z/low/started/_delta_log, version=5, metadata=Metadata(e54c2914-4281-4b97-a14f-d4cd8e512b01,null,null,Format(parquet,Map()),{"type":"struct","fields":[{"name":"event_id","type":"string","nullable":true,"metadata":{}},{"name":"event_type","type":"string","nullable":true,"metadata":{}},{"name":"schema_version","type":"string","nullable":true,"metadata":{}},{"name":"trip_id","type":"string","nullable":true,"metadata":{}},{"name":"source_file","type":"string","nullable":true,"metadata":{}},{"name":"ingest_mode","type":"string","nullable":true,"metadata":{}},{"name":"ingest_timestamp","type":"timestamp","nullable":true,"metadata":{}},{"name":"event_time","type":"timestamp","nullable":true,"metadata":{}},{"name":"trip_date","type":"string","nullable":true,"metadata":{}},{"name":"vendor_id","type":"integer","nullable":true,"metadata":{}},{"name":"pickup_datetime","type":"timestamp","nullable":true,"metadata":{}},{"name":"passenger_count","type":"long","nullable":true,"metadata":{}},{"name":"pulocation_id","type":"integer","nullable":true,"metadata":{}},{"name":"dolocation_id","type":"integer","nullable":true,"metadata":{}}]},List(),Map(),Some(1779118886752)), logSegment=LogSegment(s3a://lakehouse/benchmark/bronze/20260518T154052Z/low/started/_delta_log,5,ArraySeq(S3AFileStatus{path=s3a://lakehouse/benchmark/bronze/20260518T154052Z/low/started/_delta_log/00000000000000000000.json; isDirectory=false; length=10954; replication=1; blocksize=33554432; modification_time=1779118909098; access_time=0; owner=spark; group=spark; permission=rw-rw-rw-; isSymlink=false; hasAcl=false; isEncrypted=true; isErasureCoded=false} isEmptyDirectory=FALSE eTag="2dc840860c22af6901e80b07ffd4ef78" versionId=null, S3AFileStatus{path=s3a://lakehouse/benchmark/bronze/20260518T154052Z/low/started/_delta_log/00000000000000000001.json; isDirectory=false; length=6534; replication=1; blocksize=33554432; modification_time=1779118933421; access_time=0; owner=spark; group=spark; permission=rw-rw-rw-; isSymlink=false; hasAcl=false; isEncrypted=true; isErasureCoded=false} isEmptyDirectory=FALSE eTag="12e73076721d9b91785d3f2f712039e1" versionId=null, S3AFileStatus{path=s3a://lakehouse/benchmark/bronze/20260518T154052Z/low/started/_delta_log/00000000000000000002.json; isDirectory=false; length=5042; replication=1; blocksize=33554432; modification_time=1779118941417; access_time=0; owner=spark; group=spark; permission=rw-rw-rw-; isSymlink=false; hasAcl=false; isEncrypted=true; isErasureCoded=false} isEmptyDirectory=FALSE eTag="004bb0d2cb529c0cb5ef31cccea13acb" versionId=null, S3AFileStatus{path=s3a://lakehouse/benchmark/bronze/20260518T154052Z/low/started/_delta_log/00000000000000000003.json; isDirectory=false; length=2049; replication=1; blocksize=33554432; modification_time=1779118947493; access_time=0; owner=spark; group=spark; permission=rw-rw-rw-; isSymlink=false; hasAcl=false; isEncrypted=true; isErasureCoded=false} isEmptyDirectory=FALSE eTag="4dde2cedc8395ede38ef68ba9cfeff06" versionId=null, S3AFileStatus{path=s3a://lakehouse/benchmark/bronze/20260518T154052Z/low/started/_delta_log/00000000000000000004.json; isDirectory=false; length=2047; replication=1; blocksize=33554432; modification_time=1779118954294; access_time=0; owner=spark; group=spark; permission=rw-rw-rw-; isSymlink=false; hasAcl=false; isEncrypted=true; isErasureCoded=false} isEmptyDirectory=FALSE eTag="a8d058311c0896a53735c0ae32fc5205" versionId=null, S3AFileStatus{path=s3a://lakehouse/benchmark/bronze/20260518T154052Z/low/started/_delta_log/00000000000000000005.json; isDirectory=false; length=9531; replication=1; blocksize=33554432; modification_time=1779118966000; access_time=0; owner=spark; group=spark; permission=rw-rw-rw-; isSymlink=false; hasAcl=false; isEncrypted=true; isErasureCoded=false} isEmptyDirectory=FALSE eTag="93c2265fced70e236e295a97e87c5928" versionId=null),org.apache.spark.sql.delta.EmptyCheckpointProvider$@664c2564,1779118966000), checksumOpt=Some(VersionChecksum(Some(06e9f11e-31cd-4b7a-b87a-3e3057946204),165301,21,None,None,1,1,None,Some(List(SetTransaction(4c71fffa-098f-430a-acdb-8cf33542b27e,5,Some(1779118966694)))),Some(List()),Metadata(e54c2914-4281-4b97-a14f-d4cd8e512b01,null,null,Format(parquet,Map()),{"type":"struct","fields":[{"name":"event_id","type":"string","nullable":true,"metadata":{}},{"name":"event_type","type":"string","nullable":true,"metadata":{}},{"name":"schema_version","type":"string","nullable":true,"metadata":{}},{"name":"trip_id","type":"string","nullable":true,"metadata":{}},{"name":"source_file","type":"string","nullable":true,"metadata":{}},{"name":"ingest_mode","type":"string","nullable":true,"metadata":{}},{"name":"ingest_timestamp","type":"timestamp","nullable":true,"metadata":{}},{"name":"event_time","type":"timestamp","nullable":true,"metadata":{}},{"name":"trip_date","type":"string","nullable":true,"metadata":{}},{"name":"vendor_id","type":"integer","nullable":true,"metadata":{}},{"name":"pickup_datetime","type":"timestamp","nullable":true,"metadata":{}},{"name":"passenger_count","type":"long","nullable":true,"metadata":{}},{"name":"pulocation_id","type":"integer","nullable":true,"metadata":{}},{"name":"dolocation_id","type":"integer","nullable":true,"metadata":{}}]},List(),Map(),Some(1779118886752)),Protocol(1,2),None,None,Some(List(AddFile(part-00001-722cc79d-c36b-4e05-9f21-8ae8f9088985-c000.snappy.parquet,Map(),5323,1779118964000,false,{"numRecords":1,"minValues":{"event_id":"fc777a5f3c65c6d093b9336703c5e846","event_type":"trip_started","schema_version":"2.0","trip_id":"05e3ef49c6dc890678d47a49711febe6","source_file":"yellow_tripdata_2024-09.parquet","ingest_mode":"streaming","ingest_timestamp":"2026-05-18T15:42:30.578Z","event_time":"2024-08-31T23:57:10.000Z","trip_date":"2024-08-31","vendor_id":2,"pickup_datetime":"2024-08-31T23:57:10.000Z","passenger_count":1,"pulocation_id":141,"dolocation_id":239},"maxValues":{"event_id":"fc777a5f3c65c6d093b9336703c5e846","event_type":"trip_started","schema_version":"2.0","trip_id":"05e3ef49c6dc890678d47a49711febe6","source_file":"yellow_tripdata_2024-09.parquet","ingest_mode":"streaming","ingest_timestamp":"2026-05-18T15:42:30.578Z","event_time":"2024-08-31T23:57:10.000Z","trip_date":"2024-08-31","vendor_id":2,"pickup_datetime":"2024-08-31T23:57:10.000Z","passenger_count":1,"pulocation_id":141,"dolocation_id":239},"nullCount":{"event_id":0,"event_type":0,"schema_version":0,"trip_id":0,"source_file":0,"ingest_mode":0,"ingest_timestamp":0,"event_time":0,"trip_date":0,"vendor_id":0,"pickup_datetime":0,"passenger_count":0,"pulocation_id":0,"dolocation_id":0}},null,null,None,None,None), AddFile(part-00005-56447017-32c5-4b7e-b9ab-d59860935c92-c000.snappy.parquet,Map(),13745,1779118908000,false,{"numRecords":58,"minValues":{"event_id":"1455410b53ba26496dd8268d814efb0d","event_type":"trip_started","schema_version":"2.0","trip_id":"055d4dc21a238c32a1173721d4ca04f8","source_file":"yellow_tripdata_2024-09.parquet","ingest_mode":"streaming","ingest_timestamp":"2026-05-18T15:30:33.344Z","event_time":"2024-08-31T23:41:24.000Z","trip_date":"2024-08-31","vendor_id":1,"pickup_datetime":"2024-08-31T23:41:24.000Z","passenger_count":1,"pulocation_id":4,"dolocation_id":13},"maxValues":{"event_id":"fc33a45f23b40ebd214e1bfc68a49bcb","event_type":"trip_started","schema_version":"2.0","trip_id":"fe2349c4e6416804cff94b8f71437d80","source_file":"yellow_tripdata_2024-09.parquet","ingest_mode":"streaming","ingest_timestamp":"2026-05-18T15:39:01.111Z","event_time":"2024-09-01T00:03:38.000Z","trip_date":"2024-09-01","vendor_id":2,"pickup_datetime":"2024-09-01T00:03:38.000Z","passenger_count":5,"pulocation_id":263,"dolocation_id":261},"nullCount":{"event_id":0,"event_type":0,"schema_version":0,"trip_id":0,"source_file":0,"ingest_mode":0,"ingest_timestamp":0,"event_time":0,"trip_date":0,"vendor_id":0,"pickup_datetime":0,"passenger_count":7,"pulocation_id":0,"dolocation_id":0}},null,null,None,None,None), AddFile(part-00000-08aad25c-9cc6-4b91-9c29-ef1ada60ea60-c000.snappy.parquet,Map(),16483,1779118902000,false,{"numRecords":73,"minValues":{"event_id":"0212d8086261a2018cb807d1a4d7a46b","event_type":"trip_started","schema_version":"2.0","trip_id":"031b404c98f442710d2269c0a06824fd","source_file":"yellow_tripdata_2024-09.parquet","ingest_mode":"streaming","ingest_timestamp":"2026-05-18T15:30:18.343Z","event_time":"2024-08-31T23:16:36.000Z","trip_date":"2024-08-31","vendor_id":1,"pickup_datetime":"2024-08-31T23:16:36.000Z","passenger_count":1,"pulocation_id":41,"dolocation_id":15},"maxValues":{"event_id":"febc668d372ab0492f5c4e7165b45be2","event_type":"trip_started","schema_version":"2.0","trip_id":"f8cfd09088ab01f1042a890d127bfcca","source_file":"yellow_tripdata_2024-09.parquet","ingest_mode":"streaming","ingest_timestamp":"2026-05-18T15:41:12.372Z","event_time":"2024-09-01T00:03:44.000Z","trip_date":"2024-09-01","vendor_id":2,"pickup_datetime":"2024-09-01T00:03:44.000Z","passenger_count":5,"pulocation_id":249,"dolocation_id":265},"nullCount":{"event_id":0,"event_type":0,"schema_version":0,"trip_id":0,"source_file":0,"ingest_mode":0,"ingest_timestamp":0,"event_time":0,"trip_date":0,"vendor_id":0,"pickup_datetime":0,"passenger_count":7,"pulocation_id":0,"dolocation_id":0}},null,null,None,None,None), AddFile(part-00000-04a2f022-e88e-4fb8-842d-03ac20cee535-c000.snappy.parquet,Map(),5324,1779118947000,false,{"numRecords":1,"minValues":{"event_id":"52352c98a72028429aa0529967846b38","event_type":"trip_started","schema_version":"2.0","trip_id":"d5f457d09a3953154558bb47240e0cb4","source_file":"yellow_tripdata_2024-09.parquet","ingest_mode":"streaming","ingest_timestamp":"2026-05-18T15:42:17.777Z","event_time":"2024-08-31T23:55:17.000Z","trip_date":"2024-08-31","vendor_id":2,"pickup_datetime":"2024-08-31T23:55:17.000Z","passenger_count":5,"pulocation_id":93,"dolocation_id":141},"maxValues":{"event_id":"52352c98a72028429aa0529967846b38","event_type":"trip_started","schema_version":"2.0","trip_id":"d5f457d09a3953154558bb47240e0cb4","source_file":"yellow_tripdata_2024-09.parquet","ingest_mode":"streaming","ingest_timestamp":"2026-05-18T15:42:17.777Z","event_time":"2024-08-31T23:55:17.000Z","trip_date":"2024-08-31","vendor_id":2,"pickup_datetime":"2024-08-31T23:55:17.000Z","passenger_count":5,"pulocation_id":93,"dolocation_id":141},"nullCount":{"event_id":0,"event_type":0,"schema_version":0,"trip_id":0,"source_file":0,"ingest_mode":0,"ingest_timestamp":0,"event_time":0,"trip_date":0,"vendor_id":0,"pickup_datetime":0,"passenger_count":0,"pulocation_id":0,"dolocation_id":0}},null,null,None,None,None), AddFile(part-00000-004a8b18-df32-4f9d-bb39-82367f410cff-c000.snappy.parquet,Map(),5324,1779118963000,false,{"numRecords":1,"minValues":{"event_id":"6b665828c688b1ad5db23bad056be6f6","event_type":"trip_started","schema_version":"2.0","trip_id":"295e6648f1a483a7ce32bdd362f4fff8","source_file":"yellow_tripdata_2024-09.parquet","ingest_mode":"streaming","ingest_timestamp":"2026-05-18T15:42:37.579Z","event_time":"2024-08-31T23:57:45.000Z","trip_date":"2024-08-31","vendor_id":2,"pickup_datetime":"2024-08-31T23:57:45.000Z","passenger_count":1,"pulocation_id":239,"dolocation_id":151},"maxValues":{"event_id":"6b665828c688b1ad5db23bad056be6f6","event_type":"trip_started","schema_version":"2.0","trip_id":"295e6648f1a483a7ce32bdd362f4fff8","source_file":"yellow_tripdata_2024-09.parquet","ingest_mode":"streaming","ingest_timestamp":"2026-05-18T15:42:37.579Z","event_time":"2024-08-31T23:57:45.000Z","trip_date":"2024-08-31","vendor_id":2,"pickup_datetime":"2024-08-31T23:57:45.000Z","passenger_count":1,"pulocation_id":239,"dolocation_id":151},"nullCount":{"event_id":0,"event_type":0,"schema_version":0,"trip_id":0,"source_file":0,"ingest_mode":0,"ingest_timestamp":0,"event_time":0,"trip_date":0,"vendor_id":0,"pickup_datetime":0,"passenger_count":0,"pulocation_id":0,"dolocation_id":0}},null,null,None,None,None), AddFile(part-00003-0a291636-3d7f-4d43-9267-ff3d77a5fa70-c000.snappy.parquet,Map(),5325,1779118965000,false,{"numRecords":1,"minValues":{"event_id":"564163f7865a9c548a07bfdfe6922441","event_type":"trip_started","schema_version":"2.0","trip_id":"c07b4c728c34e12d73873c5b97478810","source_file":"yellow_tripdata_2024-09.parquet","ingest_mode":"streaming","ingest_timestamp":"2026-05-18T15:42:32.978Z","event_time":"2024-08-31T23:57:22.000Z","trip_date":"2024-08-31","vendor_id":2,"pickup_datetime":"2024-08-31T23:57:22.000Z","passenger_count":1,"pulocation_id":79,"dolocation_id":142},"maxValues":{"event_id":"564163f7865a9c548a07bfdfe6922441","event_type":"trip_started","schema_version":"2.0","trip_id":"c07b4c728c34e12d73873c5b97478810","source_file":"yellow_tripdata_2024-09.parquet","ingest_mode":"streaming","ingest_timestamp":"2026-05-18T15:42:32.978Z","event_time":"2024-08-31T23:57:22.000Z","trip_date":"2024-08-31","vendor_id":2,"pickup_datetime":"2024-08-31T23:57:22.000Z","passenger_count":1,"pulocation_id":79,"dolocation_id":142},"nullCount":{"event_id":0,"event_type":0,"schema_version":0,"trip_id":0,"source_file":0,"ingest_mode":0,"ingest_timestamp":0,"event_time":0,"trip_date":0,"vendor_id":0,"pickup_datetime":0,"passenger_count":0,"pulocation_id":0,"dolocation_id":0}},null,null,None,None,None), AddFile(part-00002-204c9462-febd-4a6e-9fc5-d2cff48b0fab-c000.snappy.parquet,Map(),5290,1779118941000,false,{"numRecords":2,"minValues":{"event_id":"7094784f7b964147a344562f3c700452","event_type":"trip_started","schema_version":"2.0","trip_id":"49abd9d6c1136369978e031c3defd4dd","source_file":"yellow_tripdata_2024-09.parquet","ingest_mode":"streaming","ingest_timestamp":"2026-05-18T15:42:09.576Z","event_time":"2024-08-31T23:54:28.000Z","trip_date":"2024-08-31","vendor_id":2,"pickup_datetime":"2024-08-31T23:54:28.000Z","passenger_count":1,"pulocation_id":138,"dolocation_id":129},"maxValues":{"event_id":"a33916c25654965d32f61be210f37d0f","event_type":"trip_started","schema_version":"2.0","trip_id":"87e7c11c9799f63c59e672e1b144842e","source_file":"yellow_tripdata_2024-09.parquet","ingest_mode":"streaming","ingest_timestamp":"2026-05-18T15:42:11.576Z","event_time":"2024-08-31T23:54:38.000Z","trip_date":"2024-08-31","vendor_id":2,"pickup_datetime":"2024-08-31T23:54:38.000Z","passenger_count":2,"pulocation_id":230,"dolocation_id":162},"nullCount":{"event_id":0,"event_type":0,"schema_version":0,"trip_id":0,"source_file":0,"ingest_mode":0,"ingest_timestamp":0,"event_time":0,"trip_date":0,"vendor_id":0,"pickup_datetime":0,"passenger_count":0,"pulocation_id":0,"dolocation_id":0}},null,null,None,None,None), AddFile(part-00005-6fdc4404-90d1-4684-aef0-1e0957ea57b7-c000.snappy.parquet,Map(),5325,1779118966000,false,{"numRecords":1,"minValues":{"event_id":"d49ab84f6c7fe5e07947fcae3153c1f8","event_type":"trip_started","schema_version":"2.0","trip_id":"ef253bac2c5b9360c747b8ca1b7d7ab7","source_file":"yellow_tripdata_2024-09.parquet","ingest_mode":"streaming","ingest_timestamp":"2026-05-18T15:42:34.979Z","event_time":"2024-08-31T23:57:32.000Z","trip_date":"2024-08-31","vendor_id":2,"pickup_datetime":"2024-08-31T23:57:32.000Z","passenger_count":5,"pulocation_id":161,"dolocation_id":230},"maxValues":{"event_id":"d49ab84f6c7fe5e07947fcae3153c1f8","event_type":"trip_started","schema_version":"2.0","trip_id":"ef253bac2c5b9360c747b8ca1b7d7ab7","source_file":"yellow_tripdata_2024-09.parquet","ingest_mode":"streaming","ingest_timestamp":"2026-05-18T15:42:34.979Z","event_time":"2024-08-31T23:57:32.000Z","trip_date":"2024-08-31","vendor_id":2,"pickup_datetime":"2024-08-31T23:57:32.000Z","passenger_count":5,"pulocation_id":161,"dolocation_id":230},"nullCount":{"event_id":0,"event_type":0,"schema_version":0,"trip_id":0,"source_file":0,"ingest_mode":0,"ingest_timestamp":0,"event_time":0,"trip_date":0,"vendor_id":0,"pickup_datetime":0,"passenger_count":0,"pulocation_id":0,"dolocation_id":0}},null,null,None,None,None), AddFile(part-00000-beaa7485-6c72-4622-b407-4ad4b6e10b2e-c000.snappy.parquet,Map(),5325,1779118954000,false,{"numRecords":1,"minValues":{"event_id":"654539c39ceb4cbe902edee99605921c","event_type":"trip_started","schema_version":"2.0","trip_id":"696e7f1d0beb89f1c18c5da6c65ad872","source_file":"yellow_tripdata_2024-09.parquet","ingest_mode":"streaming","ingest_timestamp":"2026-05-18T15:42:22.777Z","event_time":"2024-08-31T23:56:31.000Z","trip_date":"2024-08-31","vendor_id":2,"pickup_datetime":"2024-08-31T23:56:31.000Z","passenger_count":2,"pulocation_id":170,"dolocation_id":7},"maxValues":{"event_id":"654539c39ceb4cbe902edee99605921c","event_type":"trip_started","schema_version":"2.0","trip_id":"696e7f1d0beb89f1c18c5da6c65ad872","source_file":"yellow_tripdata_2024-09.parquet","ingest_mode":"streaming","ingest_timestamp":"2026-05-18T15:42:22.777Z","event_time":"2024-08-31T23:56:31.000Z","trip_date":"2024-08-31","vendor_id":2,"pickup_datetime":"2024-08-31T23:56:31.000Z","passenger_count":2,"pulocation_id":170,"dolocation_id":7},"nullCount":{"event_id":0,"event_type":0,"schema_version":0,"trip_id":0,"source_file":0,"ingest_mode":0,"ingest_timestamp":0,"event_time":0,"trip_date":0,"vendor_id":0,"pickup_datetime":0,"passenger_count":0,"pulocation_id":0,"dolocation_id":0}},null,null,None,None,None), AddFile(part-00000-ac8a9b1d-58d7-4719-9e76-5f8fbe428c56-c000.snappy.parquet,Map(),5289,1779118932000,false,{"numRecords":2,"minValues":{"event_id":"0e42e0a8ff68c0593e5f62fe564cc867","event_type":"trip_started","schema_version":"2.0","trip_id":"74cc4dc0356999a5051ffc06fe590ba0","source_file":"yellow_tripdata_2024-09.parquet","ingest_mode":"streaming","ingest_timestamp":"2026-05-18T15:41:32.373Z","event_time":"2024-08-31T23:45:56.000Z","trip_date":"2024-08-31","vendor_id":2,"pickup_datetime":"2024-08-31T23:45:56.000Z","passenger_count":1,"pulocation_id":24,"dolocation_id":24},"maxValues":{"event_id":"20f272b57abcb77396229a1f4f79d2a6","event_type":"trip_started","schema_version":"2.0","trip_id":"7e4582c034b9714ccbb8b7972ee7452a","source_file":"yellow_tripdata_2024-09.parquet","ingest_mode":"streaming","ingest_timestamp":"2026-05-18T15:41:40.774Z","event_time":"2024-08-31T23:47:06.000Z","trip_date":"2024-08-31","vendor_id":2,"pickup_datetime":"2024-08-31T23:47:06.000Z","passenger_count":6,"pulocation_id":142,"dolocation_id":162},"nullCount":{"event_id":0,"event_type":0,"schema_version":0,"trip_id":0,"source_file":0,"ingest_mode":0,"ingest_timestamp":0,"event_time":0,"trip_date":0,"vendor_id":0,"pickup_datetime":0,"passenger_count":0,"pulocation_id":0,"dolocation_id":0}},null,null,None,None,None), AddFile(part-00001-3e08f1a9-004f-4148-96c2-ce39df27dafa-c000.snappy.parquet,Map(),5324,1779118932000,false,{"numRecords":1,"minValues":{"event_id":"49fd4523f0edf3af6db90b980f85b44b","event_type":"trip_started","schema_version":"2.0","trip_id":"a81a5f72bed880eb1011e846ec08a7b3","source_file":"yellow_tripdata_2024-09.parquet","ingest_mode":"streaming","ingest_timestamp":"2026-05-18T15:41:32.373Z","event_time":"2024-08-31T23:45:56.000Z","trip_date":"2024-08-31","vendor_id":2,"pickup_datetime":"2024-08-31T23:45:56.000Z","passenger_count":1,"pulocation_id":24,"dolocation_id":24},"maxValues":{"event_id":"49fd4523f0edf3af6db90b980f85b44b","event_type":"trip_started","schema_version":"2.0","trip_id":"a81a5f72bed880eb1011e846ec08a7b3","source_file":"yellow_tripdata_2024-09.parquet","ingest_mode":"streaming","ingest_timestamp":"2026-05-18T15:41:32.373Z","event_time":"2024-08-31T23:45:56.000Z","trip_date":"2024-08-31","vendor_id":2,"pickup_datetime":"2024-08-31T23:45:56.000Z","passenger_count":1,"pulocation_id":24,"dolocation_id":24},"nullCount":{"event_id":0,"event_type":0,"schema_version":0,"trip_id":0,"source_file":0,"ingest_mode":0,"ingest_timestamp":0,"event_time":0,"trip_date":0,"vendor_id":0,"pickup_datetime":0,"passenger_count":0,"pulocation_id":0,"dolocation_id":0}},null,null,None,None,None), AddFile(part-00002-d9b3fdfd-9a1c-4ba7-bce8-809853fb9b08-c000.snappy.parquet,Map(),5325,1779118933000,false,{"numRecords":1,"minValues":{"event_id":"c2b354f6093db075096dd7d6cd094124","event_type":"trip_started","schema_version":"2.0","trip_id":"2e493edb13c1adcaf6af648c66c05d11","source_file":"yellow_tripdata_2024-09.parquet","ingest_mode":"streaming","ingest_timestamp":"2026-05-18T15:41:49.575Z","event_time":"2024-08-31T23:48:15.000Z","trip_date":"2024-08-31","vendor_id":2,"pickup_datetime":"2024-08-31T23:48:15.000Z","passenger_count":1,"pulocation_id":87,"dolocation_id":232},"maxValues":{"event_id":"c2b354f6093db075096dd7d6cd094124","event_type":"trip_started","schema_version":"2.0","trip_id":"2e493edb13c1adcaf6af648c66c05d11","source_file":"yellow_tripdata_2024-09.parquet","ingest_mode":"streaming","ingest_timestamp":"2026-05-18T15:41:49.575Z","event_time":"2024-08-31T23:48:15.000Z","trip_date":"2024-08-31","vendor_id":2,"pickup_datetime":"2024-08-31T23:48:15.000Z","passenger_count":1,"pulocation_id":87,"dolocation_id":232},"nullCount":{"event_id":0,"event_type":0,"schema_version":0,"trip_id":0,"source_file":0,"ingest_mode":0,"ingest_timestamp":0,"event_time":0,"trip_date":0,"vendor_id":0,"pickup_datetime":0,"passenger_count":0,"pulocation_id":0,"dolocation_id":0}},null,null,None,None,None), AddFile(part-00002-d9b630b8-3fe6-47f4-bef5-e312d5875278-c000.snappy.parquet,Map(),15373,1779118905000,false,{"numRecords":67,"minValues":{"event_id":"011a460cb5a25c4ee561b11bfa14604d","event_type":"trip_started","schema_version":"2.0","trip_id":"02a39a8e328190af69190a907699ab05","source_file":"yellow_tripdata_2024-09.parquet","ingest_mode":"streaming","ingest_timestamp":"2026-05-18T15:30:23.343Z","event_time":"2024-08-31T23:31:22.000Z","trip_date":"2024-08-31","vendor_id":1,"pickup_datetime":"2024-08-31T23:31:22.000Z","passenger_count":0,"pulocation_id":24,"dolocation_id":7},"maxValues":{"event_id":"fb8fb0226b979d486aa1fe15bcadfd02","event_type":"trip_started","schema_version":"2.0","trip_id":"ff8ff4056149324b8cb6441936211b7a","source_file":"yellow_tripdata_2024-09.parquet","ingest_mode":"streaming","ingest_timestamp":"2026-05-18T15:41:17.372Z","event_time":"2024-09-01T00:03:44.000Z","trip_date":"2024-09-01","vendor_id":2,"pickup_datetime":"2024-09-01T00:03:44.000Z","passenger_count":6,"pulocation_id":265,"dolocation_id":265},"nullCount":{"event_id":0,"event_type":0,"schema_version":0,"trip_id":0,"source_file":0,"ingest_mode":0,"ingest_timestamp":0,"event_time":0,"trip_date":0,"vendor_id":0,"pickup_datetime":0,"passenger_count":7,"pulocation_id":0,"dolocation_id":0}},null,null,None,None,None), AddFile(part-00001-25597aa3-37ba-4ada-a57e-d65085251b3f-c000.snappy.parquet,Map(),10884,1779118904000,false,{"numRecords":36,"minValues":{"event_id":"00bb01354109838b627c857eebe80dc2","event_type":"trip_started","schema_version":"2.0","trip_id":"0151b1434bda3c8918caec4e7800368d","source_file":"yellow_tripdata_2024-09.parquet","ingest_mode":"streaming","ingest_timestamp":"2026-05-18T15:31:05.546Z","event_time":"2024-08-31T23:49:47.000Z","trip_date":"2024-08-31","vendor_id":1,"pickup_datetime":"2024-08-31T23:49:47.000Z","passenger_count":0,"pulocation_id":68,"dolocation_id":45},"maxValues":{"event_id":"fc777a5f3c65c6d093b9336703c5e846","event_type":"trip_started","schema_version":"2.0","trip_id":"febc1b1d83b45aebc128b44d8bf1e48d","source_file":"yellow_tripdata_2024-09.parquet","ingest_mode":"streaming","ingest_timestamp":"2026-05-18T15:38:55.109Z","event_time":"2024-09-01T00:03:32.000Z","trip_date":"2024-09-01","vendor_id":2,"pickup_datetime":"2024-09-01T00:03:32.000Z","passenger_count":5,"pulocation_id":263,"dolocation_id":265},"nullCount":{"event_id":0,"event_type":0,"schema_version":0,"trip_id":0,"source_file":0,"ingest_mode":0,"ingest_timestamp":0,"event_time":0,"trip_date":0,"vendor_id":0,"pickup_datetime":0,"passenger_count":3,"pulocation_id":0,"dolocation_id":0}},null,null,None,None,None), AddFile(part-00000-354a8d2e-7fe2-4583-a46c-fa6563c44f3f-c000.snappy.parquet,Map(),5314,1779118940000,false,{"numRecords":2,"minValues":{"event_id":"14702b58b8c37db8b2b50034899fc9c7","event_type":"trip_started","schema_version":"2.0","trip_id":"2c7293107d5369aafe0b0f664a64c1e4","source_file":"yellow_tripdata_2024-09.parquet","ingest_mode":"streaming","ingest_timestamp":"2026-05-18T15:42:04.576Z","event_time":"2024-08-31T23:53:06.000Z","trip_date":"2024-08-31","vendor_id":2,"pickup_datetime":"2024-08-31T23:53:06.000Z","passenger_count":1,"pulocation_id":48,"dolocation_id":48},"maxValues":{"event_id":"53de4f6d29a18ae8c5ee21ff0b51e6dd","event_type":"trip_started","schema_version":"2.0","trip_id":"2c83a9caa91b8b0fc7bb449a3e93bc05","source_file":"yellow_tripdata_2024-09.parquet","ingest_mode":"streaming","ingest_timestamp":"2026-05-18T15:42:12.777Z","event_time":"2024-08-31T23:54:44.000Z","trip_date":"2024-08-31","vendor_id":2,"pickup_datetime":"2024-08-31T23:54:44.000Z","passenger_count":1,"pulocation_id":231,"dolocation_id":231},"nullCount":{"event_id":0,"event_type":0,"schema_version":0,"trip_id":0,"source_file":0,"ingest_mode":0,"ingest_timestamp":0,"event_time":0,"trip_date":0,"vendor_id":0,"pickup_datetime":0,"passenger_count":0,"pulocation_id":0,"dolocation_id":0}},null,null,None,None,None), AddFile(part-00004-241ad319-170b-4986-bd7a-42bf803f4dad-c000.snappy.parquet,Map(),5316,1779118966000,false,{"numRecords":2,"minValues":{"event_id":"774a4965f71ecd05c290d6232c408080","event_type":"trip_started","schema_version":"2.0","trip_id":"73d47bd6dfc2992a06e6a9fb0bf878e9","source_file":"yellow_tripdata_2024-09.parquet","ingest_mode":"streaming","ingest_timestamp":"2026-05-18T15:42:37.779Z","event_time":"2024-08-31T23:57:46.000Z","trip_date":"2024-08-31","vendor_id":2,"pickup_datetime":"2024-08-31T23:57:46.000Z","passenger_count":1,"pulocation_id":132,"dolocation_id":42},"maxValues":{"event_id":"b8e691563f2dfaef2445c78ae1d904bb","event_type":"trip_started","schema_version":"2.0","trip_id":"e1260a639e2d981b4b178df809b28dab","source_file":"yellow_tripdata_2024-09.parquet","ingest_mode":"streaming","ingest_timestamp":"2026-05-18T15:42:38.980Z","event_time":"2024-08-31T23:57:52.000Z","trip_date":"2024-08-31","vendor_id":2,"pickup_datetime":"2024-08-31T23:57:52.000Z","passenger_count":1,"pulocation_id":144,"dolocation_id":68},"nullCount":{"event_id":0,"event_type":0,"schema_version":0,"trip_id":0,"source_file":0,"ingest_mode":0,"ingest_timestamp":0,"event_time":0,"trip_date":0,"vendor_id":0,"pickup_datetime":0,"passenger_count":0,"pulocation_id":0,"dolocation_id":0}},null,null,None,None,None), AddFile(part-00003-40e0630d-6fe9-4e39-9602-a33736b745ca-c000.snappy.parquet,Map(),5316,1779118933000,false,{"numRecords":2,"minValues":{"event_id":"3a11c04f3f86a8a2ed90c5835f8fcb0c","event_type":"trip_started","schema_version":"2.0","trip_id":"5ea4134ac6f17edb7f639fc94f24acac","source_file":"yellow_tripdata_2024-09.parquet","ingest_mode":"streaming","ingest_timestamp":"2026-05-18T15:41:27.373Z","event_time":"2024-08-31T23:41:24.000Z","trip_date":"2024-08-31","vendor_id":2,"pickup_datetime":"2024-08-31T23:41:24.000Z","passenger_count":1,"pulocation_id":100,"dolocation_id":42},"maxValues":{"event_id":"810ea42e4364ec7ab0e87ebf0400ae41","event_type":"trip_started","schema_version":"2.0","trip_id":"72cf0cd11b66424f5d72b72df8a87924","source_file":"yellow_tripdata_2024-09.parquet","ingest_mode":"streaming","ingest_timestamp":"2026-05-18T15:41:44.574Z","event_time":"2024-08-31T23:47:25.000Z","trip_date":"2024-08-31","vendor_id":2,"pickup_datetime":"2024-08-31T23:47:25.000Z","passenger_count":1,"pulocation_id":230,"dolocation_id":100},"nullCount":{"event_id":0,"event_type":0,"schema_version":0,"trip_id":0,"source_file":0,"ingest_mode":0,"ingest_timestamp":0,"event_time":0,"trip_date":0,"vendor_id":0,"pickup_datetime":0,"passenger_count":0,"pulocation_id":0,"dolocation_id":0}},null,null,None,None,None), AddFile(part-00004-bf95d00f-7224-4d19-8506-bb804d74ba69-c000.snappy.parquet,Map(),16203,1779118907000,false,{"numRecords":67,"minValues":{"event_id":"00f4412c4abb87a7edb991f16b8e3872","event_type":"trip_started","schema_version":"2.0","trip_id":"0106a3fdc6d124355ddbc3170eb7fa9d","source_file":"yellow_tripdata_2024-09.parquet","ingest_mode":"streaming","ingest_timestamp":"2026-05-18T15:30:55.546Z","event_time":"2024-08-31T23:48:15.000Z","trip_date":"2024-08-31","vendor_id":1,"pickup_datetime":"2024-08-31T23:48:15.000Z","passenger_count":0,"pulocation_id":41,"dolocation_id":4},"maxValues":{"event_id":"ffa973e5c6626d9b56f1d9367abd3987","event_type":"trip_started","schema_version":"2.0","trip_id":"fc82163fbf256ca3108569d8f7fa673b","source_file":"yellow_tripdata_2024-09.parquet","ingest_mode":"streaming","ingest_timestamp":"2026-05-18T15:39:10.112Z","event_time":"2024-09-01T00:03:47.000Z","trip_date":"2024-09-01","vendor_id":2,"pickup_datetime":"2024-09-01T00:03:47.000Z","passenger_count":5,"pulocation_id":255,"dolocation_id":263},"nullCount":{"event_id":0,"event_type":0,"schema_version":0,"trip_id":0,"source_file":0,"ingest_mode":0,"ingest_timestamp":0,"event_time":0,"trip_date":0,"vendor_id":0,"pickup_datetime":0,"passenger_count":12,"pulocation_id":0,"dolocation_id":0}},null,null,None,None,None), AddFile(part-00002-3b8de384-5e1a-428a-8ca1-d65f16283a11-c000.snappy.parquet,Map(),5325,1779118964000,false,{"numRecords":1,"minValues":{"event_id":"44fb76f3cf2c68976837b514cd9e5b06","event_type":"trip_started","schema_version":"2.0","trip_id":"7e2ce3bdf357ffda0236e3d816e277f1","source_file":"yellow_tripdata_2024-09.parquet","ingest_mode":"streaming","ingest_timestamp":"2026-05-18T15:42:39.980Z","event_time":"2024-08-31T23:57:57.000Z","trip_date":"2024-08-31","vendor_id":2,"pickup_datetime":"2024-08-31T23:57:57.000Z","passenger_count":5,"pulocation_id":132,"dolocation_id":42},"maxValues":{"event_id":"44fb76f3cf2c68976837b514cd9e5b06","event_type":"trip_started","schema_version":"2.0","trip_id":"7e2ce3bdf357ffda0236e3d816e277f1","source_file":"yellow_tripdata_2024-09.parquet","ingest_mode":"streaming","ingest_timestamp":"2026-05-18T15:42:39.980Z","event_time":"2024-08-31T23:57:57.000Z","trip_date":"2024-08-31","vendor_id":2,"pickup_datetime":"2024-08-31T23:57:57.000Z","passenger_count":5,"pulocation_id":132,"dolocation_id":42},"nullCount":{"event_id":0,"event_type":0,"schema_version":0,"trip_id":0,"source_file":0,"ingest_mode":0,"ingest_timestamp":0,"event_time":0,"trip_date":0,"vendor_id":0,"pickup_datetime":0,"passenger_count":0,"pulocation_id":0,"dolocation_id":0}},null,null,None,None,None), AddFile(part-00001-15e62d34-1cb7-4e48-afd5-30601fa3f01e-c000.snappy.parquet,Map(),5325,1779118940000,false,{"numRecords":1,"minValues":{"event_id":"b395c7a81f12a58f58489f623d958178","event_type":"trip_started","schema_version":"2.0","trip_id":"133e7d3180d10215019a7d0e6e3cc052","source_file":"yellow_tripdata_2024-09.parquet","ingest_mode":"streaming","ingest_timestamp":"2026-05-18T15:41:59.575Z","event_time":"2024-08-31T23:49:47.000Z","trip_date":"2024-08-31","vendor_id":2,"pickup_datetime":"2024-08-31T23:49:47.000Z","passenger_count":1,"pulocation_id":79,"dolocation_id":211},"maxValues":{"event_id":"b395c7a81f12a58f58489f623d958178","event_type":"trip_started","schema_version":"2.0","trip_id":"133e7d3180d10215019a7d0e6e3cc052","source_file":"yellow_tripdata_2024-09.parquet","ingest_mode":"streaming","ingest_timestamp":"2026-05-18T15:41:59.575Z","event_time":"2024-08-31T23:49:47.000Z","trip_date":"2024-08-31","vendor_id":2,"pickup_datetime":"2024-08-31T23:49:47.000Z","passenger_count":1,"pulocation_id":79,"dolocation_id":211},"nullCount":{"event_id":0,"event_type":0,"schema_version":0,"trip_id":0,"source_file":0,"ingest_mode":0,"ingest_timestamp":0,"event_time":0,"trip_date":0,"vendor_id":0,"pickup_datetime":0,"passenger_count":0,"pulocation_id":0,"dolocation_id":0}},null,null,None,None,None), AddFile(part-00003-b1b9f1d7-6ad3-4d3d-9129-31eff2c0ca88-c000.snappy.parquet,Map(),12843,1779118906000,false,{"numRecords":51,"minValues":{"event_id":"033a945818d220fae8d0f5ea06aade55","event_type":"trip_started","schema_version":"2.0","trip_id":"007211974f070e6081d820f78a892116","source_file":"yellow_tripdata_2024-09.parquet","ingest_mode":"streaming","ingest_timestamp":"2026-05-18T15:30:08.336Z","event_time":"2024-08-31T22:27:55.000Z","trip_date":"2024-08-31","vendor_id":1,"pickup_datetime":"2024-08-31T22:27:55.000Z","passenger_count":0,"pulocation_id":24,"dolocation_id":7},"maxValues":{"event_id":"f914c4bf2487bb514676e80f0e515e30","event_type":"trip_started","schema_version":"2.0","trip_id":"fd8556cf3a0c0a61eb48a4f6e35a55b5","source_file":"yellow_tripdata_2024-09.parquet","ingest_mode":"streaming","ingest_timestamp":"2026-05-18T15:41:02.366Z","event_time":"2024-09-01T00:03:39.000Z","trip_date":"2024-09-01","vendor_id":2,"pickup_datetime":"2024-09-01T00:03:39.000Z","passenger_count":5,"pulocation_id":249,"dolocation_id":265},"nullCount":{"event_id":0,"event_type":0,"schema_version":0,"trip_id":0,"source_file":0,"ingest_mode":0,"ingest_timestamp":0,"event_time":0,"trip_date":0,"vendor_id":0,"pickup_datetime":0,"passenger_count":11,"pulocation_id":0,"dolocation_id":0}},null,null,None,None,None))))))
26/05/18 15:42:46 INFO DeltaLog: Updated snapshot to Snapshot(path=s3a://lakehouse/benchmark/bronze/20260518T154052Z/low/started/_delta_log, version=5, metadata=Metadata(e54c2914-4281-4b97-a14f-d4cd8e512b01,null,null,Format(parquet,Map()),{"type":"struct","fields":[{"name":"event_id","type":"string","nullable":true,"metadata":{}},{"name":"event_type","type":"string","nullable":true,"metadata":{}},{"name":"schema_version","type":"string","nullable":true,"metadata":{}},{"name":"trip_id","type":"string","nullable":true,"metadata":{}},{"name":"source_file","type":"string","nullable":true,"metadata":{}},{"name":"ingest_mode","type":"string","nullable":true,"metadata":{}},{"name":"ingest_timestamp","type":"timestamp","nullable":true,"metadata":{}},{"name":"event_time","type":"timestamp","nullable":true,"metadata":{}},{"name":"trip_date","type":"string","nullable":true,"metadata":{}},{"name":"vendor_id","type":"integer","nullable":true,"metadata":{}},{"name":"pickup_datetime","type":"timestamp","nullable":true,"metadata":{}},{"name":"passenger_count","type":"long","nullable":true,"metadata":{}},{"name":"pulocation_id","type":"integer","nullable":true,"metadata":{}},{"name":"dolocation_id","type":"integer","nullable":true,"metadata":{}}]},List(),Map(),Some(1779118886752)), logSegment=LogSegment(s3a://lakehouse/benchmark/bronze/20260518T154052Z/low/started/_delta_log,5,ArraySeq(S3AFileStatus{path=s3a://lakehouse/benchmark/bronze/20260518T154052Z/low/started/_delta_log/00000000000000000000.json; isDirectory=false; length=10954; replication=1; blocksize=33554432; modification_time=1779118909098; access_time=0; owner=spark; group=spark; permission=rw-rw-rw-; isSymlink=false; hasAcl=false; isEncrypted=true; isErasureCoded=false} isEmptyDirectory=FALSE eTag="2dc840860c22af6901e80b07ffd4ef78" versionId=null, S3AFileStatus{path=s3a://lakehouse/benchmark/bronze/20260518T154052Z/low/started/_delta_log/00000000000000000001.json; isDirectory=false; length=6534; replication=1; blocksize=33554432; modification_time=1779118933421; access_time=0; owner=spark; group=spark; permission=rw-rw-rw-; isSymlink=false; hasAcl=false; isEncrypted=true; isErasureCoded=false} isEmptyDirectory=FALSE eTag="12e73076721d9b91785d3f2f712039e1" versionId=null, S3AFileStatus{path=s3a://lakehouse/benchmark/bronze/20260518T154052Z/low/started/_delta_log/00000000000000000002.json; isDirectory=false; length=5042; replication=1; blocksize=33554432; modification_time=1779118941417; access_time=0; owner=spark; group=spark; permission=rw-rw-rw-; isSymlink=false; hasAcl=false; isEncrypted=true; isErasureCoded=false} isEmptyDirectory=FALSE eTag="004bb0d2cb529c0cb5ef31cccea13acb" versionId=null, S3AFileStatus{path=s3a://lakehouse/benchmark/bronze/20260518T154052Z/low/started/_delta_log/00000000000000000003.json; isDirectory=false; length=2049; replication=1; blocksize=33554432; modification_time=1779118947493; access_time=0; owner=spark; group=spark; permission=rw-rw-rw-; isSymlink=false; hasAcl=false; isEncrypted=true; isErasureCoded=false} isEmptyDirectory=FALSE eTag="4dde2cedc8395ede38ef68ba9cfeff06" versionId=null, S3AFileStatus{path=s3a://lakehouse/benchmark/bronze/20260518T154052Z/low/started/_delta_log/00000000000000000004.json; isDirectory=false; length=2047; replication=1; blocksize=33554432; modification_time=1779118954294; access_time=0; owner=spark; group=spark; permission=rw-rw-rw-; isSymlink=false; hasAcl=false; isEncrypted=true; isErasureCoded=false} isEmptyDirectory=FALSE eTag="a8d058311c0896a53735c0ae32fc5205" versionId=null, S3AFileStatus{path=s3a://lakehouse/benchmark/bronze/20260518T154052Z/low/started/_delta_log/00000000000000000005.json; isDirectory=false; length=9531; replication=1; blocksize=33554432; modification_time=1779118966000; access_time=0; owner=spark; group=spark; permission=rw-rw-rw-; isSymlink=false; hasAcl=false; isEncrypted=true; isErasureCoded=false} isEmptyDirectory=FALSE eTag="93c2265fced70e236e295a97e87c5928" versionId=null),org.apache.spark.sql.delta.EmptyCheckpointProvider$@664c2564,1779118966000), checksumOpt=Some(VersionChecksum(Some(06e9f11e-31cd-4b7a-b87a-3e3057946204),165301,21,None,None,1,1,None,Some(List(SetTransaction(4c71fffa-098f-430a-acdb-8cf33542b27e,5,Some(1779118966694)))),Some(List()),Metadata(e54c2914-4281-4b97-a14f-d4cd8e512b01,null,null,Format(parquet,Map()),{"type":"struct","fields":[{"name":"event_id","type":"string","nullable":true,"metadata":{}},{"name":"event_type","type":"string","nullable":true,"metadata":{}},{"name":"schema_version","type":"string","nullable":true,"metadata":{}},{"name":"trip_id","type":"string","nullable":true,"metadata":{}},{"name":"source_file","type":"string","nullable":true,"metadata":{}},{"name":"ingest_mode","type":"string","nullable":true,"metadata":{}},{"name":"ingest_timestamp","type":"timestamp","nullable":true,"metadata":{}},{"name":"event_time","type":"timestamp","nullable":true,"metadata":{}},{"name":"trip_date","type":"string","nullable":true,"metadata":{}},{"name":"vendor_id","type":"integer","nullable":true,"metadata":{}},{"name":"pickup_datetime","type":"timestamp","nullable":true,"metadata":{}},{"name":"passenger_count","type":"long","nullable":true,"metadata":{}},{"name":"pulocation_id","type":"integer","nullable":true,"metadata":{}},{"name":"dolocation_id","type":"integer","nullable":true,"metadata":{}}]},List(),Map(),Some(1779118886752)),Protocol(1,2),None,None,Some(List(AddFile(part-00001-722cc79d-c36b-4e05-9f21-8ae8f9088985-c000.snappy.parquet,Map(),5323,1779118964000,false,{"numRecords":1,"minValues":{"event_id":"fc777a5f3c65c6d093b9336703c5e846","event_type":"trip_started","schema_version":"2.0","trip_id":"05e3ef49c6dc890678d47a49711febe6","source_file":"yellow_tripdata_2024-09.parquet","ingest_mode":"streaming","ingest_timestamp":"2026-05-18T15:42:30.578Z","event_time":"2024-08-31T23:57:10.000Z","trip_date":"2024-08-31","vendor_id":2,"pickup_datetime":"2024-08-31T23:57:10.000Z","passenger_count":1,"pulocation_id":141,"dolocation_id":239},"maxValues":{"event_id":"fc777a5f3c65c6d093b9336703c5e846","event_type":"trip_started","schema_version":"2.0","trip_id":"05e3ef49c6dc890678d47a49711febe6","source_file":"yellow_tripdata_2024-09.parquet","ingest_mode":"streaming","ingest_timestamp":"2026-05-18T15:42:30.578Z","event_time":"2024-08-31T23:57:10.000Z","trip_date":"2024-08-31","vendor_id":2,"pickup_datetime":"2024-08-31T23:57:10.000Z","passenger_count":1,"pulocation_id":141,"dolocation_id":239},"nullCount":{"event_id":0,"event_type":0,"schema_version":0,"trip_id":0,"source_file":0,"ingest_mode":0,"ingest_timestamp":0,"event_time":0,"trip_date":0,"vendor_id":0,"pickup_datetime":0,"passenger_count":0,"pulocation_id":0,"dolocation_id":0}},null,null,None,None,None), AddFile(part-00005-56447017-32c5-4b7e-b9ab-d59860935c92-c000.snappy.parquet,Map(),13745,1779118908000,false,{"numRecords":58,"minValues":{"event_id":"1455410b53ba26496dd8268d814efb0d","event_type":"trip_started","schema_version":"2.0","trip_id":"055d4dc21a238c32a1173721d4ca04f8","source_file":"yellow_tripdata_2024-09.parquet","ingest_mode":"streaming","ingest_timestamp":"2026-05-18T15:30:33.344Z","event_time":"2024-08-31T23:41:24.000Z","trip_date":"2024-08-31","vendor_id":1,"pickup_datetime":"2024-08-31T23:41:24.000Z","passenger_count":1,"pulocation_id":4,"dolocation_id":13},"maxValues":{"event_id":"fc33a45f23b40ebd214e1bfc68a49bcb","event_type":"trip_started","schema_version":"2.0","trip_id":"fe2349c4e6416804cff94b8f71437d80","source_file":"yellow_tripdata_2024-09.parquet","ingest_mode":"streaming","ingest_timestamp":"2026-05-18T15:39:01.111Z","event_time":"2024-09-01T00:03:38.000Z","trip_date":"2024-09-01","vendor_id":2,"pickup_datetime":"2024-09-01T00:03:38.000Z","passenger_count":5,"pulocation_id":263,"dolocation_id":261},"nullCount":{"event_id":0,"event_type":0,"schema_version":0,"trip_id":0,"source_file":0,"ingest_mode":0,"ingest_timestamp":0,"event_time":0,"trip_date":0,"vendor_id":0,"pickup_datetime":0,"passenger_count":7,"pulocation_id":0,"dolocation_id":0}},null,null,None,None,None), AddFile(part-00000-08aad25c-9cc6-4b91-9c29-ef1ada60ea60-c000.snappy.parquet,Map(),16483,1779118902000,false,{"numRecords":73,"minValues":{"event_id":"0212d8086261a2018cb807d1a4d7a46b","event_type":"trip_started","schema_version":"2.0","trip_id":"031b404c98f442710d2269c0a06824fd","source_file":"yellow_tripdata_2024-09.parquet","ingest_mode":"streaming","ingest_timestamp":"2026-05-18T15:30:18.343Z","event_time":"2024-08-31T23:16:36.000Z","trip_date":"2024-08-31","vendor_id":1,"pickup_datetime":"2024-08-31T23:16:36.000Z","passenger_count":1,"pulocation_id":41,"dolocation_id":15},"maxValues":{"event_id":"febc668d372ab0492f5c4e7165b45be2","event_type":"trip_started","schema_version":"2.0","trip_id":"f8cfd09088ab01f1042a890d127bfcca","source_file":"yellow_tripdata_2024-09.parquet","ingest_mode":"streaming","ingest_timestamp":"2026-05-18T15:41:12.372Z","event_time":"2024-09-01T00:03:44.000Z","trip_date":"2024-09-01","vendor_id":2,"pickup_datetime":"2024-09-01T00:03:44.000Z","passenger_count":5,"pulocation_id":249,"dolocation_id":265},"nullCount":{"event_id":0,"event_type":0,"schema_version":0,"trip_id":0,"source_file":0,"ingest_mode":0,"ingest_timestamp":0,"event_time":0,"trip_date":0,"vendor_id":0,"pickup_datetime":0,"passenger_count":7,"pulocation_id":0,"dolocation_id":0}},null,null,None,None,None), AddFile(part-00000-04a2f022-e88e-4fb8-842d-03ac20cee535-c000.snappy.parquet,Map(),5324,1779118947000,false,{"numRecords":1,"minValues":{"event_id":"52352c98a72028429aa0529967846b38","event_type":"trip_started","schema_version":"2.0","trip_id":"d5f457d09a3953154558bb47240e0cb4","source_file":"yellow_tripdata_2024-09.parquet","ingest_mode":"streaming","ingest_timestamp":"2026-05-18T15:42:17.777Z","event_time":"2024-08-31T23:55:17.000Z","trip_date":"2024-08-31","vendor_id":2,"pickup_datetime":"2024-08-31T23:55:17.000Z","passenger_count":5,"pulocation_id":93,"dolocation_id":141},"maxValues":{"event_id":"52352c98a72028429aa0529967846b38","event_type":"trip_started","schema_version":"2.0","trip_id":"d5f457d09a3953154558bb47240e0cb4","source_file":"yellow_tripdata_2024-09.parquet","ingest_mode":"streaming","ingest_timestamp":"2026-05-18T15:42:17.777Z","event_time":"2024-08-31T23:55:17.000Z","trip_date":"2024-08-31","vendor_id":2,"pickup_datetime":"2024-08-31T23:55:17.000Z","passenger_count":5,"pulocation_id":93,"dolocation_id":141},"nullCount":{"event_id":0,"event_type":0,"schema_version":0,"trip_id":0,"source_file":0,"ingest_mode":0,"ingest_timestamp":0,"event_time":0,"trip_date":0,"vendor_id":0,"pickup_datetime":0,"passenger_count":0,"pulocation_id":0,"dolocation_id":0}},null,null,None,None,None), AddFile(part-00000-004a8b18-df32-4f9d-bb39-82367f410cff-c000.snappy.parquet,Map(),5324,1779118963000,false,{"numRecords":1,"minValues":{"event_id":"6b665828c688b1ad5db23bad056be6f6","event_type":"trip_started","schema_version":"2.0","trip_id":"295e6648f1a483a7ce32bdd362f4fff8","source_file":"yellow_tripdata_2024-09.parquet","ingest_mode":"streaming","ingest_timestamp":"2026-05-18T15:42:37.579Z","event_time":"2024-08-31T23:57:45.000Z","trip_date":"2024-08-31","vendor_id":2,"pickup_datetime":"2024-08-31T23:57:45.000Z","passenger_count":1,"pulocation_id":239,"dolocation_id":151},"maxValues":{"event_id":"6b665828c688b1ad5db23bad056be6f6","event_type":"trip_started","schema_version":"2.0","trip_id":"295e6648f1a483a7ce32bdd362f4fff8","source_file":"yellow_tripdata_2024-09.parquet","ingest_mode":"streaming","ingest_timestamp":"2026-05-18T15:42:37.579Z","event_time":"2024-08-31T23:57:45.000Z","trip_date":"2024-08-31","vendor_id":2,"pickup_datetime":"2024-08-31T23:57:45.000Z","passenger_count":1,"pulocation_id":239,"dolocation_id":151},"nullCount":{"event_id":0,"event_type":0,"schema_version":0,"trip_id":0,"source_file":0,"ingest_mode":0,"ingest_timestamp":0,"event_time":0,"trip_date":0,"vendor_id":0,"pickup_datetime":0,"passenger_count":0,"pulocation_id":0,"dolocation_id":0}},null,null,None,None,None), AddFile(part-00003-0a291636-3d7f-4d43-9267-ff3d77a5fa70-c000.snappy.parquet,Map(),5325,1779118965000,false,{"numRecords":1,"minValues":{"event_id":"564163f7865a9c548a07bfdfe6922441","event_type":"trip_started","schema_version":"2.0","trip_id":"c07b4c728c34e12d73873c5b97478810","source_file":"yellow_tripdata_2024-09.parquet","ingest_mode":"streaming","ingest_timestamp":"2026-05-18T15:42:32.978Z","event_time":"2024-08-31T23:57:22.000Z","trip_date":"2024-08-31","vendor_id":2,"pickup_datetime":"2024-08-31T23:57:22.000Z","passenger_count":1,"pulocation_id":79,"dolocation_id":142},"maxValues":{"event_id":"564163f7865a9c548a07bfdfe6922441","event_type":"trip_started","schema_version":"2.0","trip_id":"c07b4c728c34e12d73873c5b97478810","source_file":"yellow_tripdata_2024-09.parquet","ingest_mode":"streaming","ingest_timestamp":"2026-05-18T15:42:32.978Z","event_time":"2024-08-31T23:57:22.000Z","trip_date":"2024-08-31","vendor_id":2,"pickup_datetime":"2024-08-31T23:57:22.000Z","passenger_count":1,"pulocation_id":79,"dolocation_id":142},"nullCount":{"event_id":0,"event_type":0,"schema_version":0,"trip_id":0,"source_file":0,"ingest_mode":0,"ingest_timestamp":0,"event_time":0,"trip_date":0,"vendor_id":0,"pickup_datetime":0,"passenger_count":0,"pulocation_id":0,"dolocation_id":0}},null,null,None,None,None), AddFile(part-00002-204c9462-febd-4a6e-9fc5-d2cff48b0fab-c000.snappy.parquet,Map(),5290,1779118941000,false,{"numRecords":2,"minValues":{"event_id":"7094784f7b964147a344562f3c700452","event_type":"trip_started","schema_version":"2.0","trip_id":"49abd9d6c1136369978e031c3defd4dd","source_file":"yellow_tripdata_2024-09.parquet","ingest_mode":"streaming","ingest_timestamp":"2026-05-18T15:42:09.576Z","event_time":"2024-08-31T23:54:28.000Z","trip_date":"2024-08-31","vendor_id":2,"pickup_datetime":"2024-08-31T23:54:28.000Z","passenger_count":1,"pulocation_id":138,"dolocation_id":129},"maxValues":{"event_id":"a33916c25654965d32f61be210f37d0f","event_type":"trip_started","schema_version":"2.0","trip_id":"87e7c11c9799f63c59e672e1b144842e","source_file":"yellow_tripdata_2024-09.parquet","ingest_mode":"streaming","ingest_timestamp":"2026-05-18T15:42:11.576Z","event_time":"2024-08-31T23:54:38.000Z","trip_date":"2024-08-31","vendor_id":2,"pickup_datetime":"2024-08-31T23:54:38.000Z","passenger_count":2,"pulocation_id":230,"dolocation_id":162},"nullCount":{"event_id":0,"event_type":0,"schema_version":0,"trip_id":0,"source_file":0,"ingest_mode":0,"ingest_timestamp":0,"event_time":0,"trip_date":0,"vendor_id":0,"pickup_datetime":0,"passenger_count":0,"pulocation_id":0,"dolocation_id":0}},null,null,None,None,None), AddFile(part-00005-6fdc4404-90d1-4684-aef0-1e0957ea57b7-c000.snappy.parquet,Map(),5325,1779118966000,false,{"numRecords":1,"minValues":{"event_id":"d49ab84f6c7fe5e07947fcae3153c1f8","event_type":"trip_started","schema_version":"2.0","trip_id":"ef253bac2c5b9360c747b8ca1b7d7ab7","source_file":"yellow_tripdata_2024-09.parquet","ingest_mode":"streaming","ingest_timestamp":"2026-05-18T15:42:34.979Z","event_time":"2024-08-31T23:57:32.000Z","trip_date":"2024-08-31","vendor_id":2,"pickup_datetime":"2024-08-31T23:57:32.000Z","passenger_count":5,"pulocation_id":161,"dolocation_id":230},"maxValues":{"event_id":"d49ab84f6c7fe5e07947fcae3153c1f8","event_type":"trip_started","schema_version":"2.0","trip_id":"ef253bac2c5b9360c747b8ca1b7d7ab7","source_file":"yellow_tripdata_2024-09.parquet","ingest_mode":"streaming","ingest_timestamp":"2026-05-18T15:42:34.979Z","event_time":"2024-08-31T23:57:32.000Z","trip_date":"2024-08-31","vendor_id":2,"pickup_datetime":"2024-08-31T23:57:32.000Z","passenger_count":5,"pulocation_id":161,"dolocation_id":230},"nullCount":{"event_id":0,"event_type":0,"schema_version":0,"trip_id":0,"source_file":0,"ingest_mode":0,"ingest_timestamp":0,"event_time":0,"trip_date":0,"vendor_id":0,"pickup_datetime":0,"passenger_count":0,"pulocation_id":0,"dolocation_id":0}},null,null,None,None,None), AddFile(part-00000-beaa7485-6c72-4622-b407-4ad4b6e10b2e-c000.snappy.parquet,Map(),5325,1779118954000,false,{"numRecords":1,"minValues":{"event_id":"654539c39ceb4cbe902edee99605921c","event_type":"trip_started","schema_version":"2.0","trip_id":"696e7f1d0beb89f1c18c5da6c65ad872","source_file":"yellow_tripdata_2024-09.parquet","ingest_mode":"streaming","ingest_timestamp":"2026-05-18T15:42:22.777Z","event_time":"2024-08-31T23:56:31.000Z","trip_date":"2024-08-31","vendor_id":2,"pickup_datetime":"2024-08-31T23:56:31.000Z","passenger_count":2,"pulocation_id":170,"dolocation_id":7},"maxValues":{"event_id":"654539c39ceb4cbe902edee99605921c","event_type":"trip_started","schema_version":"2.0","trip_id":"696e7f1d0beb89f1c18c5da6c65ad872","source_file":"yellow_tripdata_2024-09.parquet","ingest_mode":"streaming","ingest_timestamp":"2026-05-18T15:42:22.777Z","event_time":"2024-08-31T23:56:31.000Z","trip_date":"2024-08-31","vendor_id":2,"pickup_datetime":"2024-08-31T23:56:31.000Z","passenger_count":2,"pulocation_id":170,"dolocation_id":7},"nullCount":{"event_id":0,"event_type":0,"schema_version":0,"trip_id":0,"source_file":0,"ingest_mode":0,"ingest_timestamp":0,"event_time":0,"trip_date":0,"vendor_id":0,"pickup_datetime":0,"passenger_count":0,"pulocation_id":0,"dolocation_id":0}},null,null,None,None,None), AddFile(part-00000-ac8a9b1d-58d7-4719-9e76-5f8fbe428c56-c000.snappy.parquet,Map(),5289,1779118932000,false,{"numRecords":2,"minValues":{"event_id":"0e42e0a8ff68c0593e5f62fe564cc867","event_type":"trip_started","schema_version":"2.0","trip_id":"74cc4dc0356999a5051ffc06fe590ba0","source_file":"yellow_tripdata_2024-09.parquet","ingest_mode":"streaming","ingest_timestamp":"2026-05-18T15:41:32.373Z","event_time":"2024-08-31T23:45:56.000Z","trip_date":"2024-08-31","vendor_id":2,"pickup_datetime":"2024-08-31T23:45:56.000Z","passenger_count":1,"pulocation_id":24,"dolocation_id":24},"maxValues":{"event_id":"20f272b57abcb77396229a1f4f79d2a6","event_type":"trip_started","schema_version":"2.0","trip_id":"7e4582c034b9714ccbb8b7972ee7452a","source_file":"yellow_tripdata_2024-09.parquet","ingest_mode":"streaming","ingest_timestamp":"2026-05-18T15:41:40.774Z","event_time":"2024-08-31T23:47:06.000Z","trip_date":"2024-08-31","vendor_id":2,"pickup_datetime":"2024-08-31T23:47:06.000Z","passenger_count":6,"pulocation_id":142,"dolocation_id":162},"nullCount":{"event_id":0,"event_type":0,"schema_version":0,"trip_id":0,"source_file":0,"ingest_mode":0,"ingest_timestamp":0,"event_time":0,"trip_date":0,"vendor_id":0,"pickup_datetime":0,"passenger_count":0,"pulocation_id":0,"dolocation_id":0}},null,null,None,None,None), AddFile(part-00001-3e08f1a9-004f-4148-96c2-ce39df27dafa-c000.snappy.parquet,Map(),5324,1779118932000,false,{"numRecords":1,"minValues":{"event_id":"49fd4523f0edf3af6db90b980f85b44b","event_type":"trip_started","schema_version":"2.0","trip_id":"a81a5f72bed880eb1011e846ec08a7b3","source_file":"yellow_tripdata_2024-09.parquet","ingest_mode":"streaming","ingest_timestamp":"2026-05-18T15:41:32.373Z","event_time":"2024-08-31T23:45:56.000Z","trip_date":"2024-08-31","vendor_id":2,"pickup_datetime":"2024-08-31T23:45:56.000Z","passenger_count":1,"pulocation_id":24,"dolocation_id":24},"maxValues":{"event_id":"49fd4523f0edf3af6db90b980f85b44b","event_type":"trip_started","schema_version":"2.0","trip_id":"a81a5f72bed880eb1011e846ec08a7b3","source_file":"yellow_tripdata_2024-09.parquet","ingest_mode":"streaming","ingest_timestamp":"2026-05-18T15:41:32.373Z","event_time":"2024-08-31T23:45:56.000Z","trip_date":"2024-08-31","vendor_id":2,"pickup_datetime":"2024-08-31T23:45:56.000Z","passenger_count":1,"pulocation_id":24,"dolocation_id":24},"nullCount":{"event_id":0,"event_type":0,"schema_version":0,"trip_id":0,"source_file":0,"ingest_mode":0,"ingest_timestamp":0,"event_time":0,"trip_date":0,"vendor_id":0,"pickup_datetime":0,"passenger_count":0,"pulocation_id":0,"dolocation_id":0}},null,null,None,None,None), AddFile(part-00002-d9b3fdfd-9a1c-4ba7-bce8-809853fb9b08-c000.snappy.parquet,Map(),5325,1779118933000,false,{"numRecords":1,"minValues":{"event_id":"c2b354f6093db075096dd7d6cd094124","event_type":"trip_started","schema_version":"2.0","trip_id":"2e493edb13c1adcaf6af648c66c05d11","source_file":"yellow_tripdata_2024-09.parquet","ingest_mode":"streaming","ingest_timestamp":"2026-05-18T15:41:49.575Z","event_time":"2024-08-31T23:48:15.000Z","trip_date":"2024-08-31","vendor_id":2,"pickup_datetime":"2024-08-31T23:48:15.000Z","passenger_count":1,"pulocation_id":87,"dolocation_id":232},"maxValues":{"event_id":"c2b354f6093db075096dd7d6cd094124","event_type":"trip_started","schema_version":"2.0","trip_id":"2e493edb13c1adcaf6af648c66c05d11","source_file":"yellow_tripdata_2024-09.parquet","ingest_mode":"streaming","ingest_timestamp":"2026-05-18T15:41:49.575Z","event_time":"2024-08-31T23:48:15.000Z","trip_date":"2024-08-31","vendor_id":2,"pickup_datetime":"2024-08-31T23:48:15.000Z","passenger_count":1,"pulocation_id":87,"dolocation_id":232},"nullCount":{"event_id":0,"event_type":0,"schema_version":0,"trip_id":0,"source_file":0,"ingest_mode":0,"ingest_timestamp":0,"event_time":0,"trip_date":0,"vendor_id":0,"pickup_datetime":0,"passenger_count":0,"pulocation_id":0,"dolocation_id":0}},null,null,None,None,None), AddFile(part-00002-d9b630b8-3fe6-47f4-bef5-e312d5875278-c000.snappy.parquet,Map(),15373,1779118905000,false,{"numRecords":67,"minValues":{"event_id":"011a460cb5a25c4ee561b11bfa14604d","event_type":"trip_started","schema_version":"2.0","trip_id":"02a39a8e328190af69190a907699ab05","source_file":"yellow_tripdata_2024-09.parquet","ingest_mode":"streaming","ingest_timestamp":"2026-05-18T15:30:23.343Z","event_time":"2024-08-31T23:31:22.000Z","trip_date":"2024-08-31","vendor_id":1,"pickup_datetime":"2024-08-31T23:31:22.000Z","passenger_count":0,"pulocation_id":24,"dolocation_id":7},"maxValues":{"event_id":"fb8fb0226b979d486aa1fe15bcadfd02","event_type":"trip_started","schema_version":"2.0","trip_id":"ff8ff4056149324b8cb6441936211b7a","source_file":"yellow_tripdata_2024-09.parquet","ingest_mode":"streaming","ingest_timestamp":"2026-05-18T15:41:17.372Z","event_time":"2024-09-01T00:03:44.000Z","trip_date":"2024-09-01","vendor_id":2,"pickup_datetime":"2024-09-01T00:03:44.000Z","passenger_count":6,"pulocation_id":265,"dolocation_id":265},"nullCount":{"event_id":0,"event_type":0,"schema_version":0,"trip_id":0,"source_file":0,"ingest_mode":0,"ingest_timestamp":0,"event_time":0,"trip_date":0,"vendor_id":0,"pickup_datetime":0,"passenger_count":7,"pulocation_id":0,"dolocation_id":0}},null,null,None,None,None), AddFile(part-00001-25597aa3-37ba-4ada-a57e-d65085251b3f-c000.snappy.parquet,Map(),10884,1779118904000,false,{"numRecords":36,"minValues":{"event_id":"00bb01354109838b627c857eebe80dc2","event_type":"trip_started","schema_version":"2.0","trip_id":"0151b1434bda3c8918caec4e7800368d","source_file":"yellow_tripdata_2024-09.parquet","ingest_mode":"streaming","ingest_timestamp":"2026-05-18T15:31:05.546Z","event_time":"2024-08-31T23:49:47.000Z","trip_date":"2024-08-31","vendor_id":1,"pickup_datetime":"2024-08-31T23:49:47.000Z","passenger_count":0,"pulocation_id":68,"dolocation_id":45},"maxValues":{"event_id":"fc777a5f3c65c6d093b9336703c5e846","event_type":"trip_started","schema_version":"2.0","trip_id":"febc1b1d83b45aebc128b44d8bf1e48d","source_file":"yellow_tripdata_2024-09.parquet","ingest_mode":"streaming","ingest_timestamp":"2026-05-18T15:38:55.109Z","event_time":"2024-09-01T00:03:32.000Z","trip_date":"2024-09-01","vendor_id":2,"pickup_datetime":"2024-09-01T00:03:32.000Z","passenger_count":5,"pulocation_id":263,"dolocation_id":265},"nullCount":{"event_id":0,"event_type":0,"schema_version":0,"trip_id":0,"source_file":0,"ingest_mode":0,"ingest_timestamp":0,"event_time":0,"trip_date":0,"vendor_id":0,"pickup_datetime":0,"passenger_count":3,"pulocation_id":0,"dolocation_id":0}},null,null,None,None,None), AddFile(part-00000-354a8d2e-7fe2-4583-a46c-fa6563c44f3f-c000.snappy.parquet,Map(),5314,1779118940000,false,{"numRecords":2,"minValues":{"event_id":"14702b58b8c37db8b2b50034899fc9c7","event_type":"trip_started","schema_version":"2.0","trip_id":"2c7293107d5369aafe0b0f664a64c1e4","source_file":"yellow_tripdata_2024-09.parquet","ingest_mode":"streaming","ingest_timestamp":"2026-05-18T15:42:04.576Z","event_time":"2024-08-31T23:53:06.000Z","trip_date":"2024-08-31","vendor_id":2,"pickup_datetime":"2024-08-31T23:53:06.000Z","passenger_count":1,"pulocation_id":48,"dolocation_id":48},"maxValues":{"event_id":"53de4f6d29a18ae8c5ee21ff0b51e6dd","event_type":"trip_started","schema_version":"2.0","trip_id":"2c83a9caa91b8b0fc7bb449a3e93bc05","source_file":"yellow_tripdata_2024-09.parquet","ingest_mode":"streaming","ingest_timestamp":"2026-05-18T15:42:12.777Z","event_time":"2024-08-31T23:54:44.000Z","trip_date":"2024-08-31","vendor_id":2,"pickup_datetime":"2024-08-31T23:54:44.000Z","passenger_count":1,"pulocation_id":231,"dolocation_id":231},"nullCount":{"event_id":0,"event_type":0,"schema_version":0,"trip_id":0,"source_file":0,"ingest_mode":0,"ingest_timestamp":0,"event_time":0,"trip_date":0,"vendor_id":0,"pickup_datetime":0,"passenger_count":0,"pulocation_id":0,"dolocation_id":0}},null,null,None,None,None), AddFile(part-00004-241ad319-170b-4986-bd7a-42bf803f4dad-c000.snappy.parquet,Map(),5316,1779118966000,false,{"numRecords":2,"minValues":{"event_id":"774a4965f71ecd05c290d6232c408080","event_type":"trip_started","schema_version":"2.0","trip_id":"73d47bd6dfc2992a06e6a9fb0bf878e9","source_file":"yellow_tripdata_2024-09.parquet","ingest_mode":"streaming","ingest_timestamp":"2026-05-18T15:42:37.779Z","event_time":"2024-08-31T23:57:46.000Z","trip_date":"2024-08-31","vendor_id":2,"pickup_datetime":"2024-08-31T23:57:46.000Z","passenger_count":1,"pulocation_id":132,"dolocation_id":42},"maxValues":{"event_id":"b8e691563f2dfaef2445c78ae1d904bb","event_type":"trip_started","schema_version":"2.0","trip_id":"e1260a639e2d981b4b178df809b28dab","source_file":"yellow_tripdata_2024-09.parquet","ingest_mode":"streaming","ingest_timestamp":"2026-05-18T15:42:38.980Z","event_time":"2024-08-31T23:57:52.000Z","trip_date":"2024-08-31","vendor_id":2,"pickup_datetime":"2024-08-31T23:57:52.000Z","passenger_count":1,"pulocation_id":144,"dolocation_id":68},"nullCount":{"event_id":0,"event_type":0,"schema_version":0,"trip_id":0,"source_file":0,"ingest_mode":0,"ingest_timestamp":0,"event_time":0,"trip_date":0,"vendor_id":0,"pickup_datetime":0,"passenger_count":0,"pulocation_id":0,"dolocation_id":0}},null,null,None,None,None), AddFile(part-00003-40e0630d-6fe9-4e39-9602-a33736b745ca-c000.snappy.parquet,Map(),5316,1779118933000,false,{"numRecords":2,"minValues":{"event_id":"3a11c04f3f86a8a2ed90c5835f8fcb0c","event_type":"trip_started","schema_version":"2.0","trip_id":"5ea4134ac6f17edb7f639fc94f24acac","source_file":"yellow_tripdata_2024-09.parquet","ingest_mode":"streaming","ingest_timestamp":"2026-05-18T15:41:27.373Z","event_time":"2024-08-31T23:41:24.000Z","trip_date":"2024-08-31","vendor_id":2,"pickup_datetime":"2024-08-31T23:41:24.000Z","passenger_count":1,"pulocation_id":100,"dolocation_id":42},"maxValues":{"event_id":"810ea42e4364ec7ab0e87ebf0400ae41","event_type":"trip_started","schema_version":"2.0","trip_id":"72cf0cd11b66424f5d72b72df8a87924","source_file":"yellow_tripdata_2024-09.parquet","ingest_mode":"streaming","ingest_timestamp":"2026-05-18T15:41:44.574Z","event_time":"2024-08-31T23:47:25.000Z","trip_date":"2024-08-31","vendor_id":2,"pickup_datetime":"2024-08-31T23:47:25.000Z","passenger_count":1,"pulocation_id":230,"dolocation_id":100},"nullCount":{"event_id":0,"event_type":0,"schema_version":0,"trip_id":0,"source_file":0,"ingest_mode":0,"ingest_timestamp":0,"event_time":0,"trip_date":0,"vendor_id":0,"pickup_datetime":0,"passenger_count":0,"pulocation_id":0,"dolocation_id":0}},null,null,None,None,None), AddFile(part-00004-bf95d00f-7224-4d19-8506-bb804d74ba69-c000.snappy.parquet,Map(),16203,1779118907000,false,{"numRecords":67,"minValues":{"event_id":"00f4412c4abb87a7edb991f16b8e3872","event_type":"trip_started","schema_version":"2.0","trip_id":"0106a3fdc6d124355ddbc3170eb7fa9d","source_file":"yellow_tripdata_2024-09.parquet","ingest_mode":"streaming","ingest_timestamp":"2026-05-18T15:30:55.546Z","event_time":"2024-08-31T23:48:15.000Z","trip_date":"2024-08-31","vendor_id":1,"pickup_datetime":"2024-08-31T23:48:15.000Z","passenger_count":0,"pulocation_id":41,"dolocation_id":4},"maxValues":{"event_id":"ffa973e5c6626d9b56f1d9367abd3987","event_type":"trip_started","schema_version":"2.0","trip_id":"fc82163fbf256ca3108569d8f7fa673b","source_file":"yellow_tripdata_2024-09.parquet","ingest_mode":"streaming","ingest_timestamp":"2026-05-18T15:39:10.112Z","event_time":"2024-09-01T00:03:47.000Z","trip_date":"2024-09-01","vendor_id":2,"pickup_datetime":"2024-09-01T00:03:47.000Z","passenger_count":5,"pulocation_id":255,"dolocation_id":263},"nullCount":{"event_id":0,"event_type":0,"schema_version":0,"trip_id":0,"source_file":0,"ingest_mode":0,"ingest_timestamp":0,"event_time":0,"trip_date":0,"vendor_id":0,"pickup_datetime":0,"passenger_count":12,"pulocation_id":0,"dolocation_id":0}},null,null,None,None,None), AddFile(part-00002-3b8de384-5e1a-428a-8ca1-d65f16283a11-c000.snappy.parquet,Map(),5325,1779118964000,false,{"numRecords":1,"minValues":{"event_id":"44fb76f3cf2c68976837b514cd9e5b06","event_type":"trip_started","schema_version":"2.0","trip_id":"7e2ce3bdf357ffda0236e3d816e277f1","source_file":"yellow_tripdata_2024-09.parquet","ingest_mode":"streaming","ingest_timestamp":"2026-05-18T15:42:39.980Z","event_time":"2024-08-31T23:57:57.000Z","trip_date":"2024-08-31","vendor_id":2,"pickup_datetime":"2024-08-31T23:57:57.000Z","passenger_count":5,"pulocation_id":132,"dolocation_id":42},"maxValues":{"event_id":"44fb76f3cf2c68976837b514cd9e5b06","event_type":"trip_started","schema_version":"2.0","trip_id":"7e2ce3bdf357ffda0236e3d816e277f1","source_file":"yellow_tripdata_2024-09.parquet","ingest_mode":"streaming","ingest_timestamp":"2026-05-18T15:42:39.980Z","event_time":"2024-08-31T23:57:57.000Z","trip_date":"2024-08-31","vendor_id":2,"pickup_datetime":"2024-08-31T23:57:57.000Z","passenger_count":5,"pulocation_id":132,"dolocation_id":42},"nullCount":{"event_id":0,"event_type":0,"schema_version":0,"trip_id":0,"source_file":0,"ingest_mode":0,"ingest_timestamp":0,"event_time":0,"trip_date":0,"vendor_id":0,"pickup_datetime":0,"passenger_count":0,"pulocation_id":0,"dolocation_id":0}},null,null,None,None,None), AddFile(part-00001-15e62d34-1cb7-4e48-afd5-30601fa3f01e-c000.snappy.parquet,Map(),5325,1779118940000,false,{"numRecords":1,"minValues":{"event_id":"b395c7a81f12a58f58489f623d958178","event_type":"trip_started","schema_version":"2.0","trip_id":"133e7d3180d10215019a7d0e6e3cc052","source_file":"yellow_tripdata_2024-09.parquet","ingest_mode":"streaming","ingest_timestamp":"2026-05-18T15:41:59.575Z","event_time":"2024-08-31T23:49:47.000Z","trip_date":"2024-08-31","vendor_id":2,"pickup_datetime":"2024-08-31T23:49:47.000Z","passenger_count":1,"pulocation_id":79,"dolocation_id":211},"maxValues":{"event_id":"b395c7a81f12a58f58489f623d958178","event_type":"trip_started","schema_version":"2.0","trip_id":"133e7d3180d10215019a7d0e6e3cc052","source_file":"yellow_tripdata_2024-09.parquet","ingest_mode":"streaming","ingest_timestamp":"2026-05-18T15:41:59.575Z","event_time":"2024-08-31T23:49:47.000Z","trip_date":"2024-08-31","vendor_id":2,"pickup_datetime":"2024-08-31T23:49:47.000Z","passenger_count":1,"pulocation_id":79,"dolocation_id":211},"nullCount":{"event_id":0,"event_type":0,"schema_version":0,"trip_id":0,"source_file":0,"ingest_mode":0,"ingest_timestamp":0,"event_time":0,"trip_date":0,"vendor_id":0,"pickup_datetime":0,"passenger_count":0,"pulocation_id":0,"dolocation_id":0}},null,null,None,None,None), AddFile(part-00003-b1b9f1d7-6ad3-4d3d-9129-31eff2c0ca88-c000.snappy.parquet,Map(),12843,1779118906000,false,{"numRecords":51,"minValues":{"event_id":"033a945818d220fae8d0f5ea06aade55","event_type":"trip_started","schema_version":"2.0","trip_id":"007211974f070e6081d820f78a892116","source_file":"yellow_tripdata_2024-09.parquet","ingest_mode":"streaming","ingest_timestamp":"2026-05-18T15:30:08.336Z","event_time":"2024-08-31T22:27:55.000Z","trip_date":"2024-08-31","vendor_id":1,"pickup_datetime":"2024-08-31T22:27:55.000Z","passenger_count":0,"pulocation_id":24,"dolocation_id":7},"maxValues":{"event_id":"f914c4bf2487bb514676e80f0e515e30","event_type":"trip_started","schema_version":"2.0","trip_id":"fd8556cf3a0c0a61eb48a4f6e35a55b5","source_file":"yellow_tripdata_2024-09.parquet","ingest_mode":"streaming","ingest_timestamp":"2026-05-18T15:41:02.366Z","event_time":"2024-09-01T00:03:39.000Z","trip_date":"2024-09-01","vendor_id":2,"pickup_datetime":"2024-09-01T00:03:39.000Z","passenger_count":5,"pulocation_id":249,"dolocation_id":265},"nullCount":{"event_id":0,"event_type":0,"schema_version":0,"trip_id":0,"source_file":0,"ingest_mode":0,"ingest_timestamp":0,"event_time":0,"trip_date":0,"vendor_id":0,"pickup_datetime":0,"passenger_count":11,"pulocation_id":0,"dolocation_id":0}},null,null,None,None,None))))))
26/05/18 15:42:46 INFO MapPartitionsRDD: Removing RDD 97 from persistence list
26/05/18 15:42:46 INFO BlockManager: Removing RDD 97
26/05/18 15:42:46 INFO DeltaLogFileIndex: Created DeltaLogFileIndex(JSON, numFilesInSegment: 6, totalFileSize: 36157)
26/05/18 15:42:46 INFO OptimisticTransaction: [tableId=e54c2914,txnId=06e9f11e] Committed delta #5 to s3a://lakehouse/benchmark/bronze/20260518T154052Z/low/started/_delta_log
26/05/18 15:42:46 INFO ChecksumHook: Writing checksum file for table path s3a://lakehouse/benchmark/bronze/20260518T154052Z/low/started/_delta_log version 5
26/05/18 15:42:46 INFO CheckpointFileManager: Writing atomically to s3a://lakehouse/benchmark/bronze/20260518T154052Z/low/started/_delta_log/00000000000000000005.crc using temp file s3a://lakehouse/benchmark/bronze/20260518T154052Z/low/started/_delta_log/.00000000000000000005.crc.fe9e4811-c0e8-48e8-a080-56b171275803.tmp
26/05/18 15:42:46 INFO CheckpointFileManager: Renamed temp file s3a://lakehouse/benchmark/bronze/20260518T154052Z/low/started/_delta_log/.00000000000000000005.crc.fe9e4811-c0e8-48e8-a080-56b171275803.tmp to s3a://lakehouse/benchmark/bronze/20260518T154052Z/low/started/_delta_log/00000000000000000005.crc
26/05/18 15:42:46 INFO DeltaSink: Committed transaction, batchId=5, duration=148 ms, added 6 files, removed 0 files.
26/05/18 15:42:46 INFO CheckpointFileManager: Writing atomically to s3a://lakehouse/_checkpoints/benchmark/20260518T154052Z/low/started/commits/5 using temp file s3a://lakehouse/_checkpoints/benchmark/20260518T154052Z/low/started/commits/.5.aa6bf956-0670-46f4-95c0-99ae9d9adef4.tmp
26/05/18 15:42:46 INFO CheckpointFileManager: Renamed temp file s3a://lakehouse/_checkpoints/benchmark/20260518T154052Z/low/started/commits/.5.aa6bf956-0670-46f4-95c0-99ae9d9adef4.tmp to s3a://lakehouse/_checkpoints/benchmark/20260518T154052Z/low/started/commits/5
26/05/18 15:42:46 INFO MicroBatchExecutionContext: Extracting source progress metrics for source=KafkaV2[Subscribe[nyc-taxi-trip-started]] took duration_ms=0
26/05/18 15:42:46 INFO MicroBatchExecutionContext: Extracting sink progress metrics for sink=DeltaSink[s3a://lakehouse/benchmark/bronze/20260518T154052Z/low/started] took duration_ms=0
26/05/18 15:42:46 INFO ProgressReporter: Streaming query made progress: {
  "id" : "4c71fffa-098f-430a-acdb-8cf33542b27e",
  "runId" : "115be754-ecb0-4808-843b-18c4b16f4924",
  "name" : null,
  "timestamp" : "2026-05-18T15:42:40.000Z",
  "batchId" : 5,
  "batchDuration" : 6943,
  "numInputRows" : 7,
  "inputRowsPerSecond" : 0.7,
  "processedRowsPerSecond" : 1.008209707619185,
  "durationMs" : {
    "addBatch" : 6701,
    "commitOffsets" : 101,
    "getBatch" : 1,
    "latestOffset" : 6,
    "queryPlanning" : 19,
    "triggerExecution" : 6943,
    "walCommit" : 114
  },
  "stateOperators" : [ ],
  "sources" : [ {
    "description" : "KafkaV2[Subscribe[nyc-taxi-trip-started]]",
    "startOffset" : {
      "nyc-taxi-trip-started" : {
        "0" : 75,
        "1" : 37,
        "2" : 53,
        "3" : 62,
        "4" : 68,
        "5" : 70
      }
    },
    "endOffset" : {
      "nyc-taxi-trip-started" : {
        "0" : 76,
        "1" : 38,
        "2" : 54,
        "3" : 63,
        "4" : 70,
        "5" : 71
      }
    },
    "latestOffset" : {
      "nyc-taxi-trip-started" : {
        "0" : 76,
        "1" : 38,
        "2" : 54,
        "3" : 63,
        "4" : 70,
        "5" : 71
      }
    },
    "numInputRows" : 7,
    "inputRowsPerSecond" : 0.7,
    "processedRowsPerSecond" : 1.008209707619185,
    "metrics" : {
      "avgOffsetsBehindLatest" : "0.0",
      "maxOffsetsBehindLatest" : "0",
      "minOffsetsBehindLatest" : "0"
    }
  } ],
  "sink" : {
    "description" : "DeltaSink[s3a://lakehouse/benchmark/bronze/20260518T154052Z/low/started]",
    "numOutputRows" : -1
  }
}
[benchmark][spark_progress] {"add_batch_ms": 6701, "batch_id": 5, "end_offset": {"nyc-taxi-trip-started": {"0": 76, "1": 38, "2": 54, "3": 63, "4": 70, "5": 71}}, "event_kind": "started", "get_batch_ms": 1, "input_rows_per_second": 0.7, "kafka_group_id": "nyc-taxi-bench-low-20260518T154052Z-started", "latest_offset": {"nyc-taxi-trip-started": {"0": 76, "1": 38, "2": 54, "3": 63, "4": 70, "5": 71}}, "metric_type": "spark_microbatch_progress", "num_input_rows": 7, "processed_rows_per_second": 1.008209707619185, "start_offset": {"nyc-taxi-trip-started": {"0": 75, "1": 37, "2": 53, "3": 62, "4": 68, "5": 70}}, "timestamp": "2026-05-18T15:42:40.000Z", "topic": "nyc-taxi-trip-started", "trigger_execution_ms": 6943}
26/05/18 15:42:50 INFO CheckpointFileManager: Writing atomically to s3a://lakehouse/_checkpoints/benchmark/20260518T154052Z/low/started/offsets/6 using temp file s3a://lakehouse/_checkpoints/benchmark/20260518T154052Z/low/started/offsets/.6.309d6515-014d-41d5-928f-86c9a6231be2.tmp
26/05/18 15:42:50 INFO CheckpointFileManager: Renamed temp file s3a://lakehouse/_checkpoints/benchmark/20260518T154052Z/low/started/offsets/.6.309d6515-014d-41d5-928f-86c9a6231be2.tmp to s3a://lakehouse/_checkpoints/benchmark/20260518T154052Z/low/started/offsets/6
26/05/18 15:42:50 INFO MicroBatchExecution: Committed offsets for batch 6. Metadata OffsetSeqMetadata(0,1779118970007,HashMap(spark.sql.streaming.stateStore.providerClass -> org.apache.spark.sql.execution.streaming.state.HDFSBackedStateStoreProvider, spark.sql.streaming.stateStore.rocksdb.formatVersion -> 5, spark.sql.streaming.stateStore.encodingFormat -> unsaferow, spark.sql.streaming.statefulOperator.useStrictDistribution -> true, spark.sql.streaming.flatMapGroupsWithState.stateFormatVersion -> 2, spark.sql.streaming.multipleWatermarkPolicy -> min, spark.sql.streaming.aggregation.stateFormatVersion -> 2, spark.sql.shuffle.partitions -> 4, spark.sql.streaming.join.stateFormatVersion -> 2, spark.sql.streaming.stateStore.compression.codec -> lz4, spark.sql.optimizer.pruneFiltersCanPruneStreamingSubplan -> false))
26/05/18 15:42:50 INFO DeltaLog: Loading version 5.
26/05/18 15:42:50 INFO Snapshot: [tableId=e54c2914-4281-4b97-a14f-d4cd8e512b01] Created snapshot Snapshot(path=s3a://lakehouse/benchmark/bronze/20260518T154052Z/low/started/_delta_log, version=5, metadata=Metadata(e54c2914-4281-4b97-a14f-d4cd8e512b01,null,null,Format(parquet,Map()),{"type":"struct","fields":[{"name":"event_id","type":"string","nullable":true,"metadata":{}},{"name":"event_type","type":"string","nullable":true,"metadata":{}},{"name":"schema_version","type":"string","nullable":true,"metadata":{}},{"name":"trip_id","type":"string","nullable":true,"metadata":{}},{"name":"source_file","type":"string","nullable":true,"metadata":{}},{"name":"ingest_mode","type":"string","nullable":true,"metadata":{}},{"name":"ingest_timestamp","type":"timestamp","nullable":true,"metadata":{}},{"name":"event_time","type":"timestamp","nullable":true,"metadata":{}},{"name":"trip_date","type":"string","nullable":true,"metadata":{}},{"name":"vendor_id","type":"integer","nullable":true,"metadata":{}},{"name":"pickup_datetime","type":"timestamp","nullable":true,"metadata":{}},{"name":"passenger_count","type":"long","nullable":true,"metadata":{}},{"name":"pulocation_id","type":"integer","nullable":true,"metadata":{}},{"name":"dolocation_id","type":"integer","nullable":true,"metadata":{}}]},List(),Map(),Some(1779118886752)), logSegment=LogSegment(s3a://lakehouse/benchmark/bronze/20260518T154052Z/low/started/_delta_log,5,ArraySeq(S3AFileStatus{path=s3a://lakehouse/benchmark/bronze/20260518T154052Z/low/started/_delta_log/00000000000000000000.json; isDirectory=false; length=10954; replication=1; blocksize=33554432; modification_time=1779118909098; access_time=0; owner=spark; group=spark; permission=rw-rw-rw-; isSymlink=false; hasAcl=false; isEncrypted=true; isErasureCoded=false} isEmptyDirectory=FALSE eTag="2dc840860c22af6901e80b07ffd4ef78" versionId=null, S3AFileStatus{path=s3a://lakehouse/benchmark/bronze/20260518T154052Z/low/started/_delta_log/00000000000000000001.json; isDirectory=false; length=6534; replication=1; blocksize=33554432; modification_time=1779118933421; access_time=0; owner=spark; group=spark; permission=rw-rw-rw-; isSymlink=false; hasAcl=false; isEncrypted=true; isErasureCoded=false} isEmptyDirectory=FALSE eTag="12e73076721d9b91785d3f2f712039e1" versionId=null, S3AFileStatus{path=s3a://lakehouse/benchmark/bronze/20260518T154052Z/low/started/_delta_log/00000000000000000002.json; isDirectory=false; length=5042; replication=1; blocksize=33554432; modification_time=1779118941417; access_time=0; owner=spark; group=spark; permission=rw-rw-rw-; isSymlink=false; hasAcl=false; isEncrypted=true; isErasureCoded=false} isEmptyDirectory=FALSE eTag="004bb0d2cb529c0cb5ef31cccea13acb" versionId=null, S3AFileStatus{path=s3a://lakehouse/benchmark/bronze/20260518T154052Z/low/started/_delta_log/00000000000000000003.json; isDirectory=false; length=2049; replication=1; blocksize=33554432; modification_time=1779118947493; access_time=0; owner=spark; group=spark; permission=rw-rw-rw-; isSymlink=false; hasAcl=false; isEncrypted=true; isErasureCoded=false} isEmptyDirectory=FALSE eTag="4dde2cedc8395ede38ef68ba9cfeff06" versionId=null, S3AFileStatus{path=s3a://lakehouse/benchmark/bronze/20260518T154052Z/low/started/_delta_log/00000000000000000004.json; isDirectory=false; length=2047; replication=1; blocksize=33554432; modification_time=1779118954294; access_time=0; owner=spark; group=spark; permission=rw-rw-rw-; isSymlink=false; hasAcl=false; isEncrypted=true; isErasureCoded=false} isEmptyDirectory=FALSE eTag="a8d058311c0896a53735c0ae32fc5205" versionId=null, S3AFileStatus{path=s3a://lakehouse/benchmark/bronze/20260518T154052Z/low/started/_delta_log/00000000000000000005.json; isDirectory=false; length=9531; replication=1; blocksize=33554432; modification_time=1779118966713; access_time=0; owner=spark; group=spark; permission=rw-rw-rw-; isSymlink=false; hasAcl=false; isEncrypted=true; isErasureCoded=false} isEmptyDirectory=FALSE eTag="93c2265fced70e236e295a97e87c5928" versionId=null),org.apache.spark.sql.delta.EmptyCheckpointProvider$@664c2564,1779118966713), checksumOpt=Some(VersionChecksum(Some(06e9f11e-31cd-4b7a-b87a-3e3057946204),165301,21,None,None,1,1,None,Some(List(SetTransaction(4c71fffa-098f-430a-acdb-8cf33542b27e,5,Some(1779118966694)))),Some(List()),Metadata(e54c2914-4281-4b97-a14f-d4cd8e512b01,null,null,Format(parquet,Map()),{"type":"struct","fields":[{"name":"event_id","type":"string","nullable":true,"metadata":{}},{"name":"event_type","type":"string","nullable":true,"metadata":{}},{"name":"schema_version","type":"string","nullable":true,"metadata":{}},{"name":"trip_id","type":"string","nullable":true,"metadata":{}},{"name":"source_file","type":"string","nullable":true,"metadata":{}},{"name":"ingest_mode","type":"string","nullable":true,"metadata":{}},{"name":"ingest_timestamp","type":"timestamp","nullable":true,"metadata":{}},{"name":"event_time","type":"timestamp","nullable":true,"metadata":{}},{"name":"trip_date","type":"string","nullable":true,"metadata":{}},{"name":"vendor_id","type":"integer","nullable":true,"metadata":{}},{"name":"pickup_datetime","type":"timestamp","nullable":true,"metadata":{}},{"name":"passenger_count","type":"long","nullable":true,"metadata":{}},{"name":"pulocation_id","type":"integer","nullable":true,"metadata":{}},{"name":"dolocation_id","type":"integer","nullable":true,"metadata":{}}]},List(),Map(),Some(1779118886752)),Protocol(1,2),None,None,Some(List(AddFile(part-00001-722cc79d-c36b-4e05-9f21-8ae8f9088985-c000.snappy.parquet,Map(),5323,1779118964000,false,{"numRecords":1,"minValues":{"event_id":"fc777a5f3c65c6d093b9336703c5e846","event_type":"trip_started","schema_version":"2.0","trip_id":"05e3ef49c6dc890678d47a49711febe6","source_file":"yellow_tripdata_2024-09.parquet","ingest_mode":"streaming","ingest_timestamp":"2026-05-18T15:42:30.578Z","event_time":"2024-08-31T23:57:10.000Z","trip_date":"2024-08-31","vendor_id":2,"pickup_datetime":"2024-08-31T23:57:10.000Z","passenger_count":1,"pulocation_id":141,"dolocation_id":239},"maxValues":{"event_id":"fc777a5f3c65c6d093b9336703c5e846","event_type":"trip_started","schema_version":"2.0","trip_id":"05e3ef49c6dc890678d47a49711febe6","source_file":"yellow_tripdata_2024-09.parquet","ingest_mode":"streaming","ingest_timestamp":"2026-05-18T15:42:30.578Z","event_time":"2024-08-31T23:57:10.000Z","trip_date":"2024-08-31","vendor_id":2,"pickup_datetime":"2024-08-31T23:57:10.000Z","passenger_count":1,"pulocation_id":141,"dolocation_id":239},"nullCount":{"event_id":0,"event_type":0,"schema_version":0,"trip_id":0,"source_file":0,"ingest_mode":0,"ingest_timestamp":0,"event_time":0,"trip_date":0,"vendor_id":0,"pickup_datetime":0,"passenger_count":0,"pulocation_id":0,"dolocation_id":0}},null,null,None,None,None), AddFile(part-00005-56447017-32c5-4b7e-b9ab-d59860935c92-c000.snappy.parquet,Map(),13745,1779118908000,false,{"numRecords":58,"minValues":{"event_id":"1455410b53ba26496dd8268d814efb0d","event_type":"trip_started","schema_version":"2.0","trip_id":"055d4dc21a238c32a1173721d4ca04f8","source_file":"yellow_tripdata_2024-09.parquet","ingest_mode":"streaming","ingest_timestamp":"2026-05-18T15:30:33.344Z","event_time":"2024-08-31T23:41:24.000Z","trip_date":"2024-08-31","vendor_id":1,"pickup_datetime":"2024-08-31T23:41:24.000Z","passenger_count":1,"pulocation_id":4,"dolocation_id":13},"maxValues":{"event_id":"fc33a45f23b40ebd214e1bfc68a49bcb","event_type":"trip_started","schema_version":"2.0","trip_id":"fe2349c4e6416804cff94b8f71437d80","source_file":"yellow_tripdata_2024-09.parquet","ingest_mode":"streaming","ingest_timestamp":"2026-05-18T15:39:01.111Z","event_time":"2024-09-01T00:03:38.000Z","trip_date":"2024-09-01","vendor_id":2,"pickup_datetime":"2024-09-01T00:03:38.000Z","passenger_count":5,"pulocation_id":263,"dolocation_id":261},"nullCount":{"event_id":0,"event_type":0,"schema_version":0,"trip_id":0,"source_file":0,"ingest_mode":0,"ingest_timestamp":0,"event_time":0,"trip_date":0,"vendor_id":0,"pickup_datetime":0,"passenger_count":7,"pulocation_id":0,"dolocation_id":0}},null,null,None,None,None), AddFile(part-00000-08aad25c-9cc6-4b91-9c29-ef1ada60ea60-c000.snappy.parquet,Map(),16483,1779118902000,false,{"numRecords":73,"minValues":{"event_id":"0212d8086261a2018cb807d1a4d7a46b","event_type":"trip_started","schema_version":"2.0","trip_id":"031b404c98f442710d2269c0a06824fd","source_file":"yellow_tripdata_2024-09.parquet","ingest_mode":"streaming","ingest_timestamp":"2026-05-18T15:30:18.343Z","event_time":"2024-08-31T23:16:36.000Z","trip_date":"2024-08-31","vendor_id":1,"pickup_datetime":"2024-08-31T23:16:36.000Z","passenger_count":1,"pulocation_id":41,"dolocation_id":15},"maxValues":{"event_id":"febc668d372ab0492f5c4e7165b45be2","event_type":"trip_started","schema_version":"2.0","trip_id":"f8cfd09088ab01f1042a890d127bfcca","source_file":"yellow_tripdata_2024-09.parquet","ingest_mode":"streaming","ingest_timestamp":"2026-05-18T15:41:12.372Z","event_time":"2024-09-01T00:03:44.000Z","trip_date":"2024-09-01","vendor_id":2,"pickup_datetime":"2024-09-01T00:03:44.000Z","passenger_count":5,"pulocation_id":249,"dolocation_id":265},"nullCount":{"event_id":0,"event_type":0,"schema_version":0,"trip_id":0,"source_file":0,"ingest_mode":0,"ingest_timestamp":0,"event_time":0,"trip_date":0,"vendor_id":0,"pickup_datetime":0,"passenger_count":7,"pulocation_id":0,"dolocation_id":0}},null,null,None,None,None), AddFile(part-00000-04a2f022-e88e-4fb8-842d-03ac20cee535-c000.snappy.parquet,Map(),5324,1779118947000,false,{"numRecords":1,"minValues":{"event_id":"52352c98a72028429aa0529967846b38","event_type":"trip_started","schema_version":"2.0","trip_id":"d5f457d09a3953154558bb47240e0cb4","source_file":"yellow_tripdata_2024-09.parquet","ingest_mode":"streaming","ingest_timestamp":"2026-05-18T15:42:17.777Z","event_time":"2024-08-31T23:55:17.000Z","trip_date":"2024-08-31","vendor_id":2,"pickup_datetime":"2024-08-31T23:55:17.000Z","passenger_count":5,"pulocation_id":93,"dolocation_id":141},"maxValues":{"event_id":"52352c98a72028429aa0529967846b38","event_type":"trip_started","schema_version":"2.0","trip_id":"d5f457d09a3953154558bb47240e0cb4","source_file":"yellow_tripdata_2024-09.parquet","ingest_mode":"streaming","ingest_timestamp":"2026-05-18T15:42:17.777Z","event_time":"2024-08-31T23:55:17.000Z","trip_date":"2024-08-31","vendor_id":2,"pickup_datetime":"2024-08-31T23:55:17.000Z","passenger_count":5,"pulocation_id":93,"dolocation_id":141},"nullCount":{"event_id":0,"event_type":0,"schema_version":0,"trip_id":0,"source_file":0,"ingest_mode":0,"ingest_timestamp":0,"event_time":0,"trip_date":0,"vendor_id":0,"pickup_datetime":0,"passenger_count":0,"pulocation_id":0,"dolocation_id":0}},null,null,None,None,None), AddFile(part-00000-004a8b18-df32-4f9d-bb39-82367f410cff-c000.snappy.parquet,Map(),5324,1779118963000,false,{"numRecords":1,"minValues":{"event_id":"6b665828c688b1ad5db23bad056be6f6","event_type":"trip_started","schema_version":"2.0","trip_id":"295e6648f1a483a7ce32bdd362f4fff8","source_file":"yellow_tripdata_2024-09.parquet","ingest_mode":"streaming","ingest_timestamp":"2026-05-18T15:42:37.579Z","event_time":"2024-08-31T23:57:45.000Z","trip_date":"2024-08-31","vendor_id":2,"pickup_datetime":"2024-08-31T23:57:45.000Z","passenger_count":1,"pulocation_id":239,"dolocation_id":151},"maxValues":{"event_id":"6b665828c688b1ad5db23bad056be6f6","event_type":"trip_started","schema_version":"2.0","trip_id":"295e6648f1a483a7ce32bdd362f4fff8","source_file":"yellow_tripdata_2024-09.parquet","ingest_mode":"streaming","ingest_timestamp":"2026-05-18T15:42:37.579Z","event_time":"2024-08-31T23:57:45.000Z","trip_date":"2024-08-31","vendor_id":2,"pickup_datetime":"2024-08-31T23:57:45.000Z","passenger_count":1,"pulocation_id":239,"dolocation_id":151},"nullCount":{"event_id":0,"event_type":0,"schema_version":0,"trip_id":0,"source_file":0,"ingest_mode":0,"ingest_timestamp":0,"event_time":0,"trip_date":0,"vendor_id":0,"pickup_datetime":0,"passenger_count":0,"pulocation_id":0,"dolocation_id":0}},null,null,None,None,None), AddFile(part-00003-0a291636-3d7f-4d43-9267-ff3d77a5fa70-c000.snappy.parquet,Map(),5325,1779118965000,false,{"numRecords":1,"minValues":{"event_id":"564163f7865a9c548a07bfdfe6922441","event_type":"trip_started","schema_version":"2.0","trip_id":"c07b4c728c34e12d73873c5b97478810","source_file":"yellow_tripdata_2024-09.parquet","ingest_mode":"streaming","ingest_timestamp":"2026-05-18T15:42:32.978Z","event_time":"2024-08-31T23:57:22.000Z","trip_date":"2024-08-31","vendor_id":2,"pickup_datetime":"2024-08-31T23:57:22.000Z","passenger_count":1,"pulocation_id":79,"dolocation_id":142},"maxValues":{"event_id":"564163f7865a9c548a07bfdfe6922441","event_type":"trip_started","schema_version":"2.0","trip_id":"c07b4c728c34e12d73873c5b97478810","source_file":"yellow_tripdata_2024-09.parquet","ingest_mode":"streaming","ingest_timestamp":"2026-05-18T15:42:32.978Z","event_time":"2024-08-31T23:57:22.000Z","trip_date":"2024-08-31","vendor_id":2,"pickup_datetime":"2024-08-31T23:57:22.000Z","passenger_count":1,"pulocation_id":79,"dolocation_id":142},"nullCount":{"event_id":0,"event_type":0,"schema_version":0,"trip_id":0,"source_file":0,"ingest_mode":0,"ingest_timestamp":0,"event_time":0,"trip_date":0,"vendor_id":0,"pickup_datetime":0,"passenger_count":0,"pulocation_id":0,"dolocation_id":0}},null,null,None,None,None), AddFile(part-00002-204c9462-febd-4a6e-9fc5-d2cff48b0fab-c000.snappy.parquet,Map(),5290,1779118941000,false,{"numRecords":2,"minValues":{"event_id":"7094784f7b964147a344562f3c700452","event_type":"trip_started","schema_version":"2.0","trip_id":"49abd9d6c1136369978e031c3defd4dd","source_file":"yellow_tripdata_2024-09.parquet","ingest_mode":"streaming","ingest_timestamp":"2026-05-18T15:42:09.576Z","event_time":"2024-08-31T23:54:28.000Z","trip_date":"2024-08-31","vendor_id":2,"pickup_datetime":"2024-08-31T23:54:28.000Z","passenger_count":1,"pulocation_id":138,"dolocation_id":129},"maxValues":{"event_id":"a33916c25654965d32f61be210f37d0f","event_type":"trip_started","schema_version":"2.0","trip_id":"87e7c11c9799f63c59e672e1b144842e","source_file":"yellow_tripdata_2024-09.parquet","ingest_mode":"streaming","ingest_timestamp":"2026-05-18T15:42:11.576Z","event_time":"2024-08-31T23:54:38.000Z","trip_date":"2024-08-31","vendor_id":2,"pickup_datetime":"2024-08-31T23:54:38.000Z","passenger_count":2,"pulocation_id":230,"dolocation_id":162},"nullCount":{"event_id":0,"event_type":0,"schema_version":0,"trip_id":0,"source_file":0,"ingest_mode":0,"ingest_timestamp":0,"event_time":0,"trip_date":0,"vendor_id":0,"pickup_datetime":0,"passenger_count":0,"pulocation_id":0,"dolocation_id":0}},null,null,None,None,None), AddFile(part-00005-6fdc4404-90d1-4684-aef0-1e0957ea57b7-c000.snappy.parquet,Map(),5325,1779118966000,false,{"numRecords":1,"minValues":{"event_id":"d49ab84f6c7fe5e07947fcae3153c1f8","event_type":"trip_started","schema_version":"2.0","trip_id":"ef253bac2c5b9360c747b8ca1b7d7ab7","source_file":"yellow_tripdata_2024-09.parquet","ingest_mode":"streaming","ingest_timestamp":"2026-05-18T15:42:34.979Z","event_time":"2024-08-31T23:57:32.000Z","trip_date":"2024-08-31","vendor_id":2,"pickup_datetime":"2024-08-31T23:57:32.000Z","passenger_count":5,"pulocation_id":161,"dolocation_id":230},"maxValues":{"event_id":"d49ab84f6c7fe5e07947fcae3153c1f8","event_type":"trip_started","schema_version":"2.0","trip_id":"ef253bac2c5b9360c747b8ca1b7d7ab7","source_file":"yellow_tripdata_2024-09.parquet","ingest_mode":"streaming","ingest_timestamp":"2026-05-18T15:42:34.979Z","event_time":"2024-08-31T23:57:32.000Z","trip_date":"2024-08-31","vendor_id":2,"pickup_datetime":"2024-08-31T23:57:32.000Z","passenger_count":5,"pulocation_id":161,"dolocation_id":230},"nullCount":{"event_id":0,"event_type":0,"schema_version":0,"trip_id":0,"source_file":0,"ingest_mode":0,"ingest_timestamp":0,"event_time":0,"trip_date":0,"vendor_id":0,"pickup_datetime":0,"passenger_count":0,"pulocation_id":0,"dolocation_id":0}},null,null,None,None,None), AddFile(part-00000-beaa7485-6c72-4622-b407-4ad4b6e10b2e-c000.snappy.parquet,Map(),5325,1779118954000,false,{"numRecords":1,"minValues":{"event_id":"654539c39ceb4cbe902edee99605921c","event_type":"trip_started","schema_version":"2.0","trip_id":"696e7f1d0beb89f1c18c5da6c65ad872","source_file":"yellow_tripdata_2024-09.parquet","ingest_mode":"streaming","ingest_timestamp":"2026-05-18T15:42:22.777Z","event_time":"2024-08-31T23:56:31.000Z","trip_date":"2024-08-31","vendor_id":2,"pickup_datetime":"2024-08-31T23:56:31.000Z","passenger_count":2,"pulocation_id":170,"dolocation_id":7},"maxValues":{"event_id":"654539c39ceb4cbe902edee99605921c","event_type":"trip_started","schema_version":"2.0","trip_id":"696e7f1d0beb89f1c18c5da6c65ad872","source_file":"yellow_tripdata_2024-09.parquet","ingest_mode":"streaming","ingest_timestamp":"2026-05-18T15:42:22.777Z","event_time":"2024-08-31T23:56:31.000Z","trip_date":"2024-08-31","vendor_id":2,"pickup_datetime":"2024-08-31T23:56:31.000Z","passenger_count":2,"pulocation_id":170,"dolocation_id":7},"nullCount":{"event_id":0,"event_type":0,"schema_version":0,"trip_id":0,"source_file":0,"ingest_mode":0,"ingest_timestamp":0,"event_time":0,"trip_date":0,"vendor_id":0,"pickup_datetime":0,"passenger_count":0,"pulocation_id":0,"dolocation_id":0}},null,null,None,None,None), AddFile(part-00000-ac8a9b1d-58d7-4719-9e76-5f8fbe428c56-c000.snappy.parquet,Map(),5289,1779118932000,false,{"numRecords":2,"minValues":{"event_id":"0e42e0a8ff68c0593e5f62fe564cc867","event_type":"trip_started","schema_version":"2.0","trip_id":"74cc4dc0356999a5051ffc06fe590ba0","source_file":"yellow_tripdata_2024-09.parquet","ingest_mode":"streaming","ingest_timestamp":"2026-05-18T15:41:32.373Z","event_time":"2024-08-31T23:45:56.000Z","trip_date":"2024-08-31","vendor_id":2,"pickup_datetime":"2024-08-31T23:45:56.000Z","passenger_count":1,"pulocation_id":24,"dolocation_id":24},"maxValues":{"event_id":"20f272b57abcb77396229a1f4f79d2a6","event_type":"trip_started","schema_version":"2.0","trip_id":"7e4582c034b9714ccbb8b7972ee7452a","source_file":"yellow_tripdata_2024-09.parquet","ingest_mode":"streaming","ingest_timestamp":"2026-05-18T15:41:40.774Z","event_time":"2024-08-31T23:47:06.000Z","trip_date":"2024-08-31","vendor_id":2,"pickup_datetime":"2024-08-31T23:47:06.000Z","passenger_count":6,"pulocation_id":142,"dolocation_id":162},"nullCount":{"event_id":0,"event_type":0,"schema_version":0,"trip_id":0,"source_file":0,"ingest_mode":0,"ingest_timestamp":0,"event_time":0,"trip_date":0,"vendor_id":0,"pickup_datetime":0,"passenger_count":0,"pulocation_id":0,"dolocation_id":0}},null,null,None,None,None), AddFile(part-00001-3e08f1a9-004f-4148-96c2-ce39df27dafa-c000.snappy.parquet,Map(),5324,1779118932000,false,{"numRecords":1,"minValues":{"event_id":"49fd4523f0edf3af6db90b980f85b44b","event_type":"trip_started","schema_version":"2.0","trip_id":"a81a5f72bed880eb1011e846ec08a7b3","source_file":"yellow_tripdata_2024-09.parquet","ingest_mode":"streaming","ingest_timestamp":"2026-05-18T15:41:32.373Z","event_time":"2024-08-31T23:45:56.000Z","trip_date":"2024-08-31","vendor_id":2,"pickup_datetime":"2024-08-31T23:45:56.000Z","passenger_count":1,"pulocation_id":24,"dolocation_id":24},"maxValues":{"event_id":"49fd4523f0edf3af6db90b980f85b44b","event_type":"trip_started","schema_version":"2.0","trip_id":"a81a5f72bed880eb1011e846ec08a7b3","source_file":"yellow_tripdata_2024-09.parquet","ingest_mode":"streaming","ingest_timestamp":"2026-05-18T15:41:32.373Z","event_time":"2024-08-31T23:45:56.000Z","trip_date":"2024-08-31","vendor_id":2,"pickup_datetime":"2024-08-31T23:45:56.000Z","passenger_count":1,"pulocation_id":24,"dolocation_id":24},"nullCount":{"event_id":0,"event_type":0,"schema_version":0,"trip_id":0,"source_file":0,"ingest_mode":0,"ingest_timestamp":0,"event_time":0,"trip_date":0,"vendor_id":0,"pickup_datetime":0,"passenger_count":0,"pulocation_id":0,"dolocation_id":0}},null,null,None,None,None), AddFile(part-00002-d9b3fdfd-9a1c-4ba7-bce8-809853fb9b08-c000.snappy.parquet,Map(),5325,1779118933000,false,{"numRecords":1,"minValues":{"event_id":"c2b354f6093db075096dd7d6cd094124","event_type":"trip_started","schema_version":"2.0","trip_id":"2e493edb13c1adcaf6af648c66c05d11","source_file":"yellow_tripdata_2024-09.parquet","ingest_mode":"streaming","ingest_timestamp":"2026-05-18T15:41:49.575Z","event_time":"2024-08-31T23:48:15.000Z","trip_date":"2024-08-31","vendor_id":2,"pickup_datetime":"2024-08-31T23:48:15.000Z","passenger_count":1,"pulocation_id":87,"dolocation_id":232},"maxValues":{"event_id":"c2b354f6093db075096dd7d6cd094124","event_type":"trip_started","schema_version":"2.0","trip_id":"2e493edb13c1adcaf6af648c66c05d11","source_file":"yellow_tripdata_2024-09.parquet","ingest_mode":"streaming","ingest_timestamp":"2026-05-18T15:41:49.575Z","event_time":"2024-08-31T23:48:15.000Z","trip_date":"2024-08-31","vendor_id":2,"pickup_datetime":"2024-08-31T23:48:15.000Z","passenger_count":1,"pulocation_id":87,"dolocation_id":232},"nullCount":{"event_id":0,"event_type":0,"schema_version":0,"trip_id":0,"source_file":0,"ingest_mode":0,"ingest_timestamp":0,"event_time":0,"trip_date":0,"vendor_id":0,"pickup_datetime":0,"passenger_count":0,"pulocation_id":0,"dolocation_id":0}},null,null,None,None,None), AddFile(part-00002-d9b630b8-3fe6-47f4-bef5-e312d5875278-c000.snappy.parquet,Map(),15373,1779118905000,false,{"numRecords":67,"minValues":{"event_id":"011a460cb5a25c4ee561b11bfa14604d","event_type":"trip_started","schema_version":"2.0","trip_id":"02a39a8e328190af69190a907699ab05","source_file":"yellow_tripdata_2024-09.parquet","ingest_mode":"streaming","ingest_timestamp":"2026-05-18T15:30:23.343Z","event_time":"2024-08-31T23:31:22.000Z","trip_date":"2024-08-31","vendor_id":1,"pickup_datetime":"2024-08-31T23:31:22.000Z","passenger_count":0,"pulocation_id":24,"dolocation_id":7},"maxValues":{"event_id":"fb8fb0226b979d486aa1fe15bcadfd02","event_type":"trip_started","schema_version":"2.0","trip_id":"ff8ff4056149324b8cb6441936211b7a","source_file":"yellow_tripdata_2024-09.parquet","ingest_mode":"streaming","ingest_timestamp":"2026-05-18T15:41:17.372Z","event_time":"2024-09-01T00:03:44.000Z","trip_date":"2024-09-01","vendor_id":2,"pickup_datetime":"2024-09-01T00:03:44.000Z","passenger_count":6,"pulocation_id":265,"dolocation_id":265},"nullCount":{"event_id":0,"event_type":0,"schema_version":0,"trip_id":0,"source_file":0,"ingest_mode":0,"ingest_timestamp":0,"event_time":0,"trip_date":0,"vendor_id":0,"pickup_datetime":0,"passenger_count":7,"pulocation_id":0,"dolocation_id":0}},null,null,None,None,None), AddFile(part-00001-25597aa3-37ba-4ada-a57e-d65085251b3f-c000.snappy.parquet,Map(),10884,1779118904000,false,{"numRecords":36,"minValues":{"event_id":"00bb01354109838b627c857eebe80dc2","event_type":"trip_started","schema_version":"2.0","trip_id":"0151b1434bda3c8918caec4e7800368d","source_file":"yellow_tripdata_2024-09.parquet","ingest_mode":"streaming","ingest_timestamp":"2026-05-18T15:31:05.546Z","event_time":"2024-08-31T23:49:47.000Z","trip_date":"2024-08-31","vendor_id":1,"pickup_datetime":"2024-08-31T23:49:47.000Z","passenger_count":0,"pulocation_id":68,"dolocation_id":45},"maxValues":{"event_id":"fc777a5f3c65c6d093b9336703c5e846","event_type":"trip_started","schema_version":"2.0","trip_id":"febc1b1d83b45aebc128b44d8bf1e48d","source_file":"yellow_tripdata_2024-09.parquet","ingest_mode":"streaming","ingest_timestamp":"2026-05-18T15:38:55.109Z","event_time":"2024-09-01T00:03:32.000Z","trip_date":"2024-09-01","vendor_id":2,"pickup_datetime":"2024-09-01T00:03:32.000Z","passenger_count":5,"pulocation_id":263,"dolocation_id":265},"nullCount":{"event_id":0,"event_type":0,"schema_version":0,"trip_id":0,"source_file":0,"ingest_mode":0,"ingest_timestamp":0,"event_time":0,"trip_date":0,"vendor_id":0,"pickup_datetime":0,"passenger_count":3,"pulocation_id":0,"dolocation_id":0}},null,null,None,None,None), AddFile(part-00000-354a8d2e-7fe2-4583-a46c-fa6563c44f3f-c000.snappy.parquet,Map(),5314,1779118940000,false,{"numRecords":2,"minValues":{"event_id":"14702b58b8c37db8b2b50034899fc9c7","event_type":"trip_started","schema_version":"2.0","trip_id":"2c7293107d5369aafe0b0f664a64c1e4","source_file":"yellow_tripdata_2024-09.parquet","ingest_mode":"streaming","ingest_timestamp":"2026-05-18T15:42:04.576Z","event_time":"2024-08-31T23:53:06.000Z","trip_date":"2024-08-31","vendor_id":2,"pickup_datetime":"2024-08-31T23:53:06.000Z","passenger_count":1,"pulocation_id":48,"dolocation_id":48},"maxValues":{"event_id":"53de4f6d29a18ae8c5ee21ff0b51e6dd","event_type":"trip_started","schema_version":"2.0","trip_id":"2c83a9caa91b8b0fc7bb449a3e93bc05","source_file":"yellow_tripdata_2024-09.parquet","ingest_mode":"streaming","ingest_timestamp":"2026-05-18T15:42:12.777Z","event_time":"2024-08-31T23:54:44.000Z","trip_date":"2024-08-31","vendor_id":2,"pickup_datetime":"2024-08-31T23:54:44.000Z","passenger_count":1,"pulocation_id":231,"dolocation_id":231},"nullCount":{"event_id":0,"event_type":0,"schema_version":0,"trip_id":0,"source_file":0,"ingest_mode":0,"ingest_timestamp":0,"event_time":0,"trip_date":0,"vendor_id":0,"pickup_datetime":0,"passenger_count":0,"pulocation_id":0,"dolocation_id":0}},null,null,None,None,None), AddFile(part-00004-241ad319-170b-4986-bd7a-42bf803f4dad-c000.snappy.parquet,Map(),5316,1779118966000,false,{"numRecords":2,"minValues":{"event_id":"774a4965f71ecd05c290d6232c408080","event_type":"trip_started","schema_version":"2.0","trip_id":"73d47bd6dfc2992a06e6a9fb0bf878e9","source_file":"yellow_tripdata_2024-09.parquet","ingest_mode":"streaming","ingest_timestamp":"2026-05-18T15:42:37.779Z","event_time":"2024-08-31T23:57:46.000Z","trip_date":"2024-08-31","vendor_id":2,"pickup_datetime":"2024-08-31T23:57:46.000Z","passenger_count":1,"pulocation_id":132,"dolocation_id":42},"maxValues":{"event_id":"b8e691563f2dfaef2445c78ae1d904bb","event_type":"trip_started","schema_version":"2.0","trip_id":"e1260a639e2d981b4b178df809b28dab","source_file":"yellow_tripdata_2024-09.parquet","ingest_mode":"streaming","ingest_timestamp":"2026-05-18T15:42:38.980Z","event_time":"2024-08-31T23:57:52.000Z","trip_date":"2024-08-31","vendor_id":2,"pickup_datetime":"2024-08-31T23:57:52.000Z","passenger_count":1,"pulocation_id":144,"dolocation_id":68},"nullCount":{"event_id":0,"event_type":0,"schema_version":0,"trip_id":0,"source_file":0,"ingest_mode":0,"ingest_timestamp":0,"event_time":0,"trip_date":0,"vendor_id":0,"pickup_datetime":0,"passenger_count":0,"pulocation_id":0,"dolocation_id":0}},null,null,None,None,None), AddFile(part-00003-40e0630d-6fe9-4e39-9602-a33736b745ca-c000.snappy.parquet,Map(),5316,1779118933000,false,{"numRecords":2,"minValues":{"event_id":"3a11c04f3f86a8a2ed90c5835f8fcb0c","event_type":"trip_started","schema_version":"2.0","trip_id":"5ea4134ac6f17edb7f639fc94f24acac","source_file":"yellow_tripdata_2024-09.parquet","ingest_mode":"streaming","ingest_timestamp":"2026-05-18T15:41:27.373Z","event_time":"2024-08-31T23:41:24.000Z","trip_date":"2024-08-31","vendor_id":2,"pickup_datetime":"2024-08-31T23:41:24.000Z","passenger_count":1,"pulocation_id":100,"dolocation_id":42},"maxValues":{"event_id":"810ea42e4364ec7ab0e87ebf0400ae41","event_type":"trip_started","schema_version":"2.0","trip_id":"72cf0cd11b66424f5d72b72df8a87924","source_file":"yellow_tripdata_2024-09.parquet","ingest_mode":"streaming","ingest_timestamp":"2026-05-18T15:41:44.574Z","event_time":"2024-08-31T23:47:25.000Z","trip_date":"2024-08-31","vendor_id":2,"pickup_datetime":"2024-08-31T23:47:25.000Z","passenger_count":1,"pulocation_id":230,"dolocation_id":100},"nullCount":{"event_id":0,"event_type":0,"schema_version":0,"trip_id":0,"source_file":0,"ingest_mode":0,"ingest_timestamp":0,"event_time":0,"trip_date":0,"vendor_id":0,"pickup_datetime":0,"passenger_count":0,"pulocation_id":0,"dolocation_id":0}},null,null,None,None,None), AddFile(part-00004-bf95d00f-7224-4d19-8506-bb804d74ba69-c000.snappy.parquet,Map(),16203,1779118907000,false,{"numRecords":67,"minValues":{"event_id":"00f4412c4abb87a7edb991f16b8e3872","event_type":"trip_started","schema_version":"2.0","trip_id":"0106a3fdc6d124355ddbc3170eb7fa9d","source_file":"yellow_tripdata_2024-09.parquet","ingest_mode":"streaming","ingest_timestamp":"2026-05-18T15:30:55.546Z","event_time":"2024-08-31T23:48:15.000Z","trip_date":"2024-08-31","vendor_id":1,"pickup_datetime":"2024-08-31T23:48:15.000Z","passenger_count":0,"pulocation_id":41,"dolocation_id":4},"maxValues":{"event_id":"ffa973e5c6626d9b56f1d9367abd3987","event_type":"trip_started","schema_version":"2.0","trip_id":"fc82163fbf256ca3108569d8f7fa673b","source_file":"yellow_tripdata_2024-09.parquet","ingest_mode":"streaming","ingest_timestamp":"2026-05-18T15:39:10.112Z","event_time":"2024-09-01T00:03:47.000Z","trip_date":"2024-09-01","vendor_id":2,"pickup_datetime":"2024-09-01T00:03:47.000Z","passenger_count":5,"pulocation_id":255,"dolocation_id":263},"nullCount":{"event_id":0,"event_type":0,"schema_version":0,"trip_id":0,"source_file":0,"ingest_mode":0,"ingest_timestamp":0,"event_time":0,"trip_date":0,"vendor_id":0,"pickup_datetime":0,"passenger_count":12,"pulocation_id":0,"dolocation_id":0}},null,null,None,None,None), AddFile(part-00002-3b8de384-5e1a-428a-8ca1-d65f16283a11-c000.snappy.parquet,Map(),5325,1779118964000,false,{"numRecords":1,"minValues":{"event_id":"44fb76f3cf2c68976837b514cd9e5b06","event_type":"trip_started","schema_version":"2.0","trip_id":"7e2ce3bdf357ffda0236e3d816e277f1","source_file":"yellow_tripdata_2024-09.parquet","ingest_mode":"streaming","ingest_timestamp":"2026-05-18T15:42:39.980Z","event_time":"2024-08-31T23:57:57.000Z","trip_date":"2024-08-31","vendor_id":2,"pickup_datetime":"2024-08-31T23:57:57.000Z","passenger_count":5,"pulocation_id":132,"dolocation_id":42},"maxValues":{"event_id":"44fb76f3cf2c68976837b514cd9e5b06","event_type":"trip_started","schema_version":"2.0","trip_id":"7e2ce3bdf357ffda0236e3d816e277f1","source_file":"yellow_tripdata_2024-09.parquet","ingest_mode":"streaming","ingest_timestamp":"2026-05-18T15:42:39.980Z","event_time":"2024-08-31T23:57:57.000Z","trip_date":"2024-08-31","vendor_id":2,"pickup_datetime":"2024-08-31T23:57:57.000Z","passenger_count":5,"pulocation_id":132,"dolocation_id":42},"nullCount":{"event_id":0,"event_type":0,"schema_version":0,"trip_id":0,"source_file":0,"ingest_mode":0,"ingest_timestamp":0,"event_time":0,"trip_date":0,"vendor_id":0,"pickup_datetime":0,"passenger_count":0,"pulocation_id":0,"dolocation_id":0}},null,null,None,None,None), AddFile(part-00001-15e62d34-1cb7-4e48-afd5-30601fa3f01e-c000.snappy.parquet,Map(),5325,1779118940000,false,{"numRecords":1,"minValues":{"event_id":"b395c7a81f12a58f58489f623d958178","event_type":"trip_started","schema_version":"2.0","trip_id":"133e7d3180d10215019a7d0e6e3cc052","source_file":"yellow_tripdata_2024-09.parquet","ingest_mode":"streaming","ingest_timestamp":"2026-05-18T15:41:59.575Z","event_time":"2024-08-31T23:49:47.000Z","trip_date":"2024-08-31","vendor_id":2,"pickup_datetime":"2024-08-31T23:49:47.000Z","passenger_count":1,"pulocation_id":79,"dolocation_id":211},"maxValues":{"event_id":"b395c7a81f12a58f58489f623d958178","event_type":"trip_started","schema_version":"2.0","trip_id":"133e7d3180d10215019a7d0e6e3cc052","source_file":"yellow_tripdata_2024-09.parquet","ingest_mode":"streaming","ingest_timestamp":"2026-05-18T15:41:59.575Z","event_time":"2024-08-31T23:49:47.000Z","trip_date":"2024-08-31","vendor_id":2,"pickup_datetime":"2024-08-31T23:49:47.000Z","passenger_count":1,"pulocation_id":79,"dolocation_id":211},"nullCount":{"event_id":0,"event_type":0,"schema_version":0,"trip_id":0,"source_file":0,"ingest_mode":0,"ingest_timestamp":0,"event_time":0,"trip_date":0,"vendor_id":0,"pickup_datetime":0,"passenger_count":0,"pulocation_id":0,"dolocation_id":0}},null,null,None,None,None), AddFile(part-00003-b1b9f1d7-6ad3-4d3d-9129-31eff2c0ca88-c000.snappy.parquet,Map(),12843,1779118906000,false,{"numRecords":51,"minValues":{"event_id":"033a945818d220fae8d0f5ea06aade55","event_type":"trip_started","schema_version":"2.0","trip_id":"007211974f070e6081d820f78a892116","source_file":"yellow_tripdata_2024-09.parquet","ingest_mode":"streaming","ingest_timestamp":"2026-05-18T15:30:08.336Z","event_time":"2024-08-31T22:27:55.000Z","trip_date":"2024-08-31","vendor_id":1,"pickup_datetime":"2024-08-31T22:27:55.000Z","passenger_count":0,"pulocation_id":24,"dolocation_id":7},"maxValues":{"event_id":"f914c4bf2487bb514676e80f0e515e30","event_type":"trip_started","schema_version":"2.0","trip_id":"fd8556cf3a0c0a61eb48a4f6e35a55b5","source_file":"yellow_tripdata_2024-09.parquet","ingest_mode":"streaming","ingest_timestamp":"2026-05-18T15:41:02.366Z","event_time":"2024-09-01T00:03:39.000Z","trip_date":"2024-09-01","vendor_id":2,"pickup_datetime":"2024-09-01T00:03:39.000Z","passenger_count":5,"pulocation_id":249,"dolocation_id":265},"nullCount":{"event_id":0,"event_type":0,"schema_version":0,"trip_id":0,"source_file":0,"ingest_mode":0,"ingest_timestamp":0,"event_time":0,"trip_date":0,"vendor_id":0,"pickup_datetime":0,"passenger_count":11,"pulocation_id":0,"dolocation_id":0}},null,null,None,None,None))))))
26/05/18 15:42:50 INFO DeltaLog: Updated snapshot to Snapshot(path=s3a://lakehouse/benchmark/bronze/20260518T154052Z/low/started/_delta_log, version=5, metadata=Metadata(e54c2914-4281-4b97-a14f-d4cd8e512b01,null,null,Format(parquet,Map()),{"type":"struct","fields":[{"name":"event_id","type":"string","nullable":true,"metadata":{}},{"name":"event_type","type":"string","nullable":true,"metadata":{}},{"name":"schema_version","type":"string","nullable":true,"metadata":{}},{"name":"trip_id","type":"string","nullable":true,"metadata":{}},{"name":"source_file","type":"string","nullable":true,"metadata":{}},{"name":"ingest_mode","type":"string","nullable":true,"metadata":{}},{"name":"ingest_timestamp","type":"timestamp","nullable":true,"metadata":{}},{"name":"event_time","type":"timestamp","nullable":true,"metadata":{}},{"name":"trip_date","type":"string","nullable":true,"metadata":{}},{"name":"vendor_id","type":"integer","nullable":true,"metadata":{}},{"name":"pickup_datetime","type":"timestamp","nullable":true,"metadata":{}},{"name":"passenger_count","type":"long","nullable":true,"metadata":{}},{"name":"pulocation_id","type":"integer","nullable":true,"metadata":{}},{"name":"dolocation_id","type":"integer","nullable":true,"metadata":{}}]},List(),Map(),Some(1779118886752)), logSegment=LogSegment(s3a://lakehouse/benchmark/bronze/20260518T154052Z/low/started/_delta_log,5,ArraySeq(S3AFileStatus{path=s3a://lakehouse/benchmark/bronze/20260518T154052Z/low/started/_delta_log/00000000000000000000.json; isDirectory=false; length=10954; replication=1; blocksize=33554432; modification_time=1779118909098; access_time=0; owner=spark; group=spark; permission=rw-rw-rw-; isSymlink=false; hasAcl=false; isEncrypted=true; isErasureCoded=false} isEmptyDirectory=FALSE eTag="2dc840860c22af6901e80b07ffd4ef78" versionId=null, S3AFileStatus{path=s3a://lakehouse/benchmark/bronze/20260518T154052Z/low/started/_delta_log/00000000000000000001.json; isDirectory=false; length=6534; replication=1; blocksize=33554432; modification_time=1779118933421; access_time=0; owner=spark; group=spark; permission=rw-rw-rw-; isSymlink=false; hasAcl=false; isEncrypted=true; isErasureCoded=false} isEmptyDirectory=FALSE eTag="12e73076721d9b91785d3f2f712039e1" versionId=null, S3AFileStatus{path=s3a://lakehouse/benchmark/bronze/20260518T154052Z/low/started/_delta_log/00000000000000000002.json; isDirectory=false; length=5042; replication=1; blocksize=33554432; modification_time=1779118941417; access_time=0; owner=spark; group=spark; permission=rw-rw-rw-; isSymlink=false; hasAcl=false; isEncrypted=true; isErasureCoded=false} isEmptyDirectory=FALSE eTag="004bb0d2cb529c0cb5ef31cccea13acb" versionId=null, S3AFileStatus{path=s3a://lakehouse/benchmark/bronze/20260518T154052Z/low/started/_delta_log/00000000000000000003.json; isDirectory=false; length=2049; replication=1; blocksize=33554432; modification_time=1779118947493; access_time=0; owner=spark; group=spark; permission=rw-rw-rw-; isSymlink=false; hasAcl=false; isEncrypted=true; isErasureCoded=false} isEmptyDirectory=FALSE eTag="4dde2cedc8395ede38ef68ba9cfeff06" versionId=null, S3AFileStatus{path=s3a://lakehouse/benchmark/bronze/20260518T154052Z/low/started/_delta_log/00000000000000000004.json; isDirectory=false; length=2047; replication=1; blocksize=33554432; modification_time=1779118954294; access_time=0; owner=spark; group=spark; permission=rw-rw-rw-; isSymlink=false; hasAcl=false; isEncrypted=true; isErasureCoded=false} isEmptyDirectory=FALSE eTag="a8d058311c0896a53735c0ae32fc5205" versionId=null, S3AFileStatus{path=s3a://lakehouse/benchmark/bronze/20260518T154052Z/low/started/_delta_log/00000000000000000005.json; isDirectory=false; length=9531; replication=1; blocksize=33554432; modification_time=1779118966713; access_time=0; owner=spark; group=spark; permission=rw-rw-rw-; isSymlink=false; hasAcl=false; isEncrypted=true; isErasureCoded=false} isEmptyDirectory=FALSE eTag="93c2265fced70e236e295a97e87c5928" versionId=null),org.apache.spark.sql.delta.EmptyCheckpointProvider$@664c2564,1779118966713), checksumOpt=Some(VersionChecksum(Some(06e9f11e-31cd-4b7a-b87a-3e3057946204),165301,21,None,None,1,1,None,Some(List(SetTransaction(4c71fffa-098f-430a-acdb-8cf33542b27e,5,Some(1779118966694)))),Some(List()),Metadata(e54c2914-4281-4b97-a14f-d4cd8e512b01,null,null,Format(parquet,Map()),{"type":"struct","fields":[{"name":"event_id","type":"string","nullable":true,"metadata":{}},{"name":"event_type","type":"string","nullable":true,"metadata":{}},{"name":"schema_version","type":"string","nullable":true,"metadata":{}},{"name":"trip_id","type":"string","nullable":true,"metadata":{}},{"name":"source_file","type":"string","nullable":true,"metadata":{}},{"name":"ingest_mode","type":"string","nullable":true,"metadata":{}},{"name":"ingest_timestamp","type":"timestamp","nullable":true,"metadata":{}},{"name":"event_time","type":"timestamp","nullable":true,"metadata":{}},{"name":"trip_date","type":"string","nullable":true,"metadata":{}},{"name":"vendor_id","type":"integer","nullable":true,"metadata":{}},{"name":"pickup_datetime","type":"timestamp","nullable":true,"metadata":{}},{"name":"passenger_count","type":"long","nullable":true,"metadata":{}},{"name":"pulocation_id","type":"integer","nullable":true,"metadata":{}},{"name":"dolocation_id","type":"integer","nullable":true,"metadata":{}}]},List(),Map(),Some(1779118886752)),Protocol(1,2),None,None,Some(List(AddFile(part-00001-722cc79d-c36b-4e05-9f21-8ae8f9088985-c000.snappy.parquet,Map(),5323,1779118964000,false,{"numRecords":1,"minValues":{"event_id":"fc777a5f3c65c6d093b9336703c5e846","event_type":"trip_started","schema_version":"2.0","trip_id":"05e3ef49c6dc890678d47a49711febe6","source_file":"yellow_tripdata_2024-09.parquet","ingest_mode":"streaming","ingest_timestamp":"2026-05-18T15:42:30.578Z","event_time":"2024-08-31T23:57:10.000Z","trip_date":"2024-08-31","vendor_id":2,"pickup_datetime":"2024-08-31T23:57:10.000Z","passenger_count":1,"pulocation_id":141,"dolocation_id":239},"maxValues":{"event_id":"fc777a5f3c65c6d093b9336703c5e846","event_type":"trip_started","schema_version":"2.0","trip_id":"05e3ef49c6dc890678d47a49711febe6","source_file":"yellow_tripdata_2024-09.parquet","ingest_mode":"streaming","ingest_timestamp":"2026-05-18T15:42:30.578Z","event_time":"2024-08-31T23:57:10.000Z","trip_date":"2024-08-31","vendor_id":2,"pickup_datetime":"2024-08-31T23:57:10.000Z","passenger_count":1,"pulocation_id":141,"dolocation_id":239},"nullCount":{"event_id":0,"event_type":0,"schema_version":0,"trip_id":0,"source_file":0,"ingest_mode":0,"ingest_timestamp":0,"event_time":0,"trip_date":0,"vendor_id":0,"pickup_datetime":0,"passenger_count":0,"pulocation_id":0,"dolocation_id":0}},null,null,None,None,None), AddFile(part-00005-56447017-32c5-4b7e-b9ab-d59860935c92-c000.snappy.parquet,Map(),13745,1779118908000,false,{"numRecords":58,"minValues":{"event_id":"1455410b53ba26496dd8268d814efb0d","event_type":"trip_started","schema_version":"2.0","trip_id":"055d4dc21a238c32a1173721d4ca04f8","source_file":"yellow_tripdata_2024-09.parquet","ingest_mode":"streaming","ingest_timestamp":"2026-05-18T15:30:33.344Z","event_time":"2024-08-31T23:41:24.000Z","trip_date":"2024-08-31","vendor_id":1,"pickup_datetime":"2024-08-31T23:41:24.000Z","passenger_count":1,"pulocation_id":4,"dolocation_id":13},"maxValues":{"event_id":"fc33a45f23b40ebd214e1bfc68a49bcb","event_type":"trip_started","schema_version":"2.0","trip_id":"fe2349c4e6416804cff94b8f71437d80","source_file":"yellow_tripdata_2024-09.parquet","ingest_mode":"streaming","ingest_timestamp":"2026-05-18T15:39:01.111Z","event_time":"2024-09-01T00:03:38.000Z","trip_date":"2024-09-01","vendor_id":2,"pickup_datetime":"2024-09-01T00:03:38.000Z","passenger_count":5,"pulocation_id":263,"dolocation_id":261},"nullCount":{"event_id":0,"event_type":0,"schema_version":0,"trip_id":0,"source_file":0,"ingest_mode":0,"ingest_timestamp":0,"event_time":0,"trip_date":0,"vendor_id":0,"pickup_datetime":0,"passenger_count":7,"pulocation_id":0,"dolocation_id":0}},null,null,None,None,None), AddFile(part-00000-08aad25c-9cc6-4b91-9c29-ef1ada60ea60-c000.snappy.parquet,Map(),16483,1779118902000,false,{"numRecords":73,"minValues":{"event_id":"0212d8086261a2018cb807d1a4d7a46b","event_type":"trip_started","schema_version":"2.0","trip_id":"031b404c98f442710d2269c0a06824fd","source_file":"yellow_tripdata_2024-09.parquet","ingest_mode":"streaming","ingest_timestamp":"2026-05-18T15:30:18.343Z","event_time":"2024-08-31T23:16:36.000Z","trip_date":"2024-08-31","vendor_id":1,"pickup_datetime":"2024-08-31T23:16:36.000Z","passenger_count":1,"pulocation_id":41,"dolocation_id":15},"maxValues":{"event_id":"febc668d372ab0492f5c4e7165b45be2","event_type":"trip_started","schema_version":"2.0","trip_id":"f8cfd09088ab01f1042a890d127bfcca","source_file":"yellow_tripdata_2024-09.parquet","ingest_mode":"streaming","ingest_timestamp":"2026-05-18T15:41:12.372Z","event_time":"2024-09-01T00:03:44.000Z","trip_date":"2024-09-01","vendor_id":2,"pickup_datetime":"2024-09-01T00:03:44.000Z","passenger_count":5,"pulocation_id":249,"dolocation_id":265},"nullCount":{"event_id":0,"event_type":0,"schema_version":0,"trip_id":0,"source_file":0,"ingest_mode":0,"ingest_timestamp":0,"event_time":0,"trip_date":0,"vendor_id":0,"pickup_datetime":0,"passenger_count":7,"pulocation_id":0,"dolocation_id":0}},null,null,None,None,None), AddFile(part-00000-04a2f022-e88e-4fb8-842d-03ac20cee535-c000.snappy.parquet,Map(),5324,1779118947000,false,{"numRecords":1,"minValues":{"event_id":"52352c98a72028429aa0529967846b38","event_type":"trip_started","schema_version":"2.0","trip_id":"d5f457d09a3953154558bb47240e0cb4","source_file":"yellow_tripdata_2024-09.parquet","ingest_mode":"streaming","ingest_timestamp":"2026-05-18T15:42:17.777Z","event_time":"2024-08-31T23:55:17.000Z","trip_date":"2024-08-31","vendor_id":2,"pickup_datetime":"2024-08-31T23:55:17.000Z","passenger_count":5,"pulocation_id":93,"dolocation_id":141},"maxValues":{"event_id":"52352c98a72028429aa0529967846b38","event_type":"trip_started","schema_version":"2.0","trip_id":"d5f457d09a3953154558bb47240e0cb4","source_file":"yellow_tripdata_2024-09.parquet","ingest_mode":"streaming","ingest_timestamp":"2026-05-18T15:42:17.777Z","event_time":"2024-08-31T23:55:17.000Z","trip_date":"2024-08-31","vendor_id":2,"pickup_datetime":"2024-08-31T23:55:17.000Z","passenger_count":5,"pulocation_id":93,"dolocation_id":141},"nullCount":{"event_id":0,"event_type":0,"schema_version":0,"trip_id":0,"source_file":0,"ingest_mode":0,"ingest_timestamp":0,"event_time":0,"trip_date":0,"vendor_id":0,"pickup_datetime":0,"passenger_count":0,"pulocation_id":0,"dolocation_id":0}},null,null,None,None,None), AddFile(part-00000-004a8b18-df32-4f9d-bb39-82367f410cff-c000.snappy.parquet,Map(),5324,1779118963000,false,{"numRecords":1,"minValues":{"event_id":"6b665828c688b1ad5db23bad056be6f6","event_type":"trip_started","schema_version":"2.0","trip_id":"295e6648f1a483a7ce32bdd362f4fff8","source_file":"yellow_tripdata_2024-09.parquet","ingest_mode":"streaming","ingest_timestamp":"2026-05-18T15:42:37.579Z","event_time":"2024-08-31T23:57:45.000Z","trip_date":"2024-08-31","vendor_id":2,"pickup_datetime":"2024-08-31T23:57:45.000Z","passenger_count":1,"pulocation_id":239,"dolocation_id":151},"maxValues":{"event_id":"6b665828c688b1ad5db23bad056be6f6","event_type":"trip_started","schema_version":"2.0","trip_id":"295e6648f1a483a7ce32bdd362f4fff8","source_file":"yellow_tripdata_2024-09.parquet","ingest_mode":"streaming","ingest_timestamp":"2026-05-18T15:42:37.579Z","event_time":"2024-08-31T23:57:45.000Z","trip_date":"2024-08-31","vendor_id":2,"pickup_datetime":"2024-08-31T23:57:45.000Z","passenger_count":1,"pulocation_id":239,"dolocation_id":151},"nullCount":{"event_id":0,"event_type":0,"schema_version":0,"trip_id":0,"source_file":0,"ingest_mode":0,"ingest_timestamp":0,"event_time":0,"trip_date":0,"vendor_id":0,"pickup_datetime":0,"passenger_count":0,"pulocation_id":0,"dolocation_id":0}},null,null,None,None,None), AddFile(part-00003-0a291636-3d7f-4d43-9267-ff3d77a5fa70-c000.snappy.parquet,Map(),5325,1779118965000,false,{"numRecords":1,"minValues":{"event_id":"564163f7865a9c548a07bfdfe6922441","event_type":"trip_started","schema_version":"2.0","trip_id":"c07b4c728c34e12d73873c5b97478810","source_file":"yellow_tripdata_2024-09.parquet","ingest_mode":"streaming","ingest_timestamp":"2026-05-18T15:42:32.978Z","event_time":"2024-08-31T23:57:22.000Z","trip_date":"2024-08-31","vendor_id":2,"pickup_datetime":"2024-08-31T23:57:22.000Z","passenger_count":1,"pulocation_id":79,"dolocation_id":142},"maxValues":{"event_id":"564163f7865a9c548a07bfdfe6922441","event_type":"trip_started","schema_version":"2.0","trip_id":"c07b4c728c34e12d73873c5b97478810","source_file":"yellow_tripdata_2024-09.parquet","ingest_mode":"streaming","ingest_timestamp":"2026-05-18T15:42:32.978Z","event_time":"2024-08-31T23:57:22.000Z","trip_date":"2024-08-31","vendor_id":2,"pickup_datetime":"2024-08-31T23:57:22.000Z","passenger_count":1,"pulocation_id":79,"dolocation_id":142},"nullCount":{"event_id":0,"event_type":0,"schema_version":0,"trip_id":0,"source_file":0,"ingest_mode":0,"ingest_timestamp":0,"event_time":0,"trip_date":0,"vendor_id":0,"pickup_datetime":0,"passenger_count":0,"pulocation_id":0,"dolocation_id":0}},null,null,None,None,None), AddFile(part-00002-204c9462-febd-4a6e-9fc5-d2cff48b0fab-c000.snappy.parquet,Map(),5290,1779118941000,false,{"numRecords":2,"minValues":{"event_id":"7094784f7b964147a344562f3c700452","event_type":"trip_started","schema_version":"2.0","trip_id":"49abd9d6c1136369978e031c3defd4dd","source_file":"yellow_tripdata_2024-09.parquet","ingest_mode":"streaming","ingest_timestamp":"2026-05-18T15:42:09.576Z","event_time":"2024-08-31T23:54:28.000Z","trip_date":"2024-08-31","vendor_id":2,"pickup_datetime":"2024-08-31T23:54:28.000Z","passenger_count":1,"pulocation_id":138,"dolocation_id":129},"maxValues":{"event_id":"a33916c25654965d32f61be210f37d0f","event_type":"trip_started","schema_version":"2.0","trip_id":"87e7c11c9799f63c59e672e1b144842e","source_file":"yellow_tripdata_2024-09.parquet","ingest_mode":"streaming","ingest_timestamp":"2026-05-18T15:42:11.576Z","event_time":"2024-08-31T23:54:38.000Z","trip_date":"2024-08-31","vendor_id":2,"pickup_datetime":"2024-08-31T23:54:38.000Z","passenger_count":2,"pulocation_id":230,"dolocation_id":162},"nullCount":{"event_id":0,"event_type":0,"schema_version":0,"trip_id":0,"source_file":0,"ingest_mode":0,"ingest_timestamp":0,"event_time":0,"trip_date":0,"vendor_id":0,"pickup_datetime":0,"passenger_count":0,"pulocation_id":0,"dolocation_id":0}},null,null,None,None,None), AddFile(part-00005-6fdc4404-90d1-4684-aef0-1e0957ea57b7-c000.snappy.parquet,Map(),5325,1779118966000,false,{"numRecords":1,"minValues":{"event_id":"d49ab84f6c7fe5e07947fcae3153c1f8","event_type":"trip_started","schema_version":"2.0","trip_id":"ef253bac2c5b9360c747b8ca1b7d7ab7","source_file":"yellow_tripdata_2024-09.parquet","ingest_mode":"streaming","ingest_timestamp":"2026-05-18T15:42:34.979Z","event_time":"2024-08-31T23:57:32.000Z","trip_date":"2024-08-31","vendor_id":2,"pickup_datetime":"2024-08-31T23:57:32.000Z","passenger_count":5,"pulocation_id":161,"dolocation_id":230},"maxValues":{"event_id":"d49ab84f6c7fe5e07947fcae3153c1f8","event_type":"trip_started","schema_version":"2.0","trip_id":"ef253bac2c5b9360c747b8ca1b7d7ab7","source_file":"yellow_tripdata_2024-09.parquet","ingest_mode":"streaming","ingest_timestamp":"2026-05-18T15:42:34.979Z","event_time":"2024-08-31T23:57:32.000Z","trip_date":"2024-08-31","vendor_id":2,"pickup_datetime":"2024-08-31T23:57:32.000Z","passenger_count":5,"pulocation_id":161,"dolocation_id":230},"nullCount":{"event_id":0,"event_type":0,"schema_version":0,"trip_id":0,"source_file":0,"ingest_mode":0,"ingest_timestamp":0,"event_time":0,"trip_date":0,"vendor_id":0,"pickup_datetime":0,"passenger_count":0,"pulocation_id":0,"dolocation_id":0}},null,null,None,None,None), AddFile(part-00000-beaa7485-6c72-4622-b407-4ad4b6e10b2e-c000.snappy.parquet,Map(),5325,1779118954000,false,{"numRecords":1,"minValues":{"event_id":"654539c39ceb4cbe902edee99605921c","event_type":"trip_started","schema_version":"2.0","trip_id":"696e7f1d0beb89f1c18c5da6c65ad872","source_file":"yellow_tripdata_2024-09.parquet","ingest_mode":"streaming","ingest_timestamp":"2026-05-18T15:42:22.777Z","event_time":"2024-08-31T23:56:31.000Z","trip_date":"2024-08-31","vendor_id":2,"pickup_datetime":"2024-08-31T23:56:31.000Z","passenger_count":2,"pulocation_id":170,"dolocation_id":7},"maxValues":{"event_id":"654539c39ceb4cbe902edee99605921c","event_type":"trip_started","schema_version":"2.0","trip_id":"696e7f1d0beb89f1c18c5da6c65ad872","source_file":"yellow_tripdata_2024-09.parquet","ingest_mode":"streaming","ingest_timestamp":"2026-05-18T15:42:22.777Z","event_time":"2024-08-31T23:56:31.000Z","trip_date":"2024-08-31","vendor_id":2,"pickup_datetime":"2024-08-31T23:56:31.000Z","passenger_count":2,"pulocation_id":170,"dolocation_id":7},"nullCount":{"event_id":0,"event_type":0,"schema_version":0,"trip_id":0,"source_file":0,"ingest_mode":0,"ingest_timestamp":0,"event_time":0,"trip_date":0,"vendor_id":0,"pickup_datetime":0,"passenger_count":0,"pulocation_id":0,"dolocation_id":0}},null,null,None,None,None), AddFile(part-00000-ac8a9b1d-58d7-4719-9e76-5f8fbe428c56-c000.snappy.parquet,Map(),5289,1779118932000,false,{"numRecords":2,"minValues":{"event_id":"0e42e0a8ff68c0593e5f62fe564cc867","event_type":"trip_started","schema_version":"2.0","trip_id":"74cc4dc0356999a5051ffc06fe590ba0","source_file":"yellow_tripdata_2024-09.parquet","ingest_mode":"streaming","ingest_timestamp":"2026-05-18T15:41:32.373Z","event_time":"2024-08-31T23:45:56.000Z","trip_date":"2024-08-31","vendor_id":2,"pickup_datetime":"2024-08-31T23:45:56.000Z","passenger_count":1,"pulocation_id":24,"dolocation_id":24},"maxValues":{"event_id":"20f272b57abcb77396229a1f4f79d2a6","event_type":"trip_started","schema_version":"2.0","trip_id":"7e4582c034b9714ccbb8b7972ee7452a","source_file":"yellow_tripdata_2024-09.parquet","ingest_mode":"streaming","ingest_timestamp":"2026-05-18T15:41:40.774Z","event_time":"2024-08-31T23:47:06.000Z","trip_date":"2024-08-31","vendor_id":2,"pickup_datetime":"2024-08-31T23:47:06.000Z","passenger_count":6,"pulocation_id":142,"dolocation_id":162},"nullCount":{"event_id":0,"event_type":0,"schema_version":0,"trip_id":0,"source_file":0,"ingest_mode":0,"ingest_timestamp":0,"event_time":0,"trip_date":0,"vendor_id":0,"pickup_datetime":0,"passenger_count":0,"pulocation_id":0,"dolocation_id":0}},null,null,None,None,None), AddFile(part-00001-3e08f1a9-004f-4148-96c2-ce39df27dafa-c000.snappy.parquet,Map(),5324,1779118932000,false,{"numRecords":1,"minValues":{"event_id":"49fd4523f0edf3af6db90b980f85b44b","event_type":"trip_started","schema_version":"2.0","trip_id":"a81a5f72bed880eb1011e846ec08a7b3","source_file":"yellow_tripdata_2024-09.parquet","ingest_mode":"streaming","ingest_timestamp":"2026-05-18T15:41:32.373Z","event_time":"2024-08-31T23:45:56.000Z","trip_date":"2024-08-31","vendor_id":2,"pickup_datetime":"2024-08-31T23:45:56.000Z","passenger_count":1,"pulocation_id":24,"dolocation_id":24},"maxValues":{"event_id":"49fd4523f0edf3af6db90b980f85b44b","event_type":"trip_started","schema_version":"2.0","trip_id":"a81a5f72bed880eb1011e846ec08a7b3","source_file":"yellow_tripdata_2024-09.parquet","ingest_mode":"streaming","ingest_timestamp":"2026-05-18T15:41:32.373Z","event_time":"2024-08-31T23:45:56.000Z","trip_date":"2024-08-31","vendor_id":2,"pickup_datetime":"2024-08-31T23:45:56.000Z","passenger_count":1,"pulocation_id":24,"dolocation_id":24},"nullCount":{"event_id":0,"event_type":0,"schema_version":0,"trip_id":0,"source_file":0,"ingest_mode":0,"ingest_timestamp":0,"event_time":0,"trip_date":0,"vendor_id":0,"pickup_datetime":0,"passenger_count":0,"pulocation_id":0,"dolocation_id":0}},null,null,None,None,None), AddFile(part-00002-d9b3fdfd-9a1c-4ba7-bce8-809853fb9b08-c000.snappy.parquet,Map(),5325,1779118933000,false,{"numRecords":1,"minValues":{"event_id":"c2b354f6093db075096dd7d6cd094124","event_type":"trip_started","schema_version":"2.0","trip_id":"2e493edb13c1adcaf6af648c66c05d11","source_file":"yellow_tripdata_2024-09.parquet","ingest_mode":"streaming","ingest_timestamp":"2026-05-18T15:41:49.575Z","event_time":"2024-08-31T23:48:15.000Z","trip_date":"2024-08-31","vendor_id":2,"pickup_datetime":"2024-08-31T23:48:15.000Z","passenger_count":1,"pulocation_id":87,"dolocation_id":232},"maxValues":{"event_id":"c2b354f6093db075096dd7d6cd094124","event_type":"trip_started","schema_version":"2.0","trip_id":"2e493edb13c1adcaf6af648c66c05d11","source_file":"yellow_tripdata_2024-09.parquet","ingest_mode":"streaming","ingest_timestamp":"2026-05-18T15:41:49.575Z","event_time":"2024-08-31T23:48:15.000Z","trip_date":"2024-08-31","vendor_id":2,"pickup_datetime":"2024-08-31T23:48:15.000Z","passenger_count":1,"pulocation_id":87,"dolocation_id":232},"nullCount":{"event_id":0,"event_type":0,"schema_version":0,"trip_id":0,"source_file":0,"ingest_mode":0,"ingest_timestamp":0,"event_time":0,"trip_date":0,"vendor_id":0,"pickup_datetime":0,"passenger_count":0,"pulocation_id":0,"dolocation_id":0}},null,null,None,None,None), AddFile(part-00002-d9b630b8-3fe6-47f4-bef5-e312d5875278-c000.snappy.parquet,Map(),15373,1779118905000,false,{"numRecords":67,"minValues":{"event_id":"011a460cb5a25c4ee561b11bfa14604d","event_type":"trip_started","schema_version":"2.0","trip_id":"02a39a8e328190af69190a907699ab05","source_file":"yellow_tripdata_2024-09.parquet","ingest_mode":"streaming","ingest_timestamp":"2026-05-18T15:30:23.343Z","event_time":"2024-08-31T23:31:22.000Z","trip_date":"2024-08-31","vendor_id":1,"pickup_datetime":"2024-08-31T23:31:22.000Z","passenger_count":0,"pulocation_id":24,"dolocation_id":7},"maxValues":{"event_id":"fb8fb0226b979d486aa1fe15bcadfd02","event_type":"trip_started","schema_version":"2.0","trip_id":"ff8ff4056149324b8cb6441936211b7a","source_file":"yellow_tripdata_2024-09.parquet","ingest_mode":"streaming","ingest_timestamp":"2026-05-18T15:41:17.372Z","event_time":"2024-09-01T00:03:44.000Z","trip_date":"2024-09-01","vendor_id":2,"pickup_datetime":"2024-09-01T00:03:44.000Z","passenger_count":6,"pulocation_id":265,"dolocation_id":265},"nullCount":{"event_id":0,"event_type":0,"schema_version":0,"trip_id":0,"source_file":0,"ingest_mode":0,"ingest_timestamp":0,"event_time":0,"trip_date":0,"vendor_id":0,"pickup_datetime":0,"passenger_count":7,"pulocation_id":0,"dolocation_id":0}},null,null,None,None,None), AddFile(part-00001-25597aa3-37ba-4ada-a57e-d65085251b3f-c000.snappy.parquet,Map(),10884,1779118904000,false,{"numRecords":36,"minValues":{"event_id":"00bb01354109838b627c857eebe80dc2","event_type":"trip_started","schema_version":"2.0","trip_id":"0151b1434bda3c8918caec4e7800368d","source_file":"yellow_tripdata_2024-09.parquet","ingest_mode":"streaming","ingest_timestamp":"2026-05-18T15:31:05.546Z","event_time":"2024-08-31T23:49:47.000Z","trip_date":"2024-08-31","vendor_id":1,"pickup_datetime":"2024-08-31T23:49:47.000Z","passenger_count":0,"pulocation_id":68,"dolocation_id":45},"maxValues":{"event_id":"fc777a5f3c65c6d093b9336703c5e846","event_type":"trip_started","schema_version":"2.0","trip_id":"febc1b1d83b45aebc128b44d8bf1e48d","source_file":"yellow_tripdata_2024-09.parquet","ingest_mode":"streaming","ingest_timestamp":"2026-05-18T15:38:55.109Z","event_time":"2024-09-01T00:03:32.000Z","trip_date":"2024-09-01","vendor_id":2,"pickup_datetime":"2024-09-01T00:03:32.000Z","passenger_count":5,"pulocation_id":263,"dolocation_id":265},"nullCount":{"event_id":0,"event_type":0,"schema_version":0,"trip_id":0,"source_file":0,"ingest_mode":0,"ingest_timestamp":0,"event_time":0,"trip_date":0,"vendor_id":0,"pickup_datetime":0,"passenger_count":3,"pulocation_id":0,"dolocation_id":0}},null,null,None,None,None), AddFile(part-00000-354a8d2e-7fe2-4583-a46c-fa6563c44f3f-c000.snappy.parquet,Map(),5314,1779118940000,false,{"numRecords":2,"minValues":{"event_id":"14702b58b8c37db8b2b50034899fc9c7","event_type":"trip_started","schema_version":"2.0","trip_id":"2c7293107d5369aafe0b0f664a64c1e4","source_file":"yellow_tripdata_2024-09.parquet","ingest_mode":"streaming","ingest_timestamp":"2026-05-18T15:42:04.576Z","event_time":"2024-08-31T23:53:06.000Z","trip_date":"2024-08-31","vendor_id":2,"pickup_datetime":"2024-08-31T23:53:06.000Z","passenger_count":1,"pulocation_id":48,"dolocation_id":48},"maxValues":{"event_id":"53de4f6d29a18ae8c5ee21ff0b51e6dd","event_type":"trip_started","schema_version":"2.0","trip_id":"2c83a9caa91b8b0fc7bb449a3e93bc05","source_file":"yellow_tripdata_2024-09.parquet","ingest_mode":"streaming","ingest_timestamp":"2026-05-18T15:42:12.777Z","event_time":"2024-08-31T23:54:44.000Z","trip_date":"2024-08-31","vendor_id":2,"pickup_datetime":"2024-08-31T23:54:44.000Z","passenger_count":1,"pulocation_id":231,"dolocation_id":231},"nullCount":{"event_id":0,"event_type":0,"schema_version":0,"trip_id":0,"source_file":0,"ingest_mode":0,"ingest_timestamp":0,"event_time":0,"trip_date":0,"vendor_id":0,"pickup_datetime":0,"passenger_count":0,"pulocation_id":0,"dolocation_id":0}},null,null,None,None,None), AddFile(part-00004-241ad319-170b-4986-bd7a-42bf803f4dad-c000.snappy.parquet,Map(),5316,1779118966000,false,{"numRecords":2,"minValues":{"event_id":"774a4965f71ecd05c290d6232c408080","event_type":"trip_started","schema_version":"2.0","trip_id":"73d47bd6dfc2992a06e6a9fb0bf878e9","source_file":"yellow_tripdata_2024-09.parquet","ingest_mode":"streaming","ingest_timestamp":"2026-05-18T15:42:37.779Z","event_time":"2024-08-31T23:57:46.000Z","trip_date":"2024-08-31","vendor_id":2,"pickup_datetime":"2024-08-31T23:57:46.000Z","passenger_count":1,"pulocation_id":132,"dolocation_id":42},"maxValues":{"event_id":"b8e691563f2dfaef2445c78ae1d904bb","event_type":"trip_started","schema_version":"2.0","trip_id":"e1260a639e2d981b4b178df809b28dab","source_file":"yellow_tripdata_2024-09.parquet","ingest_mode":"streaming","ingest_timestamp":"2026-05-18T15:42:38.980Z","event_time":"2024-08-31T23:57:52.000Z","trip_date":"2024-08-31","vendor_id":2,"pickup_datetime":"2024-08-31T23:57:52.000Z","passenger_count":1,"pulocation_id":144,"dolocation_id":68},"nullCount":{"event_id":0,"event_type":0,"schema_version":0,"trip_id":0,"source_file":0,"ingest_mode":0,"ingest_timestamp":0,"event_time":0,"trip_date":0,"vendor_id":0,"pickup_datetime":0,"passenger_count":0,"pulocation_id":0,"dolocation_id":0}},null,null,None,None,None), AddFile(part-00003-40e0630d-6fe9-4e39-9602-a33736b745ca-c000.snappy.parquet,Map(),5316,1779118933000,false,{"numRecords":2,"minValues":{"event_id":"3a11c04f3f86a8a2ed90c5835f8fcb0c","event_type":"trip_started","schema_version":"2.0","trip_id":"5ea4134ac6f17edb7f639fc94f24acac","source_file":"yellow_tripdata_2024-09.parquet","ingest_mode":"streaming","ingest_timestamp":"2026-05-18T15:41:27.373Z","event_time":"2024-08-31T23:41:24.000Z","trip_date":"2024-08-31","vendor_id":2,"pickup_datetime":"2024-08-31T23:41:24.000Z","passenger_count":1,"pulocation_id":100,"dolocation_id":42},"maxValues":{"event_id":"810ea42e4364ec7ab0e87ebf0400ae41","event_type":"trip_started","schema_version":"2.0","trip_id":"72cf0cd11b66424f5d72b72df8a87924","source_file":"yellow_tripdata_2024-09.parquet","ingest_mode":"streaming","ingest_timestamp":"2026-05-18T15:41:44.574Z","event_time":"2024-08-31T23:47:25.000Z","trip_date":"2024-08-31","vendor_id":2,"pickup_datetime":"2024-08-31T23:47:25.000Z","passenger_count":1,"pulocation_id":230,"dolocation_id":100},"nullCount":{"event_id":0,"event_type":0,"schema_version":0,"trip_id":0,"source_file":0,"ingest_mode":0,"ingest_timestamp":0,"event_time":0,"trip_date":0,"vendor_id":0,"pickup_datetime":0,"passenger_count":0,"pulocation_id":0,"dolocation_id":0}},null,null,None,None,None), AddFile(part-00004-bf95d00f-7224-4d19-8506-bb804d74ba69-c000.snappy.parquet,Map(),16203,1779118907000,false,{"numRecords":67,"minValues":{"event_id":"00f4412c4abb87a7edb991f16b8e3872","event_type":"trip_started","schema_version":"2.0","trip_id":"0106a3fdc6d124355ddbc3170eb7fa9d","source_file":"yellow_tripdata_2024-09.parquet","ingest_mode":"streaming","ingest_timestamp":"2026-05-18T15:30:55.546Z","event_time":"2024-08-31T23:48:15.000Z","trip_date":"2024-08-31","vendor_id":1,"pickup_datetime":"2024-08-31T23:48:15.000Z","passenger_count":0,"pulocation_id":41,"dolocation_id":4},"maxValues":{"event_id":"ffa973e5c6626d9b56f1d9367abd3987","event_type":"trip_started","schema_version":"2.0","trip_id":"fc82163fbf256ca3108569d8f7fa673b","source_file":"yellow_tripdata_2024-09.parquet","ingest_mode":"streaming","ingest_timestamp":"2026-05-18T15:39:10.112Z","event_time":"2024-09-01T00:03:47.000Z","trip_date":"2024-09-01","vendor_id":2,"pickup_datetime":"2024-09-01T00:03:47.000Z","passenger_count":5,"pulocation_id":255,"dolocation_id":263},"nullCount":{"event_id":0,"event_type":0,"schema_version":0,"trip_id":0,"source_file":0,"ingest_mode":0,"ingest_timestamp":0,"event_time":0,"trip_date":0,"vendor_id":0,"pickup_datetime":0,"passenger_count":12,"pulocation_id":0,"dolocation_id":0}},null,null,None,None,None), AddFile(part-00002-3b8de384-5e1a-428a-8ca1-d65f16283a11-c000.snappy.parquet,Map(),5325,1779118964000,false,{"numRecords":1,"minValues":{"event_id":"44fb76f3cf2c68976837b514cd9e5b06","event_type":"trip_started","schema_version":"2.0","trip_id":"7e2ce3bdf357ffda0236e3d816e277f1","source_file":"yellow_tripdata_2024-09.parquet","ingest_mode":"streaming","ingest_timestamp":"2026-05-18T15:42:39.980Z","event_time":"2024-08-31T23:57:57.000Z","trip_date":"2024-08-31","vendor_id":2,"pickup_datetime":"2024-08-31T23:57:57.000Z","passenger_count":5,"pulocation_id":132,"dolocation_id":42},"maxValues":{"event_id":"44fb76f3cf2c68976837b514cd9e5b06","event_type":"trip_started","schema_version":"2.0","trip_id":"7e2ce3bdf357ffda0236e3d816e277f1","source_file":"yellow_tripdata_2024-09.parquet","ingest_mode":"streaming","ingest_timestamp":"2026-05-18T15:42:39.980Z","event_time":"2024-08-31T23:57:57.000Z","trip_date":"2024-08-31","vendor_id":2,"pickup_datetime":"2024-08-31T23:57:57.000Z","passenger_count":5,"pulocation_id":132,"dolocation_id":42},"nullCount":{"event_id":0,"event_type":0,"schema_version":0,"trip_id":0,"source_file":0,"ingest_mode":0,"ingest_timestamp":0,"event_time":0,"trip_date":0,"vendor_id":0,"pickup_datetime":0,"passenger_count":0,"pulocation_id":0,"dolocation_id":0}},null,null,None,None,None), AddFile(part-00001-15e62d34-1cb7-4e48-afd5-30601fa3f01e-c000.snappy.parquet,Map(),5325,1779118940000,false,{"numRecords":1,"minValues":{"event_id":"b395c7a81f12a58f58489f623d958178","event_type":"trip_started","schema_version":"2.0","trip_id":"133e7d3180d10215019a7d0e6e3cc052","source_file":"yellow_tripdata_2024-09.parquet","ingest_mode":"streaming","ingest_timestamp":"2026-05-18T15:41:59.575Z","event_time":"2024-08-31T23:49:47.000Z","trip_date":"2024-08-31","vendor_id":2,"pickup_datetime":"2024-08-31T23:49:47.000Z","passenger_count":1,"pulocation_id":79,"dolocation_id":211},"maxValues":{"event_id":"b395c7a81f12a58f58489f623d958178","event_type":"trip_started","schema_version":"2.0","trip_id":"133e7d3180d10215019a7d0e6e3cc052","source_file":"yellow_tripdata_2024-09.parquet","ingest_mode":"streaming","ingest_timestamp":"2026-05-18T15:41:59.575Z","event_time":"2024-08-31T23:49:47.000Z","trip_date":"2024-08-31","vendor_id":2,"pickup_datetime":"2024-08-31T23:49:47.000Z","passenger_count":1,"pulocation_id":79,"dolocation_id":211},"nullCount":{"event_id":0,"event_type":0,"schema_version":0,"trip_id":0,"source_file":0,"ingest_mode":0,"ingest_timestamp":0,"event_time":0,"trip_date":0,"vendor_id":0,"pickup_datetime":0,"passenger_count":0,"pulocation_id":0,"dolocation_id":0}},null,null,None,None,None), AddFile(part-00003-b1b9f1d7-6ad3-4d3d-9129-31eff2c0ca88-c000.snappy.parquet,Map(),12843,1779118906000,false,{"numRecords":51,"minValues":{"event_id":"033a945818d220fae8d0f5ea06aade55","event_type":"trip_started","schema_version":"2.0","trip_id":"007211974f070e6081d820f78a892116","source_file":"yellow_tripdata_2024-09.parquet","ingest_mode":"streaming","ingest_timestamp":"2026-05-18T15:30:08.336Z","event_time":"2024-08-31T22:27:55.000Z","trip_date":"2024-08-31","vendor_id":1,"pickup_datetime":"2024-08-31T22:27:55.000Z","passenger_count":0,"pulocation_id":24,"dolocation_id":7},"maxValues":{"event_id":"f914c4bf2487bb514676e80f0e515e30","event_type":"trip_started","schema_version":"2.0","trip_id":"fd8556cf3a0c0a61eb48a4f6e35a55b5","source_file":"yellow_tripdata_2024-09.parquet","ingest_mode":"streaming","ingest_timestamp":"2026-05-18T15:41:02.366Z","event_time":"2024-09-01T00:03:39.000Z","trip_date":"2024-09-01","vendor_id":2,"pickup_datetime":"2024-09-01T00:03:39.000Z","passenger_count":5,"pulocation_id":249,"dolocation_id":265},"nullCount":{"event_id":0,"event_type":0,"schema_version":0,"trip_id":0,"source_file":0,"ingest_mode":0,"ingest_timestamp":0,"event_time":0,"trip_date":0,"vendor_id":0,"pickup_datetime":0,"passenger_count":11,"pulocation_id":0,"dolocation_id":0}},null,null,None,None,None))))))
26/05/18 15:42:50 INFO Snapshot: DELTA: Compute snapshot for version: 5
26/05/18 15:42:50 INFO MemoryStore: Block broadcast_31 stored as values in memory (estimated size 242.1 KiB, free 431.7 MiB)
26/05/18 15:42:50 INFO MemoryStore: Block broadcast_31_piece0 stored as bytes in memory (estimated size 41.2 KiB, free 431.7 MiB)
26/05/18 15:42:50 INFO SparkContext: Created broadcast 31 from start at NativeMethodAccessorImpl.java:0
26/05/18 15:42:50 INFO DeltaLogFileIndex: Created DeltaLogFileIndex(JSON, numFilesInSegment: 6, totalFileSize: 36157)
26/05/18 15:42:50 INFO DataSourceStrategy: Pruning directories with: Set()
26/05/18 15:42:50 INFO FileSourceStrategy: Pushed Filters: 
26/05/18 15:42:50 INFO FileSourceStrategy: Post-Scan Filters: Set()
26/05/18 15:42:50 INFO MemoryStore: Block broadcast_32 stored as values in memory (estimated size 242.4 KiB, free 431.4 MiB)
26/05/18 15:42:50 INFO MemoryStore: Block broadcast_32_piece0 stored as bytes in memory (estimated size 41.3 KiB, free 431.4 MiB)
26/05/18 15:42:50 INFO SparkContext: Created broadcast 32 from start at NativeMethodAccessorImpl.java:0
26/05/18 15:42:50 INFO FileSourceScanExec: Planning scan with bin packing, max size: 12600990 bytes, open cost is considered as scanning 4194304 bytes.
26/05/18 15:42:50 INFO SparkContext: Starting job: start at NativeMethodAccessorImpl.java:0
26/05/18 15:42:50 INFO DAGScheduler: Registering RDD 110 (start at NativeMethodAccessorImpl.java:0) as input to shuffle 10
26/05/18 15:42:50 INFO DAGScheduler: Registering RDD 120 (start at NativeMethodAccessorImpl.java:0) as input to shuffle 11
26/05/18 15:42:50 INFO DAGScheduler: Got job 12 (start at NativeMethodAccessorImpl.java:0) with 1 output partitions
26/05/18 15:42:50 INFO DAGScheduler: Final stage: ResultStage 23 (start at NativeMethodAccessorImpl.java:0)
26/05/18 15:42:50 INFO DAGScheduler: Parents of final stage: List(ShuffleMapStage 22)
26/05/18 15:42:50 INFO DAGScheduler: Missing parents: List(ShuffleMapStage 22)
26/05/18 15:42:50 INFO DAGScheduler: Submitting ShuffleMapStage 21 (MapPartitionsRDD[110] at start at NativeMethodAccessorImpl.java:0), which has no missing parents
26/05/18 15:42:50 INFO MemoryStore: Block broadcast_33 stored as values in memory (estimated size 100.7 KiB, free 431.3 MiB)
26/05/18 15:42:50 INFO MemoryStore: Block broadcast_33_piece0 stored as bytes in memory (estimated size 29.0 KiB, free 431.2 MiB)
26/05/18 15:42:50 INFO SparkContext: Created broadcast 33 from broadcast at DAGScheduler.scala:1676
26/05/18 15:42:50 INFO DAGScheduler: Submitting 2 missing tasks from ShuffleMapStage 21 (MapPartitionsRDD[110] at start at NativeMethodAccessorImpl.java:0) (first 15 tasks are for partitions Vector(0, 1))
26/05/18 15:42:50 INFO TaskSchedulerImpl: Adding task set 21.0 with 2 tasks resource profile 0
26/05/18 15:42:50 INFO TaskSetManager: Starting task 0.0 in stage 21.0 (TID 285) (10.42.1.64,executor 1, partition 0, PROCESS_LOCAL, 10711 bytes) 
26/05/18 15:42:51 INFO TaskSetManager: Starting task 1.0 in stage 21.0 (TID 286) (10.42.1.64,executor 1, partition 1, PROCESS_LOCAL, 10711 bytes) 
26/05/18 15:42:51 INFO TaskSetManager: Finished task 0.0 in stage 21.0 (TID 285) in 150 ms on 10.42.1.64 (executor 1) (1/2)
26/05/18 15:42:51 INFO TaskSetManager: Finished task 1.0 in stage 21.0 (TID 286) in 107 ms on 10.42.1.64 (executor 1) (2/2)
26/05/18 15:42:51 INFO TaskSchedulerImpl: Removed TaskSet 21.0 whose tasks have all completed, from pool 
26/05/18 15:42:51 INFO DAGScheduler: ShuffleMapStage 21 (start at NativeMethodAccessorImpl.java:0) finished in 261 ms
26/05/18 15:42:51 INFO DAGScheduler: looking for newly runnable stages
26/05/18 15:42:51 INFO DAGScheduler: running: HashSet()
26/05/18 15:42:51 INFO DAGScheduler: waiting: HashSet(ShuffleMapStage 22, ResultStage 23)
26/05/18 15:42:51 INFO DAGScheduler: failed: HashSet()
26/05/18 15:42:51 INFO DAGScheduler: Submitting ShuffleMapStage 22 (MapPartitionsRDD[120] at start at NativeMethodAccessorImpl.java:0), which has no missing parents
26/05/18 15:42:51 INFO MemoryStore: Block broadcast_34 stored as values in memory (estimated size 601.1 KiB, free 430.7 MiB)
26/05/18 15:42:51 INFO MemoryStore: Block broadcast_34_piece0 stored as bytes in memory (estimated size 136.2 KiB, free 430.5 MiB)
26/05/18 15:42:51 INFO SparkContext: Created broadcast 34 from broadcast at DAGScheduler.scala:1676
26/05/18 15:42:51 INFO DAGScheduler: Submitting 50 missing tasks from ShuffleMapStage 22 (MapPartitionsRDD[120] at start at NativeMethodAccessorImpl.java:0) (first 15 tasks are for partitions Vector(0, 1, 2, 3, 4, 5, 6, 7, 8, 9, 10, 11, 12, 13, 14))
26/05/18 15:42:51 INFO TaskSchedulerImpl: Adding task set 22.0 with 50 tasks resource profile 0
26/05/18 15:42:51 INFO TaskSetManager: Starting task 1.0 in stage 22.0 (TID 287) (10.42.1.64,executor 1, partition 1, NODE_LOCAL, 9639 bytes) 
26/05/18 15:42:51 INFO MapOutputTrackerMasterEndpoint: Asked to send map output locations for shuffle 10 to 10.42.1.64:59476
26/05/18 15:42:51 INFO TaskSetManager: Starting task 2.0 in stage 22.0 (TID 288) (10.42.1.64,executor 1, partition 2, NODE_LOCAL, 9639 bytes) 
26/05/18 15:42:51 INFO TaskSetManager: Finished task 1.0 in stage 22.0 (TID 287) in 69 ms on 10.42.1.64 (executor 1) (1/50)
26/05/18 15:42:51 INFO TaskSetManager: Starting task 4.0 in stage 22.0 (TID 289) (10.42.1.64,executor 1, partition 4, NODE_LOCAL, 9639 bytes) 
26/05/18 15:42:51 INFO TaskSetManager: Finished task 2.0 in stage 22.0 (TID 288) in 26 ms on 10.42.1.64 (executor 1) (2/50)
26/05/18 15:42:51 INFO TaskSetManager: Starting task 6.0 in stage 22.0 (TID 290) (10.42.1.64,executor 1, partition 6, NODE_LOCAL, 9639 bytes) 
26/05/18 15:42:51 INFO TaskSetManager: Finished task 4.0 in stage 22.0 (TID 289) in 26 ms on 10.42.1.64 (executor 1) (3/50)
26/05/18 15:42:51 INFO TaskSetManager: Starting task 11.0 in stage 22.0 (TID 291) (10.42.1.64,executor 1, partition 11, NODE_LOCAL, 9639 bytes) 
26/05/18 15:42:51 INFO TaskSetManager: Finished task 6.0 in stage 22.0 (TID 290) in 25 ms on 10.42.1.64 (executor 1) (4/50)
26/05/18 15:42:51 INFO TaskSetManager: Starting task 15.0 in stage 22.0 (TID 292) (10.42.1.64,executor 1, partition 15, NODE_LOCAL, 9639 bytes) 
26/05/18 15:42:51 INFO TaskSetManager: Finished task 11.0 in stage 22.0 (TID 291) in 31 ms on 10.42.1.64 (executor 1) (5/50)
26/05/18 15:42:51 INFO TaskSetManager: Starting task 16.0 in stage 22.0 (TID 293) (10.42.1.64,executor 1, partition 16, NODE_LOCAL, 9639 bytes) 
26/05/18 15:42:51 INFO TaskSetManager: Finished task 15.0 in stage 22.0 (TID 292) in 26 ms on 10.42.1.64 (executor 1) (6/50)
26/05/18 15:42:51 INFO TaskSetManager: Starting task 23.0 in stage 22.0 (TID 294) (10.42.1.64,executor 1, partition 23, NODE_LOCAL, 9639 bytes) 
26/05/18 15:42:51 INFO TaskSetManager: Finished task 16.0 in stage 22.0 (TID 293) in 24 ms on 10.42.1.64 (executor 1) (7/50)
26/05/18 15:42:51 INFO TaskSetManager: Starting task 28.0 in stage 22.0 (TID 295) (10.42.1.64,executor 1, partition 28, NODE_LOCAL, 9639 bytes) 
26/05/18 15:42:51 INFO TaskSetManager: Finished task 23.0 in stage 22.0 (TID 294) in 45 ms on 10.42.1.64 (executor 1) (8/50)
26/05/18 15:42:51 INFO TaskSetManager: Starting task 29.0 in stage 22.0 (TID 296) (10.42.1.64,executor 1, partition 29, NODE_LOCAL, 9639 bytes) 
26/05/18 15:42:51 INFO TaskSetManager: Finished task 28.0 in stage 22.0 (TID 295) in 30 ms on 10.42.1.64 (executor 1) (9/50)
26/05/18 15:42:51 INFO TaskSetManager: Starting task 31.0 in stage 22.0 (TID 297) (10.42.1.64,executor 1, partition 31, NODE_LOCAL, 9639 bytes) 
26/05/18 15:42:51 INFO TaskSetManager: Finished task 29.0 in stage 22.0 (TID 296) in 25 ms on 10.42.1.64 (executor 1) (10/50)
26/05/18 15:42:51 INFO TaskSetManager: Starting task 39.0 in stage 22.0 (TID 298) (10.42.1.64,executor 1, partition 39, NODE_LOCAL, 9639 bytes) 
26/05/18 15:42:51 INFO TaskSetManager: Finished task 31.0 in stage 22.0 (TID 297) in 67 ms on 10.42.1.64 (executor 1) (11/50)
26/05/18 15:42:51 INFO TaskSetManager: Starting task 40.0 in stage 22.0 (TID 299) (10.42.1.64,executor 1, partition 40, NODE_LOCAL, 9639 bytes) 
26/05/18 15:42:51 INFO TaskSetManager: Finished task 39.0 in stage 22.0 (TID 298) in 26 ms on 10.42.1.64 (executor 1) (12/50)
26/05/18 15:42:51 INFO TaskSetManager: Starting task 42.0 in stage 22.0 (TID 300) (10.42.1.64,executor 1, partition 42, NODE_LOCAL, 9639 bytes) 
26/05/18 15:42:51 INFO TaskSetManager: Finished task 40.0 in stage 22.0 (TID 299) in 58 ms on 10.42.1.64 (executor 1) (13/50)
26/05/18 15:42:51 INFO TaskSetManager: Starting task 43.0 in stage 22.0 (TID 301) (10.42.1.64,executor 1, partition 43, NODE_LOCAL, 9639 bytes) 
26/05/18 15:42:51 INFO TaskSetManager: Finished task 42.0 in stage 22.0 (TID 300) in 29 ms on 10.42.1.64 (executor 1) (14/50)
26/05/18 15:42:51 INFO TaskSetManager: Starting task 44.0 in stage 22.0 (TID 302) (10.42.1.64,executor 1, partition 44, NODE_LOCAL, 9639 bytes) 
26/05/18 15:42:51 INFO TaskSetManager: Finished task 43.0 in stage 22.0 (TID 301) in 91 ms on 10.42.1.64 (executor 1) (15/50)
26/05/18 15:42:51 INFO TaskSetManager: Starting task 45.0 in stage 22.0 (TID 303) (10.42.1.64,executor 1, partition 45, NODE_LOCAL, 9639 bytes) 
26/05/18 15:42:51 INFO TaskSetManager: Finished task 44.0 in stage 22.0 (TID 302) in 26 ms on 10.42.1.64 (executor 1) (16/50)
26/05/18 15:42:51 INFO TaskSetManager: Starting task 48.0 in stage 22.0 (TID 304) (10.42.1.64,executor 1, partition 48, NODE_LOCAL, 9639 bytes) 
26/05/18 15:42:51 INFO TaskSetManager: Finished task 45.0 in stage 22.0 (TID 303) in 78 ms on 10.42.1.64 (executor 1) (17/50)
26/05/18 15:42:51 INFO TaskSetManager: Starting task 49.0 in stage 22.0 (TID 305) (10.42.1.64,executor 1, partition 49, NODE_LOCAL, 9639 bytes) 
26/05/18 15:42:51 INFO TaskSetManager: Finished task 48.0 in stage 22.0 (TID 304) in 24 ms on 10.42.1.64 (executor 1) (18/50)
26/05/18 15:42:51 INFO TaskSetManager: Starting task 0.0 in stage 22.0 (TID 306) (10.42.1.64,executor 1, partition 0, PROCESS_LOCAL, 9639 bytes) 
26/05/18 15:42:51 INFO TaskSetManager: Finished task 49.0 in stage 22.0 (TID 305) in 61 ms on 10.42.1.64 (executor 1) (19/50)
26/05/18 15:42:52 INFO TaskSetManager: Starting task 3.0 in stage 22.0 (TID 307) (10.42.1.64,executor 1, partition 3, PROCESS_LOCAL, 9639 bytes) 
26/05/18 15:42:52 INFO TaskSetManager: Finished task 0.0 in stage 22.0 (TID 306) in 24 ms on 10.42.1.64 (executor 1) (20/50)
26/05/18 15:42:52 INFO TaskSetManager: Starting task 5.0 in stage 22.0 (TID 308) (10.42.1.64,executor 1, partition 5, PROCESS_LOCAL, 9639 bytes) 
26/05/18 15:42:52 INFO TaskSetManager: Finished task 3.0 in stage 22.0 (TID 307) in 61 ms on 10.42.1.64 (executor 1) (21/50)
26/05/18 15:42:52 INFO TaskSetManager: Starting task 7.0 in stage 22.0 (TID 309) (10.42.1.64,executor 1, partition 7, PROCESS_LOCAL, 9639 bytes) 
26/05/18 15:42:52 INFO TaskSetManager: Finished task 5.0 in stage 22.0 (TID 308) in 31 ms on 10.42.1.64 (executor 1) (22/50)
26/05/18 15:42:52 INFO TaskSetManager: Starting task 8.0 in stage 22.0 (TID 310) (10.42.1.64,executor 1, partition 8, PROCESS_LOCAL, 9639 bytes) 
26/05/18 15:42:52 INFO TaskSetManager: Finished task 7.0 in stage 22.0 (TID 309) in 24 ms on 10.42.1.64 (executor 1) (23/50)
26/05/18 15:42:52 INFO TaskSetManager: Starting task 9.0 in stage 22.0 (TID 311) (10.42.1.64,executor 1, partition 9, PROCESS_LOCAL, 9639 bytes) 
26/05/18 15:42:52 INFO TaskSetManager: Finished task 8.0 in stage 22.0 (TID 310) in 44 ms on 10.42.1.64 (executor 1) (24/50)
26/05/18 15:42:52 INFO TaskSetManager: Starting task 10.0 in stage 22.0 (TID 312) (10.42.1.64,executor 1, partition 10, PROCESS_LOCAL, 9639 bytes) 
26/05/18 15:42:52 INFO TaskSetManager: Finished task 9.0 in stage 22.0 (TID 311) in 24 ms on 10.42.1.64 (executor 1) (25/50)
26/05/18 15:42:52 INFO TaskSetManager: Starting task 12.0 in stage 22.0 (TID 313) (10.42.1.64,executor 1, partition 12, PROCESS_LOCAL, 9639 bytes) 
26/05/18 15:42:52 INFO TaskSetManager: Finished task 10.0 in stage 22.0 (TID 312) in 25 ms on 10.42.1.64 (executor 1) (26/50)
26/05/18 15:42:52 INFO TaskSetManager: Starting task 13.0 in stage 22.0 (TID 314) (10.42.1.64,executor 1, partition 13, PROCESS_LOCAL, 9639 bytes) 
26/05/18 15:42:52 INFO TaskSetManager: Finished task 12.0 in stage 22.0 (TID 313) in 68 ms on 10.42.1.64 (executor 1) (27/50)
26/05/18 15:42:52 INFO TaskSetManager: Starting task 14.0 in stage 22.0 (TID 315) (10.42.1.64,executor 1, partition 14, PROCESS_LOCAL, 9639 bytes) 
26/05/18 15:42:52 INFO TaskSetManager: Finished task 13.0 in stage 22.0 (TID 314) in 25 ms on 10.42.1.64 (executor 1) (28/50)
26/05/18 15:42:52 INFO TaskSetManager: Starting task 17.0 in stage 22.0 (TID 316) (10.42.1.64,executor 1, partition 17, PROCESS_LOCAL, 9639 bytes) 
26/05/18 15:42:52 INFO TaskSetManager: Finished task 14.0 in stage 22.0 (TID 315) in 25 ms on 10.42.1.64 (executor 1) (29/50)
26/05/18 15:42:52 INFO TaskSetManager: Starting task 18.0 in stage 22.0 (TID 317) (10.42.1.64,executor 1, partition 18, PROCESS_LOCAL, 9639 bytes) 
26/05/18 15:42:52 INFO TaskSetManager: Finished task 17.0 in stage 22.0 (TID 316) in 58 ms on 10.42.1.64 (executor 1) (30/50)
26/05/18 15:42:52 INFO TaskSetManager: Starting task 19.0 in stage 22.0 (TID 318) (10.42.1.64,executor 1, partition 19, PROCESS_LOCAL, 9639 bytes) 
26/05/18 15:42:52 INFO TaskSetManager: Finished task 18.0 in stage 22.0 (TID 317) in 26 ms on 10.42.1.64 (executor 1) (31/50)
26/05/18 15:42:52 INFO TaskSetManager: Starting task 20.0 in stage 22.0 (TID 319) (10.42.1.64,executor 1, partition 20, PROCESS_LOCAL, 9639 bytes) 
26/05/18 15:42:52 INFO TaskSetManager: Finished task 19.0 in stage 22.0 (TID 318) in 24 ms on 10.42.1.64 (executor 1) (32/50)
26/05/18 15:42:52 INFO TaskSetManager: Starting task 21.0 in stage 22.0 (TID 320) (10.42.1.64,executor 1, partition 21, PROCESS_LOCAL, 9639 bytes) 
26/05/18 15:42:52 INFO TaskSetManager: Finished task 20.0 in stage 22.0 (TID 319) in 23 ms on 10.42.1.64 (executor 1) (33/50)
26/05/18 15:42:52 INFO TaskSetManager: Starting task 22.0 in stage 22.0 (TID 321) (10.42.1.64,executor 1, partition 22, PROCESS_LOCAL, 9639 bytes) 
26/05/18 15:42:52 INFO TaskSetManager: Finished task 21.0 in stage 22.0 (TID 320) in 24 ms on 10.42.1.64 (executor 1) (34/50)
26/05/18 15:42:52 INFO TaskSetManager: Starting task 24.0 in stage 22.0 (TID 322) (10.42.1.64,executor 1, partition 24, PROCESS_LOCAL, 9639 bytes) 
26/05/18 15:42:52 INFO TaskSetManager: Finished task 22.0 in stage 22.0 (TID 321) in 23 ms on 10.42.1.64 (executor 1) (35/50)
26/05/18 15:42:52 INFO TaskSetManager: Starting task 25.0 in stage 22.0 (TID 323) (10.42.1.64,executor 1, partition 25, PROCESS_LOCAL, 9639 bytes) 
26/05/18 15:42:52 INFO TaskSetManager: Finished task 24.0 in stage 22.0 (TID 322) in 23 ms on 10.42.1.64 (executor 1) (36/50)
26/05/18 15:42:52 INFO TaskSetManager: Starting task 26.0 in stage 22.0 (TID 324) (10.42.1.64,executor 1, partition 26, PROCESS_LOCAL, 9639 bytes) 
26/05/18 15:42:52 INFO TaskSetManager: Finished task 25.0 in stage 22.0 (TID 323) in 22 ms on 10.42.1.64 (executor 1) (37/50)
26/05/18 15:42:52 INFO TaskSetManager: Starting task 27.0 in stage 22.0 (TID 325) (10.42.1.64,executor 1, partition 27, PROCESS_LOCAL, 9639 bytes) 
26/05/18 15:42:52 INFO TaskSetManager: Finished task 26.0 in stage 22.0 (TID 324) in 23 ms on 10.42.1.64 (executor 1) (38/50)
26/05/18 15:42:52 INFO TaskSetManager: Starting task 30.0 in stage 22.0 (TID 326) (10.42.1.64,executor 1, partition 30, PROCESS_LOCAL, 9639 bytes) 
26/05/18 15:42:52 INFO TaskSetManager: Finished task 27.0 in stage 22.0 (TID 325) in 26 ms on 10.42.1.64 (executor 1) (39/50)
26/05/18 15:42:52 INFO TaskSetManager: Starting task 32.0 in stage 22.0 (TID 327) (10.42.1.64,executor 1, partition 32, PROCESS_LOCAL, 9639 bytes) 
26/05/18 15:42:52 INFO TaskSetManager: Finished task 30.0 in stage 22.0 (TID 326) in 23 ms on 10.42.1.64 (executor 1) (40/50)
26/05/18 15:42:52 INFO TaskSetManager: Starting task 33.0 in stage 22.0 (TID 328) (10.42.1.64,executor 1, partition 33, PROCESS_LOCAL, 9639 bytes) 
26/05/18 15:42:52 INFO TaskSetManager: Finished task 32.0 in stage 22.0 (TID 327) in 23 ms on 10.42.1.64 (executor 1) (41/50)
26/05/18 15:42:52 INFO TaskSetManager: Starting task 34.0 in stage 22.0 (TID 329) (10.42.1.64,executor 1, partition 34, PROCESS_LOCAL, 9639 bytes) 
26/05/18 15:42:52 INFO TaskSetManager: Finished task 33.0 in stage 22.0 (TID 328) in 31 ms on 10.42.1.64 (executor 1) (42/50)
26/05/18 15:42:52 INFO TaskSetManager: Starting task 35.0 in stage 22.0 (TID 330) (10.42.1.64,executor 1, partition 35, PROCESS_LOCAL, 9639 bytes) 
26/05/18 15:42:52 INFO TaskSetManager: Finished task 34.0 in stage 22.0 (TID 329) in 22 ms on 10.42.1.64 (executor 1) (43/50)
26/05/18 15:42:52 INFO TaskSetManager: Starting task 36.0 in stage 22.0 (TID 331) (10.42.1.64,executor 1, partition 36, PROCESS_LOCAL, 9639 bytes) 
26/05/18 15:42:52 INFO TaskSetManager: Finished task 35.0 in stage 22.0 (TID 330) in 23 ms on 10.42.1.64 (executor 1) (44/50)
26/05/18 15:42:52 INFO TaskSetManager: Starting task 37.0 in stage 22.0 (TID 332) (10.42.1.64,executor 1, partition 37, PROCESS_LOCAL, 9639 bytes) 
26/05/18 15:42:52 INFO TaskSetManager: Finished task 36.0 in stage 22.0 (TID 331) in 54 ms on 10.42.1.64 (executor 1) (45/50)
26/05/18 15:42:52 INFO TaskSetManager: Starting task 38.0 in stage 22.0 (TID 333) (10.42.1.64,executor 1, partition 38, PROCESS_LOCAL, 9639 bytes) 
26/05/18 15:42:52 INFO TaskSetManager: Finished task 37.0 in stage 22.0 (TID 332) in 26 ms on 10.42.1.64 (executor 1) (46/50)
26/05/18 15:42:52 INFO TaskSetManager: Starting task 41.0 in stage 22.0 (TID 334) (10.42.1.64,executor 1, partition 41, PROCESS_LOCAL, 9639 bytes) 
26/05/18 15:42:52 INFO TaskSetManager: Finished task 38.0 in stage 22.0 (TID 333) in 22 ms on 10.42.1.64 (executor 1) (47/50)
26/05/18 15:42:52 INFO TaskSetManager: Starting task 46.0 in stage 22.0 (TID 335) (10.42.1.64,executor 1, partition 46, PROCESS_LOCAL, 9639 bytes) 
26/05/18 15:42:52 INFO TaskSetManager: Finished task 41.0 in stage 22.0 (TID 334) in 51 ms on 10.42.1.64 (executor 1) (48/50)
26/05/18 15:42:52 INFO TaskSetManager: Starting task 47.0 in stage 22.0 (TID 336) (10.42.1.64,executor 1, partition 47, PROCESS_LOCAL, 9639 bytes) 
26/05/18 15:42:52 INFO TaskSetManager: Finished task 46.0 in stage 22.0 (TID 335) in 25 ms on 10.42.1.64 (executor 1) (49/50)
26/05/18 15:42:52 INFO TaskSetManager: Finished task 47.0 in stage 22.0 (TID 336) in 23 ms on 10.42.1.64 (executor 1) (50/50)
26/05/18 15:42:52 INFO TaskSchedulerImpl: Removed TaskSet 22.0 whose tasks have all completed, from pool 
26/05/18 15:42:52 INFO DAGScheduler: ShuffleMapStage 22 (start at NativeMethodAccessorImpl.java:0) finished in 1729 ms
26/05/18 15:42:52 INFO DAGScheduler: looking for newly runnable stages
26/05/18 15:42:52 INFO DAGScheduler: running: HashSet()
26/05/18 15:42:52 INFO DAGScheduler: waiting: HashSet(ResultStage 23)
26/05/18 15:42:52 INFO DAGScheduler: failed: HashSet()
26/05/18 15:42:52 INFO DAGScheduler: Submitting ResultStage 23 (MapPartitionsRDD[123] at start at NativeMethodAccessorImpl.java:0), which has no missing parents
26/05/18 15:42:52 INFO MemoryStore: Block broadcast_35 stored as values in memory (estimated size 528.8 KiB, free 430.0 MiB)
26/05/18 15:42:52 INFO MemoryStore: Block broadcast_35_piece0 stored as bytes in memory (estimated size 121.3 KiB, free 429.9 MiB)
26/05/18 15:42:52 INFO SparkContext: Created broadcast 35 from broadcast at DAGScheduler.scala:1676
26/05/18 15:42:52 INFO DAGScheduler: Submitting 1 missing tasks from ResultStage 23 (MapPartitionsRDD[123] at start at NativeMethodAccessorImpl.java:0) (first 15 tasks are for partitions Vector(0))
26/05/18 15:42:52 INFO TaskSchedulerImpl: Adding task set 23.0 with 1 tasks resource profile 0
26/05/18 15:42:52 INFO TaskSetManager: Starting task 0.0 in stage 23.0 (TID 337) (10.42.1.64,executor 1, partition 0, NODE_LOCAL, 9650 bytes) 
26/05/18 15:42:52 INFO MapOutputTrackerMasterEndpoint: Asked to send map output locations for shuffle 11 to 10.42.1.64:59476
26/05/18 15:42:52 INFO TaskSetManager: Finished task 0.0 in stage 23.0 (TID 337) in 36 ms on 10.42.1.64 (executor 1) (1/1)
26/05/18 15:42:52 INFO TaskSchedulerImpl: Removed TaskSet 23.0 whose tasks have all completed, from pool 
26/05/18 15:42:52 INFO DAGScheduler: ResultStage 23 (start at NativeMethodAccessorImpl.java:0) finished in 43 ms
26/05/18 15:42:52 INFO DAGScheduler: Job 12 is finished. Cancelling potential speculative or zombie tasks for this job
26/05/18 15:42:52 INFO TaskSchedulerImpl: Canceling stage 23
26/05/18 15:42:52 INFO TaskSchedulerImpl: Killing all running tasks in stage 23: Stage finished
26/05/18 15:42:52 INFO DAGScheduler: Job 12 finished: start at NativeMethodAccessorImpl.java:0, took 2059.127367 ms
26/05/18 15:42:52 INFO Snapshot: DELTA: Done
26/05/18 15:42:53 INFO ParquetUtils: Using default output committer for Parquet: org.apache.parquet.hadoop.ParquetOutputCommitter
26/05/18 15:42:53 INFO KafkaOffsetReaderAdmin: Partitions added: Map()
26/05/18 15:42:53 INFO SparkContext: Starting job: start at NativeMethodAccessorImpl.java:0
26/05/18 15:42:53 INFO DAGScheduler: Got job 13 (start at NativeMethodAccessorImpl.java:0) with 3 output partitions
26/05/18 15:42:53 INFO DAGScheduler: Final stage: ResultStage 24 (start at NativeMethodAccessorImpl.java:0)
26/05/18 15:42:53 INFO DAGScheduler: Parents of final stage: List()
26/05/18 15:42:53 INFO DAGScheduler: Missing parents: List()
26/05/18 15:42:53 INFO DAGScheduler: Submitting ResultStage 24 (MapPartitionsRDD[126] at start at NativeMethodAccessorImpl.java:0), which has no missing parents
26/05/18 15:42:53 INFO MemoryStore: Block broadcast_36 stored as values in memory (estimated size 429.0 KiB, free 432.9 MiB)
26/05/18 15:42:53 INFO MemoryStore: Block broadcast_36_piece0 stored as bytes in memory (estimated size 149.0 KiB, free 432.7 MiB)
26/05/18 15:42:53 INFO SparkContext: Created broadcast 36 from broadcast at DAGScheduler.scala:1676
26/05/18 15:42:53 INFO DAGScheduler: Submitting 3 missing tasks from ResultStage 24 (MapPartitionsRDD[126] at start at NativeMethodAccessorImpl.java:0) (first 15 tasks are for partitions Vector(0, 1, 2))
26/05/18 15:42:53 INFO TaskSchedulerImpl: Adding task set 24.0 with 3 tasks resource profile 0
26/05/18 15:42:53 INFO TaskSetManager: Starting task 0.0 in stage 24.0 (TID 338) (10.42.1.64,executor 1, partition 0, PROCESS_LOCAL, 10863 bytes) 
26/05/18 15:42:53 INFO TaskSetManager: Starting task 1.0 in stage 24.0 (TID 339) (10.42.1.64,executor 1, partition 1, PROCESS_LOCAL, 10863 bytes) 
26/05/18 15:42:53 INFO TaskSetManager: Finished task 0.0 in stage 24.0 (TID 338) in 575 ms on 10.42.1.64 (executor 1) (1/3)
26/05/18 15:42:54 INFO TaskSetManager: Starting task 2.0 in stage 24.0 (TID 340) (10.42.1.64,executor 1, partition 2, PROCESS_LOCAL, 10863 bytes) 
26/05/18 15:42:54 INFO TaskSetManager: Finished task 1.0 in stage 24.0 (TID 339) in 562 ms on 10.42.1.64 (executor 1) (2/3)
26/05/18 15:42:54 INFO TaskSetManager: Finished task 2.0 in stage 24.0 (TID 340) in 585 ms on 10.42.1.64 (executor 1) (3/3)
26/05/18 15:42:54 INFO TaskSchedulerImpl: Removed TaskSet 24.0 whose tasks have all completed, from pool 
26/05/18 15:42:54 INFO DAGScheduler: ResultStage 24 (start at NativeMethodAccessorImpl.java:0) finished in 1745 ms
26/05/18 15:42:54 INFO DAGScheduler: Job 13 is finished. Cancelling potential speculative or zombie tasks for this job
26/05/18 15:42:54 INFO TaskSchedulerImpl: Canceling stage 24
26/05/18 15:42:54 INFO TaskSchedulerImpl: Killing all running tasks in stage 24: Stage finished
26/05/18 15:42:54 INFO DAGScheduler: Job 13 finished: start at NativeMethodAccessorImpl.java:0, took 1745.307579 ms
26/05/18 15:42:54 INFO DeltaFileFormatWriter: Start to commit write Job 5b20e647-7c22-4abf-a0ca-330f30c7c9d7.
26/05/18 15:42:54 INFO DeltaFileFormatWriter: Write Job 5b20e647-7c22-4abf-a0ca-330f30c7c9d7 committed. Elapsed time: 0 ms.
26/05/18 15:42:54 INFO DeltaFileFormatWriter: Finished processing stats for write job 5b20e647-7c22-4abf-a0ca-330f30c7c9d7.
26/05/18 15:42:54 INFO DeltaSink: Wrote 3 files, with total size 16301, 6 logical records, duration=1920 ms.
26/05/18 15:42:54 INFO OptimisticTransaction: [tableId=e54c2914,txnId=d0d6b1e4] Attempting to commit version 6 with 5 actions with Serializable isolation level
26/05/18 15:42:54 INFO OptimisticTransaction: Incremental commit: starting with snapshot version 5
26/05/18 15:42:54 INFO DeltaLog: Creating a new snapshot v6 for commit version 6
26/05/18 15:42:54 INFO DeltaLog: Loading version 6.
26/05/18 15:42:54 INFO Snapshot: [tableId=e54c2914-4281-4b97-a14f-d4cd8e512b01] Created snapshot Snapshot(path=s3a://lakehouse/benchmark/bronze/20260518T154052Z/low/started/_delta_log, version=6, metadata=Metadata(e54c2914-4281-4b97-a14f-d4cd8e512b01,null,null,Format(parquet,Map()),{"type":"struct","fields":[{"name":"event_id","type":"string","nullable":true,"metadata":{}},{"name":"event_type","type":"string","nullable":true,"metadata":{}},{"name":"schema_version","type":"string","nullable":true,"metadata":{}},{"name":"trip_id","type":"string","nullable":true,"metadata":{}},{"name":"source_file","type":"string","nullable":true,"metadata":{}},{"name":"ingest_mode","type":"string","nullable":true,"metadata":{}},{"name":"ingest_timestamp","type":"timestamp","nullable":true,"metadata":{}},{"name":"event_time","type":"timestamp","nullable":true,"metadata":{}},{"name":"trip_date","type":"string","nullable":true,"metadata":{}},{"name":"vendor_id","type":"integer","nullable":true,"metadata":{}},{"name":"pickup_datetime","type":"timestamp","nullable":true,"metadata":{}},{"name":"passenger_count","type":"long","nullable":true,"metadata":{}},{"name":"pulocation_id","type":"integer","nullable":true,"metadata":{}},{"name":"dolocation_id","type":"integer","nullable":true,"metadata":{}}]},List(),Map(),Some(1779118886752)), logSegment=LogSegment(s3a://lakehouse/benchmark/bronze/20260518T154052Z/low/started/_delta_log,6,ArraySeq(S3AFileStatus{path=s3a://lakehouse/benchmark/bronze/20260518T154052Z/low/started/_delta_log/00000000000000000000.json; isDirectory=false; length=10954; replication=1; blocksize=33554432; modification_time=1779118909098; access_time=0; owner=spark; group=spark; permission=rw-rw-rw-; isSymlink=false; hasAcl=false; isEncrypted=true; isErasureCoded=false} isEmptyDirectory=FALSE eTag="2dc840860c22af6901e80b07ffd4ef78" versionId=null, S3AFileStatus{path=s3a://lakehouse/benchmark/bronze/20260518T154052Z/low/started/_delta_log/00000000000000000001.json; isDirectory=false; length=6534; replication=1; blocksize=33554432; modification_time=1779118933421; access_time=0; owner=spark; group=spark; permission=rw-rw-rw-; isSymlink=false; hasAcl=false; isEncrypted=true; isErasureCoded=false} isEmptyDirectory=FALSE eTag="12e73076721d9b91785d3f2f712039e1" versionId=null, S3AFileStatus{path=s3a://lakehouse/benchmark/bronze/20260518T154052Z/low/started/_delta_log/00000000000000000002.json; isDirectory=false; length=5042; replication=1; blocksize=33554432; modification_time=1779118941417; access_time=0; owner=spark; group=spark; permission=rw-rw-rw-; isSymlink=false; hasAcl=false; isEncrypted=true; isErasureCoded=false} isEmptyDirectory=FALSE eTag="004bb0d2cb529c0cb5ef31cccea13acb" versionId=null, S3AFileStatus{path=s3a://lakehouse/benchmark/bronze/20260518T154052Z/low/started/_delta_log/00000000000000000003.json; isDirectory=false; length=2049; replication=1; blocksize=33554432; modification_time=1779118947493; access_time=0; owner=spark; group=spark; permission=rw-rw-rw-; isSymlink=false; hasAcl=false; isEncrypted=true; isErasureCoded=false} isEmptyDirectory=FALSE eTag="4dde2cedc8395ede38ef68ba9cfeff06" versionId=null, S3AFileStatus{path=s3a://lakehouse/benchmark/bronze/20260518T154052Z/low/started/_delta_log/00000000000000000004.json; isDirectory=false; length=2047; replication=1; blocksize=33554432; modification_time=1779118954294; access_time=0; owner=spark; group=spark; permission=rw-rw-rw-; isSymlink=false; hasAcl=false; isEncrypted=true; isErasureCoded=false} isEmptyDirectory=FALSE eTag="a8d058311c0896a53735c0ae32fc5205" versionId=null, S3AFileStatus{path=s3a://lakehouse/benchmark/bronze/20260518T154052Z/low/started/_delta_log/00000000000000000005.json; isDirectory=false; length=9531; replication=1; blocksize=33554432; modification_time=1779118966713; access_time=0; owner=spark; group=spark; permission=rw-rw-rw-; isSymlink=false; hasAcl=false; isEncrypted=true; isErasureCoded=false} isEmptyDirectory=FALSE eTag="93c2265fced70e236e295a97e87c5928" versionId=null, S3AFileStatus{path=s3a://lakehouse/benchmark/bronze/20260518T154052Z/low/started/_delta_log/00000000000000000006.json; isDirectory=false; length=5043; replication=1; blocksize=33554432; modification_time=1779118974000; access_time=0; owner=spark; group=spark; permission=rw-rw-rw-; isSymlink=false; hasAcl=false; isEncrypted=true; isErasureCoded=false} isEmptyDirectory=FALSE eTag="e0ad10d04aaa4f5967d61602789083bf" versionId=null),org.apache.spark.sql.delta.EmptyCheckpointProvider$@664c2564,1779118974000), checksumOpt=Some(VersionChecksum(Some(d0d6b1e4-439b-4c66-82b3-771784bb014e),181602,24,None,None,1,1,None,Some(List(SetTransaction(4c71fffa-098f-430a-acdb-8cf33542b27e,6,Some(1779118974905)))),Some(List()),Metadata(e54c2914-4281-4b97-a14f-d4cd8e512b01,null,null,Format(parquet,Map()),{"type":"struct","fields":[{"name":"event_id","type":"string","nullable":true,"metadata":{}},{"name":"event_type","type":"string","nullable":true,"metadata":{}},{"name":"schema_version","type":"string","nullable":true,"metadata":{}},{"name":"trip_id","type":"string","nullable":true,"metadata":{}},{"name":"source_file","type":"string","nullable":true,"metadata":{}},{"name":"ingest_mode","type":"string","nullable":true,"metadata":{}},{"name":"ingest_timestamp","type":"timestamp","nullable":true,"metadata":{}},{"name":"event_time","type":"timestamp","nullable":true,"metadata":{}},{"name":"trip_date","type":"string","nullable":true,"metadata":{}},{"name":"vendor_id","type":"integer","nullable":true,"metadata":{}},{"name":"pickup_datetime","type":"timestamp","nullable":true,"metadata":{}},{"name":"passenger_count","type":"long","nullable":true,"metadata":{}},{"name":"pulocation_id","type":"integer","nullable":true,"metadata":{}},{"name":"dolocation_id","type":"integer","nullable":true,"metadata":{}}]},List(),Map(),Some(1779118886752)),Protocol(1,2),None,None,Some(List(AddFile(part-00000-08aad25c-9cc6-4b91-9c29-ef1ada60ea60-c000.snappy.parquet,Map(),16483,1779118902000,false,{"numRecords":73,"minValues":{"event_id":"0212d8086261a2018cb807d1a4d7a46b","event_type":"trip_started","schema_version":"2.0","trip_id":"031b404c98f442710d2269c0a06824fd","source_file":"yellow_tripdata_2024-09.parquet","ingest_mode":"streaming","ingest_timestamp":"2026-05-18T15:30:18.343Z","event_time":"2024-08-31T23:16:36.000Z","trip_date":"2024-08-31","vendor_id":1,"pickup_datetime":"2024-08-31T23:16:36.000Z","passenger_count":1,"pulocation_id":41,"dolocation_id":15},"maxValues":{"event_id":"febc668d372ab0492f5c4e7165b45be2","event_type":"trip_started","schema_version":"2.0","trip_id":"f8cfd09088ab01f1042a890d127bfcca","source_file":"yellow_tripdata_2024-09.parquet","ingest_mode":"streaming","ingest_timestamp":"2026-05-18T15:41:12.372Z","event_time":"2024-09-01T00:03:44.000Z","trip_date":"2024-09-01","vendor_id":2,"pickup_datetime":"2024-09-01T00:03:44.000Z","passenger_count":5,"pulocation_id":249,"dolocation_id":265},"nullCount":{"event_id":0,"event_type":0,"schema_version":0,"trip_id":0,"source_file":0,"ingest_mode":0,"ingest_timestamp":0,"event_time":0,"trip_date":0,"vendor_id":0,"pickup_datetime":0,"passenger_count":7,"pulocation_id":0,"dolocation_id":0}},null,null,None,None,None), AddFile(part-00002-204c9462-febd-4a6e-9fc5-d2cff48b0fab-c000.snappy.parquet,Map(),5290,1779118941000,false,{"numRecords":2,"minValues":{"event_id":"7094784f7b964147a344562f3c700452","event_type":"trip_started","schema_version":"2.0","trip_id":"49abd9d6c1136369978e031c3defd4dd","source_file":"yellow_tripdata_2024-09.parquet","ingest_mode":"streaming","ingest_timestamp":"2026-05-18T15:42:09.576Z","event_time":"2024-08-31T23:54:28.000Z","trip_date":"2024-08-31","vendor_id":2,"pickup_datetime":"2024-08-31T23:54:28.000Z","passenger_count":1,"pulocation_id":138,"dolocation_id":129},"maxValues":{"event_id":"a33916c25654965d32f61be210f37d0f","event_type":"trip_started","schema_version":"2.0","trip_id":"87e7c11c9799f63c59e672e1b144842e","source_file":"yellow_tripdata_2024-09.parquet","ingest_mode":"streaming","ingest_timestamp":"2026-05-18T15:42:11.576Z","event_time":"2024-08-31T23:54:38.000Z","trip_date":"2024-08-31","vendor_id":2,"pickup_datetime":"2024-08-31T23:54:38.000Z","passenger_count":2,"pulocation_id":230,"dolocation_id":162},"nullCount":{"event_id":0,"event_type":0,"schema_version":0,"trip_id":0,"source_file":0,"ingest_mode":0,"ingest_timestamp":0,"event_time":0,"trip_date":0,"vendor_id":0,"pickup_datetime":0,"passenger_count":0,"pulocation_id":0,"dolocation_id":0}},null,null,None,None,None), AddFile(part-00001-3e08f1a9-004f-4148-96c2-ce39df27dafa-c000.snappy.parquet,Map(),5324,1779118932000,false,{"numRecords":1,"minValues":{"event_id":"49fd4523f0edf3af6db90b980f85b44b","event_type":"trip_started","schema_version":"2.0","trip_id":"a81a5f72bed880eb1011e846ec08a7b3","source_file":"yellow_tripdata_2024-09.parquet","ingest_mode":"streaming","ingest_timestamp":"2026-05-18T15:41:32.373Z","event_time":"2024-08-31T23:45:56.000Z","trip_date":"2024-08-31","vendor_id":2,"pickup_datetime":"2024-08-31T23:45:56.000Z","passenger_count":1,"pulocation_id":24,"dolocation_id":24},"maxValues":{"event_id":"49fd4523f0edf3af6db90b980f85b44b","event_type":"trip_started","schema_version":"2.0","trip_id":"a81a5f72bed880eb1011e846ec08a7b3","source_file":"yellow_tripdata_2024-09.parquet","ingest_mode":"streaming","ingest_timestamp":"2026-05-18T15:41:32.373Z","event_time":"2024-08-31T23:45:56.000Z","trip_date":"2024-08-31","vendor_id":2,"pickup_datetime":"2024-08-31T23:45:56.000Z","passenger_count":1,"pulocation_id":24,"dolocation_id":24},"nullCount":{"event_id":0,"event_type":0,"schema_version":0,"trip_id":0,"source_file":0,"ingest_mode":0,"ingest_timestamp":0,"event_time":0,"trip_date":0,"vendor_id":0,"pickup_datetime":0,"passenger_count":0,"pulocation_id":0,"dolocation_id":0}},null,null,None,None,None), AddFile(part-00002-d9b630b8-3fe6-47f4-bef5-e312d5875278-c000.snappy.parquet,Map(),15373,1779118905000,false,{"numRecords":67,"minValues":{"event_id":"011a460cb5a25c4ee561b11bfa14604d","event_type":"trip_started","schema_version":"2.0","trip_id":"02a39a8e328190af69190a907699ab05","source_file":"yellow_tripdata_2024-09.parquet","ingest_mode":"streaming","ingest_timestamp":"2026-05-18T15:30:23.343Z","event_time":"2024-08-31T23:31:22.000Z","trip_date":"2024-08-31","vendor_id":1,"pickup_datetime":"2024-08-31T23:31:22.000Z","passenger_count":0,"pulocation_id":24,"dolocation_id":7},"maxValues":{"event_id":"fb8fb0226b979d486aa1fe15bcadfd02","event_type":"trip_started","schema_version":"2.0","trip_id":"ff8ff4056149324b8cb6441936211b7a","source_file":"yellow_tripdata_2024-09.parquet","ingest_mode":"streaming","ingest_timestamp":"2026-05-18T15:41:17.372Z","event_time":"2024-09-01T00:03:44.000Z","trip_date":"2024-09-01","vendor_id":2,"pickup_datetime":"2024-09-01T00:03:44.000Z","passenger_count":6,"pulocation_id":265,"dolocation_id":265},"nullCount":{"event_id":0,"event_type":0,"schema_version":0,"trip_id":0,"source_file":0,"ingest_mode":0,"ingest_timestamp":0,"event_time":0,"trip_date":0,"vendor_id":0,"pickup_datetime":0,"passenger_count":7,"pulocation_id":0,"dolocation_id":0}},null,null,None,None,None), AddFile(part-00004-241ad319-170b-4986-bd7a-42bf803f4dad-c000.snappy.parquet,Map(),5316,1779118966000,false,{"numRecords":2,"minValues":{"event_id":"774a4965f71ecd05c290d6232c408080","event_type":"trip_started","schema_version":"2.0","trip_id":"73d47bd6dfc2992a06e6a9fb0bf878e9","source_file":"yellow_tripdata_2024-09.parquet","ingest_mode":"streaming","ingest_timestamp":"2026-05-18T15:42:37.779Z","event_time":"2024-08-31T23:57:46.000Z","trip_date":"2024-08-31","vendor_id":2,"pickup_datetime":"2024-08-31T23:57:46.000Z","passenger_count":1,"pulocation_id":132,"dolocation_id":42},"maxValues":{"event_id":"b8e691563f2dfaef2445c78ae1d904bb","event_type":"trip_started","schema_version":"2.0","trip_id":"e1260a639e2d981b4b178df809b28dab","source_file":"yellow_tripdata_2024-09.parquet","ingest_mode":"streaming","ingest_timestamp":"2026-05-18T15:42:38.980Z","event_time":"2024-08-31T23:57:52.000Z","trip_date":"2024-08-31","vendor_id":2,"pickup_datetime":"2024-08-31T23:57:52.000Z","passenger_count":1,"pulocation_id":144,"dolocation_id":68},"nullCount":{"event_id":0,"event_type":0,"schema_version":0,"trip_id":0,"source_file":0,"ingest_mode":0,"ingest_timestamp":0,"event_time":0,"trip_date":0,"vendor_id":0,"pickup_datetime":0,"passenger_count":0,"pulocation_id":0,"dolocation_id":0}},null,null,None,None,None), AddFile(part-00003-40e0630d-6fe9-4e39-9602-a33736b745ca-c000.snappy.parquet,Map(),5316,1779118933000,false,{"numRecords":2,"minValues":{"event_id":"3a11c04f3f86a8a2ed90c5835f8fcb0c","event_type":"trip_started","schema_version":"2.0","trip_id":"5ea4134ac6f17edb7f639fc94f24acac","source_file":"yellow_tripdata_2024-09.parquet","ingest_mode":"streaming","ingest_timestamp":"2026-05-18T15:41:27.373Z","event_time":"2024-08-31T23:41:24.000Z","trip_date":"2024-08-31","vendor_id":2,"pickup_datetime":"2024-08-31T23:41:24.000Z","passenger_count":1,"pulocation_id":100,"dolocation_id":42},"maxValues":{"event_id":"810ea42e4364ec7ab0e87ebf0400ae41","event_type":"trip_started","schema_version":"2.0","trip_id":"72cf0cd11b66424f5d72b72df8a87924","source_file":"yellow_tripdata_2024-09.parquet","ingest_mode":"streaming","ingest_timestamp":"2026-05-18T15:41:44.574Z","event_time":"2024-08-31T23:47:25.000Z","trip_date":"2024-08-31","vendor_id":2,"pickup_datetime":"2024-08-31T23:47:25.000Z","passenger_count":1,"pulocation_id":230,"dolocation_id":100},"nullCount":{"event_id":0,"event_type":0,"schema_version":0,"trip_id":0,"source_file":0,"ingest_mode":0,"ingest_timestamp":0,"event_time":0,"trip_date":0,"vendor_id":0,"pickup_datetime":0,"passenger_count":0,"pulocation_id":0,"dolocation_id":0}},null,null,None,None,None), AddFile(part-00002-3b8de384-5e1a-428a-8ca1-d65f16283a11-c000.snappy.parquet,Map(),5325,1779118964000,false,{"numRecords":1,"minValues":{"event_id":"44fb76f3cf2c68976837b514cd9e5b06","event_type":"trip_started","schema_version":"2.0","trip_id":"7e2ce3bdf357ffda0236e3d816e277f1","source_file":"yellow_tripdata_2024-09.parquet","ingest_mode":"streaming","ingest_timestamp":"2026-05-18T15:42:39.980Z","event_time":"2024-08-31T23:57:57.000Z","trip_date":"2024-08-31","vendor_id":2,"pickup_datetime":"2024-08-31T23:57:57.000Z","passenger_count":5,"pulocation_id":132,"dolocation_id":42},"maxValues":{"event_id":"44fb76f3cf2c68976837b514cd9e5b06","event_type":"trip_started","schema_version":"2.0","trip_id":"7e2ce3bdf357ffda0236e3d816e277f1","source_file":"yellow_tripdata_2024-09.parquet","ingest_mode":"streaming","ingest_timestamp":"2026-05-18T15:42:39.980Z","event_time":"2024-08-31T23:57:57.000Z","trip_date":"2024-08-31","vendor_id":2,"pickup_datetime":"2024-08-31T23:57:57.000Z","passenger_count":5,"pulocation_id":132,"dolocation_id":42},"nullCount":{"event_id":0,"event_type":0,"schema_version":0,"trip_id":0,"source_file":0,"ingest_mode":0,"ingest_timestamp":0,"event_time":0,"trip_date":0,"vendor_id":0,"pickup_datetime":0,"passenger_count":0,"pulocation_id":0,"dolocation_id":0}},null,null,None,None,None), AddFile(part-00001-15e62d34-1cb7-4e48-afd5-30601fa3f01e-c000.snappy.parquet,Map(),5325,1779118940000,false,{"numRecords":1,"minValues":{"event_id":"b395c7a81f12a58f58489f623d958178","event_type":"trip_started","schema_version":"2.0","trip_id":"133e7d3180d10215019a7d0e6e3cc052","source_file":"yellow_tripdata_2024-09.parquet","ingest_mode":"streaming","ingest_timestamp":"2026-05-18T15:41:59.575Z","event_time":"2024-08-31T23:49:47.000Z","trip_date":"2024-08-31","vendor_id":2,"pickup_datetime":"2024-08-31T23:49:47.000Z","passenger_count":1,"pulocation_id":79,"dolocation_id":211},"maxValues":{"event_id":"b395c7a81f12a58f58489f623d958178","event_type":"trip_started","schema_version":"2.0","trip_id":"133e7d3180d10215019a7d0e6e3cc052","source_file":"yellow_tripdata_2024-09.parquet","ingest_mode":"streaming","ingest_timestamp":"2026-05-18T15:41:59.575Z","event_time":"2024-08-31T23:49:47.000Z","trip_date":"2024-08-31","vendor_id":2,"pickup_datetime":"2024-08-31T23:49:47.000Z","passenger_count":1,"pulocation_id":79,"dolocation_id":211},"nullCount":{"event_id":0,"event_type":0,"schema_version":0,"trip_id":0,"source_file":0,"ingest_mode":0,"ingest_timestamp":0,"event_time":0,"trip_date":0,"vendor_id":0,"pickup_datetime":0,"passenger_count":0,"pulocation_id":0,"dolocation_id":0}},null,null,None,None,None), AddFile(part-00001-4e446a00-ef77-4c3a-a4c9-f0ace7d031ca-c000.snappy.parquet,Map(),5323,1779118974000,false,{"numRecords":1,"minValues":{"event_id":"e186b6a8000447b2ed7dd63912cf76fc","event_type":"trip_started","schema_version":"2.0","trip_id":"9cbf69af6806f615864c3a61a7d01ec8","source_file":"yellow_tripdata_2024-09.parquet","ingest_mode":"streaming","ingest_timestamp":"2026-05-18T15:42:48.381Z","event_time":"2024-08-31T23:58:45.000Z","trip_date":"2024-08-31","vendor_id":2,"pickup_datetime":"2024-08-31T23:58:45.000Z","passenger_count":1,"pulocation_id":230,"dolocation_id":68},"maxValues":{"event_id":"e186b6a8000447b2ed7dd63912cf76fc","event_type":"trip_started","schema_version":"2.0","trip_id":"9cbf69af6806f615864c3a61a7d01ec8","source_file":"yellow_tripdata_2024-09.parquet","ingest_mode":"streaming","ingest_timestamp":"2026-05-18T15:42:48.381Z","event_time":"2024-08-31T23:58:45.000Z","trip_date":"2024-08-31","vendor_id":2,"pickup_datetime":"2024-08-31T23:58:45.000Z","passenger_count":1,"pulocation_id":230,"dolocation_id":68},"nullCount":{"event_id":0,"event_type":0,"schema_version":0,"trip_id":0,"source_file":0,"ingest_mode":0,"ingest_timestamp":0,"event_time":0,"trip_date":0,"vendor_id":0,"pickup_datetime":0,"passenger_count":0,"pulocation_id":0,"dolocation_id":0}},null,null,None,None,None), AddFile(part-00002-01e21c50-1503-4e9a-908e-ba94f9612d80-c000.snappy.parquet,Map(),5653,1779118974000,false,{"numRecords":4,"minValues":{"event_id":"0bb0ad573093e4becf13d07904ea4e15","event_type":"trip_started","schema_version":"2.0","trip_id":"0120e476f55aa6883a3e15a7e9ddafa4","source_file":"yellow_tripdata_2024-09.parquet","ingest_mode":"streaming","ingest_timestamp":"2026-05-18T15:42:40.780Z","event_time":"2024-08-31T23:58:01.000Z","trip_date":"2024-08-31","vendor_id":2,"pickup_datetime":"2024-08-31T23:58:01.000Z","passenger_count":1,"pulocation_id":132,"dolocation_id":79},"maxValues":{"event_id":"e5bb34fae112d2e936f244b4c17cfccd","event_type":"trip_started","schema_version":"2.0","trip_id":"dd31cf4442f4da47b9947196d4e69fbe","source_file":"yellow_tripdata_2024-09.parquet","ingest_mode":"streaming","ingest_timestamp":"2026-05-18T15:42:49.982Z","event_time":"2024-08-31T23:58:53.000Z","trip_date":"2024-08-31","vendor_id":2,"pickup_datetime":"2024-08-31T23:58:53.000Z","passenger_count":1,"pulocation_id":229,"dolocation_id":235},"nullCount":{"event_id":0,"event_type":0,"schema_version":0,"trip_id":0,"source_file":0,"ingest_mode":0,"ingest_timestamp":0,"event_time":0,"trip_date":0,"vendor_id":0,"pickup_datetime":0,"passenger_count":0,"pulocation_id":0,"dolocation_id":0}},null,null,None,None,None), AddFile(part-00001-722cc79d-c36b-4e05-9f21-8ae8f9088985-c000.snappy.parquet,Map(),5323,1779118964000,false,{"numRecords":1,"minValues":{"event_id":"fc777a5f3c65c6d093b9336703c5e846","event_type":"trip_started","schema_version":"2.0","trip_id":"05e3ef49c6dc890678d47a49711febe6","source_file":"yellow_tripdata_2024-09.parquet","ingest_mode":"streaming","ingest_timestamp":"2026-05-18T15:42:30.578Z","event_time":"2024-08-31T23:57:10.000Z","trip_date":"2024-08-31","vendor_id":2,"pickup_datetime":"2024-08-31T23:57:10.000Z","passenger_count":1,"pulocation_id":141,"dolocation_id":239},"maxValues":{"event_id":"fc777a5f3c65c6d093b9336703c5e846","event_type":"trip_started","schema_version":"2.0","trip_id":"05e3ef49c6dc890678d47a49711febe6","source_file":"yellow_tripdata_2024-09.parquet","ingest_mode":"streaming","ingest_timestamp":"2026-05-18T15:42:30.578Z","event_time":"2024-08-31T23:57:10.000Z","trip_date":"2024-08-31","vendor_id":2,"pickup_datetime":"2024-08-31T23:57:10.000Z","passenger_count":1,"pulocation_id":141,"dolocation_id":239},"nullCount":{"event_id":0,"event_type":0,"schema_version":0,"trip_id":0,"source_file":0,"ingest_mode":0,"ingest_timestamp":0,"event_time":0,"trip_date":0,"vendor_id":0,"pickup_datetime":0,"passenger_count":0,"pulocation_id":0,"dolocation_id":0}},null,null,None,None,None), AddFile(part-00005-56447017-32c5-4b7e-b9ab-d59860935c92-c000.snappy.parquet,Map(),13745,1779118908000,false,{"numRecords":58,"minValues":{"event_id":"1455410b53ba26496dd8268d814efb0d","event_type":"trip_started","schema_version":"2.0","trip_id":"055d4dc21a238c32a1173721d4ca04f8","source_file":"yellow_tripdata_2024-09.parquet","ingest_mode":"streaming","ingest_timestamp":"2026-05-18T15:30:33.344Z","event_time":"2024-08-31T23:41:24.000Z","trip_date":"2024-08-31","vendor_id":1,"pickup_datetime":"2024-08-31T23:41:24.000Z","passenger_count":1,"pulocation_id":4,"dolocation_id":13},"maxValues":{"event_id":"fc33a45f23b40ebd214e1bfc68a49bcb","event_type":"trip_started","schema_version":"2.0","trip_id":"fe2349c4e6416804cff94b8f71437d80","source_file":"yellow_tripdata_2024-09.parquet","ingest_mode":"streaming","ingest_timestamp":"2026-05-18T15:39:01.111Z","event_time":"2024-09-01T00:03:38.000Z","trip_date":"2024-09-01","vendor_id":2,"pickup_datetime":"2024-09-01T00:03:38.000Z","passenger_count":5,"pulocation_id":263,"dolocation_id":261},"nullCount":{"event_id":0,"event_type":0,"schema_version":0,"trip_id":0,"source_file":0,"ingest_mode":0,"ingest_timestamp":0,"event_time":0,"trip_date":0,"vendor_id":0,"pickup_datetime":0,"passenger_count":7,"pulocation_id":0,"dolocation_id":0}},null,null,None,None,None), AddFile(part-00000-04a2f022-e88e-4fb8-842d-03ac20cee535-c000.snappy.parquet,Map(),5324,1779118947000,false,{"numRecords":1,"minValues":{"event_id":"52352c98a72028429aa0529967846b38","event_type":"trip_started","schema_version":"2.0","trip_id":"d5f457d09a3953154558bb47240e0cb4","source_file":"yellow_tripdata_2024-09.parquet","ingest_mode":"streaming","ingest_timestamp":"2026-05-18T15:42:17.777Z","event_time":"2024-08-31T23:55:17.000Z","trip_date":"2024-08-31","vendor_id":2,"pickup_datetime":"2024-08-31T23:55:17.000Z","passenger_count":5,"pulocation_id":93,"dolocation_id":141},"maxValues":{"event_id":"52352c98a72028429aa0529967846b38","event_type":"trip_started","schema_version":"2.0","trip_id":"d5f457d09a3953154558bb47240e0cb4","source_file":"yellow_tripdata_2024-09.parquet","ingest_mode":"streaming","ingest_timestamp":"2026-05-18T15:42:17.777Z","event_time":"2024-08-31T23:55:17.000Z","trip_date":"2024-08-31","vendor_id":2,"pickup_datetime":"2024-08-31T23:55:17.000Z","passenger_count":5,"pulocation_id":93,"dolocation_id":141},"nullCount":{"event_id":0,"event_type":0,"schema_version":0,"trip_id":0,"source_file":0,"ingest_mode":0,"ingest_timestamp":0,"event_time":0,"trip_date":0,"vendor_id":0,"pickup_datetime":0,"passenger_count":0,"pulocation_id":0,"dolocation_id":0}},null,null,None,None,None), AddFile(part-00000-004a8b18-df32-4f9d-bb39-82367f410cff-c000.snappy.parquet,Map(),5324,1779118963000,false,{"numRecords":1,"minValues":{"event_id":"6b665828c688b1ad5db23bad056be6f6","event_type":"trip_started","schema_version":"2.0","trip_id":"295e6648f1a483a7ce32bdd362f4fff8","source_file":"yellow_tripdata_2024-09.parquet","ingest_mode":"streaming","ingest_timestamp":"2026-05-18T15:42:37.579Z","event_time":"2024-08-31T23:57:45.000Z","trip_date":"2024-08-31","vendor_id":2,"pickup_datetime":"2024-08-31T23:57:45.000Z","passenger_count":1,"pulocation_id":239,"dolocation_id":151},"maxValues":{"event_id":"6b665828c688b1ad5db23bad056be6f6","event_type":"trip_started","schema_version":"2.0","trip_id":"295e6648f1a483a7ce32bdd362f4fff8","source_file":"yellow_tripdata_2024-09.parquet","ingest_mode":"streaming","ingest_timestamp":"2026-05-18T15:42:37.579Z","event_time":"2024-08-31T23:57:45.000Z","trip_date":"2024-08-31","vendor_id":2,"pickup_datetime":"2024-08-31T23:57:45.000Z","passenger_count":1,"pulocation_id":239,"dolocation_id":151},"nullCount":{"event_id":0,"event_type":0,"schema_version":0,"trip_id":0,"source_file":0,"ingest_mode":0,"ingest_timestamp":0,"event_time":0,"trip_date":0,"vendor_id":0,"pickup_datetime":0,"passenger_count":0,"pulocation_id":0,"dolocation_id":0}},null,null,None,None,None), AddFile(part-00003-0a291636-3d7f-4d43-9267-ff3d77a5fa70-c000.snappy.parquet,Map(),5325,1779118965000,false,{"numRecords":1,"minValues":{"event_id":"564163f7865a9c548a07bfdfe6922441","event_type":"trip_started","schema_version":"2.0","trip_id":"c07b4c728c34e12d73873c5b97478810","source_file":"yellow_tripdata_2024-09.parquet","ingest_mode":"streaming","ingest_timestamp":"2026-05-18T15:42:32.978Z","event_time":"2024-08-31T23:57:22.000Z","trip_date":"2024-08-31","vendor_id":2,"pickup_datetime":"2024-08-31T23:57:22.000Z","passenger_count":1,"pulocation_id":79,"dolocation_id":142},"maxValues":{"event_id":"564163f7865a9c548a07bfdfe6922441","event_type":"trip_started","schema_version":"2.0","trip_id":"c07b4c728c34e12d73873c5b97478810","source_file":"yellow_tripdata_2024-09.parquet","ingest_mode":"streaming","ingest_timestamp":"2026-05-18T15:42:32.978Z","event_time":"2024-08-31T23:57:22.000Z","trip_date":"2024-08-31","vendor_id":2,"pickup_datetime":"2024-08-31T23:57:22.000Z","passenger_count":1,"pulocation_id":79,"dolocation_id":142},"nullCount":{"event_id":0,"event_type":0,"schema_version":0,"trip_id":0,"source_file":0,"ingest_mode":0,"ingest_timestamp":0,"event_time":0,"trip_date":0,"vendor_id":0,"pickup_datetime":0,"passenger_count":0,"pulocation_id":0,"dolocation_id":0}},null,null,None,None,None), AddFile(part-00005-6fdc4404-90d1-4684-aef0-1e0957ea57b7-c000.snappy.parquet,Map(),5325,1779118966000,false,{"numRecords":1,"minValues":{"event_id":"d49ab84f6c7fe5e07947fcae3153c1f8","event_type":"trip_started","schema_version":"2.0","trip_id":"ef253bac2c5b9360c747b8ca1b7d7ab7","source_file":"yellow_tripdata_2024-09.parquet","ingest_mode":"streaming","ingest_timestamp":"2026-05-18T15:42:34.979Z","event_time":"2024-08-31T23:57:32.000Z","trip_date":"2024-08-31","vendor_id":2,"pickup_datetime":"2024-08-31T23:57:32.000Z","passenger_count":5,"pulocation_id":161,"dolocation_id":230},"maxValues":{"event_id":"d49ab84f6c7fe5e07947fcae3153c1f8","event_type":"trip_started","schema_version":"2.0","trip_id":"ef253bac2c5b9360c747b8ca1b7d7ab7","source_file":"yellow_tripdata_2024-09.parquet","ingest_mode":"streaming","ingest_timestamp":"2026-05-18T15:42:34.979Z","event_time":"2024-08-31T23:57:32.000Z","trip_date":"2024-08-31","vendor_id":2,"pickup_datetime":"2024-08-31T23:57:32.000Z","passenger_count":5,"pulocation_id":161,"dolocation_id":230},"nullCount":{"event_id":0,"event_type":0,"schema_version":0,"trip_id":0,"source_file":0,"ingest_mode":0,"ingest_timestamp":0,"event_time":0,"trip_date":0,"vendor_id":0,"pickup_datetime":0,"passenger_count":0,"pulocation_id":0,"dolocation_id":0}},null,null,None,None,None), AddFile(part-00000-beaa7485-6c72-4622-b407-4ad4b6e10b2e-c000.snappy.parquet,Map(),5325,1779118954000,false,{"numRecords":1,"minValues":{"event_id":"654539c39ceb4cbe902edee99605921c","event_type":"trip_started","schema_version":"2.0","trip_id":"696e7f1d0beb89f1c18c5da6c65ad872","source_file":"yellow_tripdata_2024-09.parquet","ingest_mode":"streaming","ingest_timestamp":"2026-05-18T15:42:22.777Z","event_time":"2024-08-31T23:56:31.000Z","trip_date":"2024-08-31","vendor_id":2,"pickup_datetime":"2024-08-31T23:56:31.000Z","passenger_count":2,"pulocation_id":170,"dolocation_id":7},"maxValues":{"event_id":"654539c39ceb4cbe902edee99605921c","event_type":"trip_started","schema_version":"2.0","trip_id":"696e7f1d0beb89f1c18c5da6c65ad872","source_file":"yellow_tripdata_2024-09.parquet","ingest_mode":"streaming","ingest_timestamp":"2026-05-18T15:42:22.777Z","event_time":"2024-08-31T23:56:31.000Z","trip_date":"2024-08-31","vendor_id":2,"pickup_datetime":"2024-08-31T23:56:31.000Z","passenger_count":2,"pulocation_id":170,"dolocation_id":7},"nullCount":{"event_id":0,"event_type":0,"schema_version":0,"trip_id":0,"source_file":0,"ingest_mode":0,"ingest_timestamp":0,"event_time":0,"trip_date":0,"vendor_id":0,"pickup_datetime":0,"passenger_count":0,"pulocation_id":0,"dolocation_id":0}},null,null,None,None,None), AddFile(part-00000-ac8a9b1d-58d7-4719-9e76-5f8fbe428c56-c000.snappy.parquet,Map(),5289,1779118932000,false,{"numRecords":2,"minValues":{"event_id":"0e42e0a8ff68c0593e5f62fe564cc867","event_type":"trip_started","schema_version":"2.0","trip_id":"74cc4dc0356999a5051ffc06fe590ba0","source_file":"yellow_tripdata_2024-09.parquet","ingest_mode":"streaming","ingest_timestamp":"2026-05-18T15:41:32.373Z","event_time":"2024-08-31T23:45:56.000Z","trip_date":"2024-08-31","vendor_id":2,"pickup_datetime":"2024-08-31T23:45:56.000Z","passenger_count":1,"pulocation_id":24,"dolocation_id":24},"maxValues":{"event_id":"20f272b57abcb77396229a1f4f79d2a6","event_type":"trip_started","schema_version":"2.0","trip_id":"7e4582c034b9714ccbb8b7972ee7452a","source_file":"yellow_tripdata_2024-09.parquet","ingest_mode":"streaming","ingest_timestamp":"2026-05-18T15:41:40.774Z","event_time":"2024-08-31T23:47:06.000Z","trip_date":"2024-08-31","vendor_id":2,"pickup_datetime":"2024-08-31T23:47:06.000Z","passenger_count":6,"pulocation_id":142,"dolocation_id":162},"nullCount":{"event_id":0,"event_type":0,"schema_version":0,"trip_id":0,"source_file":0,"ingest_mode":0,"ingest_timestamp":0,"event_time":0,"trip_date":0,"vendor_id":0,"pickup_datetime":0,"passenger_count":0,"pulocation_id":0,"dolocation_id":0}},null,null,None,None,None), AddFile(part-00002-d9b3fdfd-9a1c-4ba7-bce8-809853fb9b08-c000.snappy.parquet,Map(),5325,1779118933000,false,{"numRecords":1,"minValues":{"event_id":"c2b354f6093db075096dd7d6cd094124","event_type":"trip_started","schema_version":"2.0","trip_id":"2e493edb13c1adcaf6af648c66c05d11","source_file":"yellow_tripdata_2024-09.parquet","ingest_mode":"streaming","ingest_timestamp":"2026-05-18T15:41:49.575Z","event_time":"2024-08-31T23:48:15.000Z","trip_date":"2024-08-31","vendor_id":2,"pickup_datetime":"2024-08-31T23:48:15.000Z","passenger_count":1,"pulocation_id":87,"dolocation_id":232},"maxValues":{"event_id":"c2b354f6093db075096dd7d6cd094124","event_type":"trip_started","schema_version":"2.0","trip_id":"2e493edb13c1adcaf6af648c66c05d11","source_file":"yellow_tripdata_2024-09.parquet","ingest_mode":"streaming","ingest_timestamp":"2026-05-18T15:41:49.575Z","event_time":"2024-08-31T23:48:15.000Z","trip_date":"2024-08-31","vendor_id":2,"pickup_datetime":"2024-08-31T23:48:15.000Z","passenger_count":1,"pulocation_id":87,"dolocation_id":232},"nullCount":{"event_id":0,"event_type":0,"schema_version":0,"trip_id":0,"source_file":0,"ingest_mode":0,"ingest_timestamp":0,"event_time":0,"trip_date":0,"vendor_id":0,"pickup_datetime":0,"passenger_count":0,"pulocation_id":0,"dolocation_id":0}},null,null,None,None,None), AddFile(part-00001-25597aa3-37ba-4ada-a57e-d65085251b3f-c000.snappy.parquet,Map(),10884,1779118904000,false,{"numRecords":36,"minValues":{"event_id":"00bb01354109838b627c857eebe80dc2","event_type":"trip_started","schema_version":"2.0","trip_id":"0151b1434bda3c8918caec4e7800368d","source_file":"yellow_tripdata_2024-09.parquet","ingest_mode":"streaming","ingest_timestamp":"2026-05-18T15:31:05.546Z","event_time":"2024-08-31T23:49:47.000Z","trip_date":"2024-08-31","vendor_id":1,"pickup_datetime":"2024-08-31T23:49:47.000Z","passenger_count":0,"pulocation_id":68,"dolocation_id":45},"maxValues":{"event_id":"fc777a5f3c65c6d093b9336703c5e846","event_type":"trip_started","schema_version":"2.0","trip_id":"febc1b1d83b45aebc128b44d8bf1e48d","source_file":"yellow_tripdata_2024-09.parquet","ingest_mode":"streaming","ingest_timestamp":"2026-05-18T15:38:55.109Z","event_time":"2024-09-01T00:03:32.000Z","trip_date":"2024-09-01","vendor_id":2,"pickup_datetime":"2024-09-01T00:03:32.000Z","passenger_count":5,"pulocation_id":263,"dolocation_id":265},"nullCount":{"event_id":0,"event_type":0,"schema_version":0,"trip_id":0,"source_file":0,"ingest_mode":0,"ingest_timestamp":0,"event_time":0,"trip_date":0,"vendor_id":0,"pickup_datetime":0,"passenger_count":3,"pulocation_id":0,"dolocation_id":0}},null,null,None,None,None), AddFile(part-00000-354a8d2e-7fe2-4583-a46c-fa6563c44f3f-c000.snappy.parquet,Map(),5314,1779118940000,false,{"numRecords":2,"minValues":{"event_id":"14702b58b8c37db8b2b50034899fc9c7","event_type":"trip_started","schema_version":"2.0","trip_id":"2c7293107d5369aafe0b0f664a64c1e4","source_file":"yellow_tripdata_2024-09.parquet","ingest_mode":"streaming","ingest_timestamp":"2026-05-18T15:42:04.576Z","event_time":"2024-08-31T23:53:06.000Z","trip_date":"2024-08-31","vendor_id":2,"pickup_datetime":"2024-08-31T23:53:06.000Z","passenger_count":1,"pulocation_id":48,"dolocation_id":48},"maxValues":{"event_id":"53de4f6d29a18ae8c5ee21ff0b51e6dd","event_type":"trip_started","schema_version":"2.0","trip_id":"2c83a9caa91b8b0fc7bb449a3e93bc05","source_file":"yellow_tripdata_2024-09.parquet","ingest_mode":"streaming","ingest_timestamp":"2026-05-18T15:42:12.777Z","event_time":"2024-08-31T23:54:44.000Z","trip_date":"2024-08-31","vendor_id":2,"pickup_datetime":"2024-08-31T23:54:44.000Z","passenger_count":1,"pulocation_id":231,"dolocation_id":231},"nullCount":{"event_id":0,"event_type":0,"schema_version":0,"trip_id":0,"source_file":0,"ingest_mode":0,"ingest_timestamp":0,"event_time":0,"trip_date":0,"vendor_id":0,"pickup_datetime":0,"passenger_count":0,"pulocation_id":0,"dolocation_id":0}},null,null,None,None,None), AddFile(part-00004-bf95d00f-7224-4d19-8506-bb804d74ba69-c000.snappy.parquet,Map(),16203,1779118907000,false,{"numRecords":67,"minValues":{"event_id":"00f4412c4abb87a7edb991f16b8e3872","event_type":"trip_started","schema_version":"2.0","trip_id":"0106a3fdc6d124355ddbc3170eb7fa9d","source_file":"yellow_tripdata_2024-09.parquet","ingest_mode":"streaming","ingest_timestamp":"2026-05-18T15:30:55.546Z","event_time":"2024-08-31T23:48:15.000Z","trip_date":"2024-08-31","vendor_id":1,"pickup_datetime":"2024-08-31T23:48:15.000Z","passenger_count":0,"pulocation_id":41,"dolocation_id":4},"maxValues":{"event_id":"ffa973e5c6626d9b56f1d9367abd3987","event_type":"trip_started","schema_version":"2.0","trip_id":"fc82163fbf256ca3108569d8f7fa673b","source_file":"yellow_tripdata_2024-09.parquet","ingest_mode":"streaming","ingest_timestamp":"2026-05-18T15:39:10.112Z","event_time":"2024-09-01T00:03:47.000Z","trip_date":"2024-09-01","vendor_id":2,"pickup_datetime":"2024-09-01T00:03:47.000Z","passenger_count":5,"pulocation_id":255,"dolocation_id":263},"nullCount":{"event_id":0,"event_type":0,"schema_version":0,"trip_id":0,"source_file":0,"ingest_mode":0,"ingest_timestamp":0,"event_time":0,"trip_date":0,"vendor_id":0,"pickup_datetime":0,"passenger_count":12,"pulocation_id":0,"dolocation_id":0}},null,null,None,None,None), AddFile(part-00003-b1b9f1d7-6ad3-4d3d-9129-31eff2c0ca88-c000.snappy.parquet,Map(),12843,1779118906000,false,{"numRecords":51,"minValues":{"event_id":"033a945818d220fae8d0f5ea06aade55","event_type":"trip_started","schema_version":"2.0","trip_id":"007211974f070e6081d820f78a892116","source_file":"yellow_tripdata_2024-09.parquet","ingest_mode":"streaming","ingest_timestamp":"2026-05-18T15:30:08.336Z","event_time":"2024-08-31T22:27:55.000Z","trip_date":"2024-08-31","vendor_id":1,"pickup_datetime":"2024-08-31T22:27:55.000Z","passenger_count":0,"pulocation_id":24,"dolocation_id":7},"maxValues":{"event_id":"f914c4bf2487bb514676e80f0e515e30","event_type":"trip_started","schema_version":"2.0","trip_id":"fd8556cf3a0c0a61eb48a4f6e35a55b5","source_file":"yellow_tripdata_2024-09.parquet","ingest_mode":"streaming","ingest_timestamp":"2026-05-18T15:41:02.366Z","event_time":"2024-09-01T00:03:39.000Z","trip_date":"2024-09-01","vendor_id":2,"pickup_datetime":"2024-09-01T00:03:39.000Z","passenger_count":5,"pulocation_id":249,"dolocation_id":265},"nullCount":{"event_id":0,"event_type":0,"schema_version":0,"trip_id":0,"source_file":0,"ingest_mode":0,"ingest_timestamp":0,"event_time":0,"trip_date":0,"vendor_id":0,"pickup_datetime":0,"passenger_count":11,"pulocation_id":0,"dolocation_id":0}},null,null,None,None,None), AddFile(part-00000-2629bf8d-9be1-4e8c-ac42-807d3fb84277-c000.snappy.parquet,Map(),5325,1779118973000,false,{"numRecords":1,"minValues":{"event_id":"e398c455d213a6dd4cae00ea9b39ff12","event_type":"trip_started","schema_version":"2.0","trip_id":"35987be219c5affe5a6dafbf37ace57a","source_file":"yellow_tripdata_2024-09.parquet","ingest_mode":"streaming","ingest_timestamp":"2026-05-18T15:42:46.381Z","event_time":"2024-08-31T23:58:35.000Z","trip_date":"2024-08-31","vendor_id":2,"pickup_datetime":"2024-08-31T23:58:35.000Z","passenger_count":1,"pulocation_id":164,"dolocation_id":148},"maxValues":{"event_id":"e398c455d213a6dd4cae00ea9b39ff12","event_type":"trip_started","schema_version":"2.0","trip_id":"35987be219c5affe5a6dafbf37ace57a","source_file":"yellow_tripdata_2024-09.parquet","ingest_mode":"streaming","ingest_timestamp":"2026-05-18T15:42:46.381Z","event_time":"2024-08-31T23:58:35.000Z","trip_date":"2024-08-31","vendor_id":2,"pickup_datetime":"2024-08-31T23:58:35.000Z","passenger_count":1,"pulocation_id":164,"dolocation_id":148},"nullCount":{"event_id":0,"event_type":0,"schema_version":0,"trip_id":0,"source_file":0,"ingest_mode":0,"ingest_timestamp":0,"event_time":0,"trip_date":0,"vendor_id":0,"pickup_datetime":0,"passenger_count":0,"pulocation_id":0,"dolocation_id":0}},null,null,None,None,None))))))
26/05/18 15:42:54 INFO DeltaLog: Updated snapshot to Snapshot(path=s3a://lakehouse/benchmark/bronze/20260518T154052Z/low/started/_delta_log, version=6, metadata=Metadata(e54c2914-4281-4b97-a14f-d4cd8e512b01,null,null,Format(parquet,Map()),{"type":"struct","fields":[{"name":"event_id","type":"string","nullable":true,"metadata":{}},{"name":"event_type","type":"string","nullable":true,"metadata":{}},{"name":"schema_version","type":"string","nullable":true,"metadata":{}},{"name":"trip_id","type":"string","nullable":true,"metadata":{}},{"name":"source_file","type":"string","nullable":true,"metadata":{}},{"name":"ingest_mode","type":"string","nullable":true,"metadata":{}},{"name":"ingest_timestamp","type":"timestamp","nullable":true,"metadata":{}},{"name":"event_time","type":"timestamp","nullable":true,"metadata":{}},{"name":"trip_date","type":"string","nullable":true,"metadata":{}},{"name":"vendor_id","type":"integer","nullable":true,"metadata":{}},{"name":"pickup_datetime","type":"timestamp","nullable":true,"metadata":{}},{"name":"passenger_count","type":"long","nullable":true,"metadata":{}},{"name":"pulocation_id","type":"integer","nullable":true,"metadata":{}},{"name":"dolocation_id","type":"integer","nullable":true,"metadata":{}}]},List(),Map(),Some(1779118886752)), logSegment=LogSegment(s3a://lakehouse/benchmark/bronze/20260518T154052Z/low/started/_delta_log,6,ArraySeq(S3AFileStatus{path=s3a://lakehouse/benchmark/bronze/20260518T154052Z/low/started/_delta_log/00000000000000000000.json; isDirectory=false; length=10954; replication=1; blocksize=33554432; modification_time=1779118909098; access_time=0; owner=spark; group=spark; permission=rw-rw-rw-; isSymlink=false; hasAcl=false; isEncrypted=true; isErasureCoded=false} isEmptyDirectory=FALSE eTag="2dc840860c22af6901e80b07ffd4ef78" versionId=null, S3AFileStatus{path=s3a://lakehouse/benchmark/bronze/20260518T154052Z/low/started/_delta_log/00000000000000000001.json; isDirectory=false; length=6534; replication=1; blocksize=33554432; modification_time=1779118933421; access_time=0; owner=spark; group=spark; permission=rw-rw-rw-; isSymlink=false; hasAcl=false; isEncrypted=true; isErasureCoded=false} isEmptyDirectory=FALSE eTag="12e73076721d9b91785d3f2f712039e1" versionId=null, S3AFileStatus{path=s3a://lakehouse/benchmark/bronze/20260518T154052Z/low/started/_delta_log/00000000000000000002.json; isDirectory=false; length=5042; replication=1; blocksize=33554432; modification_time=1779118941417; access_time=0; owner=spark; group=spark; permission=rw-rw-rw-; isSymlink=false; hasAcl=false; isEncrypted=true; isErasureCoded=false} isEmptyDirectory=FALSE eTag="004bb0d2cb529c0cb5ef31cccea13acb" versionId=null, S3AFileStatus{path=s3a://lakehouse/benchmark/bronze/20260518T154052Z/low/started/_delta_log/00000000000000000003.json; isDirectory=false; length=2049; replication=1; blocksize=33554432; modification_time=1779118947493; access_time=0; owner=spark; group=spark; permission=rw-rw-rw-; isSymlink=false; hasAcl=false; isEncrypted=true; isErasureCoded=false} isEmptyDirectory=FALSE eTag="4dde2cedc8395ede38ef68ba9cfeff06" versionId=null, S3AFileStatus{path=s3a://lakehouse/benchmark/bronze/20260518T154052Z/low/started/_delta_log/00000000000000000004.json; isDirectory=false; length=2047; replication=1; blocksize=33554432; modification_time=1779118954294; access_time=0; owner=spark; group=spark; permission=rw-rw-rw-; isSymlink=false; hasAcl=false; isEncrypted=true; isErasureCoded=false} isEmptyDirectory=FALSE eTag="a8d058311c0896a53735c0ae32fc5205" versionId=null, S3AFileStatus{path=s3a://lakehouse/benchmark/bronze/20260518T154052Z/low/started/_delta_log/00000000000000000005.json; isDirectory=false; length=9531; replication=1; blocksize=33554432; modification_time=1779118966713; access_time=0; owner=spark; group=spark; permission=rw-rw-rw-; isSymlink=false; hasAcl=false; isEncrypted=true; isErasureCoded=false} isEmptyDirectory=FALSE eTag="93c2265fced70e236e295a97e87c5928" versionId=null, S3AFileStatus{path=s3a://lakehouse/benchmark/bronze/20260518T154052Z/low/started/_delta_log/00000000000000000006.json; isDirectory=false; length=5043; replication=1; blocksize=33554432; modification_time=1779118974000; access_time=0; owner=spark; group=spark; permission=rw-rw-rw-; isSymlink=false; hasAcl=false; isEncrypted=true; isErasureCoded=false} isEmptyDirectory=FALSE eTag="e0ad10d04aaa4f5967d61602789083bf" versionId=null),org.apache.spark.sql.delta.EmptyCheckpointProvider$@664c2564,1779118974000), checksumOpt=Some(VersionChecksum(Some(d0d6b1e4-439b-4c66-82b3-771784bb014e),181602,24,None,None,1,1,None,Some(List(SetTransaction(4c71fffa-098f-430a-acdb-8cf33542b27e,6,Some(1779118974905)))),Some(List()),Metadata(e54c2914-4281-4b97-a14f-d4cd8e512b01,null,null,Format(parquet,Map()),{"type":"struct","fields":[{"name":"event_id","type":"string","nullable":true,"metadata":{}},{"name":"event_type","type":"string","nullable":true,"metadata":{}},{"name":"schema_version","type":"string","nullable":true,"metadata":{}},{"name":"trip_id","type":"string","nullable":true,"metadata":{}},{"name":"source_file","type":"string","nullable":true,"metadata":{}},{"name":"ingest_mode","type":"string","nullable":true,"metadata":{}},{"name":"ingest_timestamp","type":"timestamp","nullable":true,"metadata":{}},{"name":"event_time","type":"timestamp","nullable":true,"metadata":{}},{"name":"trip_date","type":"string","nullable":true,"metadata":{}},{"name":"vendor_id","type":"integer","nullable":true,"metadata":{}},{"name":"pickup_datetime","type":"timestamp","nullable":true,"metadata":{}},{"name":"passenger_count","type":"long","nullable":true,"metadata":{}},{"name":"pulocation_id","type":"integer","nullable":true,"metadata":{}},{"name":"dolocation_id","type":"integer","nullable":true,"metadata":{}}]},List(),Map(),Some(1779118886752)),Protocol(1,2),None,None,Some(List(AddFile(part-00000-08aad25c-9cc6-4b91-9c29-ef1ada60ea60-c000.snappy.parquet,Map(),16483,1779118902000,false,{"numRecords":73,"minValues":{"event_id":"0212d8086261a2018cb807d1a4d7a46b","event_type":"trip_started","schema_version":"2.0","trip_id":"031b404c98f442710d2269c0a06824fd","source_file":"yellow_tripdata_2024-09.parquet","ingest_mode":"streaming","ingest_timestamp":"2026-05-18T15:30:18.343Z","event_time":"2024-08-31T23:16:36.000Z","trip_date":"2024-08-31","vendor_id":1,"pickup_datetime":"2024-08-31T23:16:36.000Z","passenger_count":1,"pulocation_id":41,"dolocation_id":15},"maxValues":{"event_id":"febc668d372ab0492f5c4e7165b45be2","event_type":"trip_started","schema_version":"2.0","trip_id":"f8cfd09088ab01f1042a890d127bfcca","source_file":"yellow_tripdata_2024-09.parquet","ingest_mode":"streaming","ingest_timestamp":"2026-05-18T15:41:12.372Z","event_time":"2024-09-01T00:03:44.000Z","trip_date":"2024-09-01","vendor_id":2,"pickup_datetime":"2024-09-01T00:03:44.000Z","passenger_count":5,"pulocation_id":249,"dolocation_id":265},"nullCount":{"event_id":0,"event_type":0,"schema_version":0,"trip_id":0,"source_file":0,"ingest_mode":0,"ingest_timestamp":0,"event_time":0,"trip_date":0,"vendor_id":0,"pickup_datetime":0,"passenger_count":7,"pulocation_id":0,"dolocation_id":0}},null,null,None,None,None), AddFile(part-00002-204c9462-febd-4a6e-9fc5-d2cff48b0fab-c000.snappy.parquet,Map(),5290,1779118941000,false,{"numRecords":2,"minValues":{"event_id":"7094784f7b964147a344562f3c700452","event_type":"trip_started","schema_version":"2.0","trip_id":"49abd9d6c1136369978e031c3defd4dd","source_file":"yellow_tripdata_2024-09.parquet","ingest_mode":"streaming","ingest_timestamp":"2026-05-18T15:42:09.576Z","event_time":"2024-08-31T23:54:28.000Z","trip_date":"2024-08-31","vendor_id":2,"pickup_datetime":"2024-08-31T23:54:28.000Z","passenger_count":1,"pulocation_id":138,"dolocation_id":129},"maxValues":{"event_id":"a33916c25654965d32f61be210f37d0f","event_type":"trip_started","schema_version":"2.0","trip_id":"87e7c11c9799f63c59e672e1b144842e","source_file":"yellow_tripdata_2024-09.parquet","ingest_mode":"streaming","ingest_timestamp":"2026-05-18T15:42:11.576Z","event_time":"2024-08-31T23:54:38.000Z","trip_date":"2024-08-31","vendor_id":2,"pickup_datetime":"2024-08-31T23:54:38.000Z","passenger_count":2,"pulocation_id":230,"dolocation_id":162},"nullCount":{"event_id":0,"event_type":0,"schema_version":0,"trip_id":0,"source_file":0,"ingest_mode":0,"ingest_timestamp":0,"event_time":0,"trip_date":0,"vendor_id":0,"pickup_datetime":0,"passenger_count":0,"pulocation_id":0,"dolocation_id":0}},null,null,None,None,None), AddFile(part-00001-3e08f1a9-004f-4148-96c2-ce39df27dafa-c000.snappy.parquet,Map(),5324,1779118932000,false,{"numRecords":1,"minValues":{"event_id":"49fd4523f0edf3af6db90b980f85b44b","event_type":"trip_started","schema_version":"2.0","trip_id":"a81a5f72bed880eb1011e846ec08a7b3","source_file":"yellow_tripdata_2024-09.parquet","ingest_mode":"streaming","ingest_timestamp":"2026-05-18T15:41:32.373Z","event_time":"2024-08-31T23:45:56.000Z","trip_date":"2024-08-31","vendor_id":2,"pickup_datetime":"2024-08-31T23:45:56.000Z","passenger_count":1,"pulocation_id":24,"dolocation_id":24},"maxValues":{"event_id":"49fd4523f0edf3af6db90b980f85b44b","event_type":"trip_started","schema_version":"2.0","trip_id":"a81a5f72bed880eb1011e846ec08a7b3","source_file":"yellow_tripdata_2024-09.parquet","ingest_mode":"streaming","ingest_timestamp":"2026-05-18T15:41:32.373Z","event_time":"2024-08-31T23:45:56.000Z","trip_date":"2024-08-31","vendor_id":2,"pickup_datetime":"2024-08-31T23:45:56.000Z","passenger_count":1,"pulocation_id":24,"dolocation_id":24},"nullCount":{"event_id":0,"event_type":0,"schema_version":0,"trip_id":0,"source_file":0,"ingest_mode":0,"ingest_timestamp":0,"event_time":0,"trip_date":0,"vendor_id":0,"pickup_datetime":0,"passenger_count":0,"pulocation_id":0,"dolocation_id":0}},null,null,None,None,None), AddFile(part-00002-d9b630b8-3fe6-47f4-bef5-e312d5875278-c000.snappy.parquet,Map(),15373,1779118905000,false,{"numRecords":67,"minValues":{"event_id":"011a460cb5a25c4ee561b11bfa14604d","event_type":"trip_started","schema_version":"2.0","trip_id":"02a39a8e328190af69190a907699ab05","source_file":"yellow_tripdata_2024-09.parquet","ingest_mode":"streaming","ingest_timestamp":"2026-05-18T15:30:23.343Z","event_time":"2024-08-31T23:31:22.000Z","trip_date":"2024-08-31","vendor_id":1,"pickup_datetime":"2024-08-31T23:31:22.000Z","passenger_count":0,"pulocation_id":24,"dolocation_id":7},"maxValues":{"event_id":"fb8fb0226b979d486aa1fe15bcadfd02","event_type":"trip_started","schema_version":"2.0","trip_id":"ff8ff4056149324b8cb6441936211b7a","source_file":"yellow_tripdata_2024-09.parquet","ingest_mode":"streaming","ingest_timestamp":"2026-05-18T15:41:17.372Z","event_time":"2024-09-01T00:03:44.000Z","trip_date":"2024-09-01","vendor_id":2,"pickup_datetime":"2024-09-01T00:03:44.000Z","passenger_count":6,"pulocation_id":265,"dolocation_id":265},"nullCount":{"event_id":0,"event_type":0,"schema_version":0,"trip_id":0,"source_file":0,"ingest_mode":0,"ingest_timestamp":0,"event_time":0,"trip_date":0,"vendor_id":0,"pickup_datetime":0,"passenger_count":7,"pulocation_id":0,"dolocation_id":0}},null,null,None,None,None), AddFile(part-00004-241ad319-170b-4986-bd7a-42bf803f4dad-c000.snappy.parquet,Map(),5316,1779118966000,false,{"numRecords":2,"minValues":{"event_id":"774a4965f71ecd05c290d6232c408080","event_type":"trip_started","schema_version":"2.0","trip_id":"73d47bd6dfc2992a06e6a9fb0bf878e9","source_file":"yellow_tripdata_2024-09.parquet","ingest_mode":"streaming","ingest_timestamp":"2026-05-18T15:42:37.779Z","event_time":"2024-08-31T23:57:46.000Z","trip_date":"2024-08-31","vendor_id":2,"pickup_datetime":"2024-08-31T23:57:46.000Z","passenger_count":1,"pulocation_id":132,"dolocation_id":42},"maxValues":{"event_id":"b8e691563f2dfaef2445c78ae1d904bb","event_type":"trip_started","schema_version":"2.0","trip_id":"e1260a639e2d981b4b178df809b28dab","source_file":"yellow_tripdata_2024-09.parquet","ingest_mode":"streaming","ingest_timestamp":"2026-05-18T15:42:38.980Z","event_time":"2024-08-31T23:57:52.000Z","trip_date":"2024-08-31","vendor_id":2,"pickup_datetime":"2024-08-31T23:57:52.000Z","passenger_count":1,"pulocation_id":144,"dolocation_id":68},"nullCount":{"event_id":0,"event_type":0,"schema_version":0,"trip_id":0,"source_file":0,"ingest_mode":0,"ingest_timestamp":0,"event_time":0,"trip_date":0,"vendor_id":0,"pickup_datetime":0,"passenger_count":0,"pulocation_id":0,"dolocation_id":0}},null,null,None,None,None), AddFile(part-00003-40e0630d-6fe9-4e39-9602-a33736b745ca-c000.snappy.parquet,Map(),5316,1779118933000,false,{"numRecords":2,"minValues":{"event_id":"3a11c04f3f86a8a2ed90c5835f8fcb0c","event_type":"trip_started","schema_version":"2.0","trip_id":"5ea4134ac6f17edb7f639fc94f24acac","source_file":"yellow_tripdata_2024-09.parquet","ingest_mode":"streaming","ingest_timestamp":"2026-05-18T15:41:27.373Z","event_time":"2024-08-31T23:41:24.000Z","trip_date":"2024-08-31","vendor_id":2,"pickup_datetime":"2024-08-31T23:41:24.000Z","passenger_count":1,"pulocation_id":100,"dolocation_id":42},"maxValues":{"event_id":"810ea42e4364ec7ab0e87ebf0400ae41","event_type":"trip_started","schema_version":"2.0","trip_id":"72cf0cd11b66424f5d72b72df8a87924","source_file":"yellow_tripdata_2024-09.parquet","ingest_mode":"streaming","ingest_timestamp":"2026-05-18T15:41:44.574Z","event_time":"2024-08-31T23:47:25.000Z","trip_date":"2024-08-31","vendor_id":2,"pickup_datetime":"2024-08-31T23:47:25.000Z","passenger_count":1,"pulocation_id":230,"dolocation_id":100},"nullCount":{"event_id":0,"event_type":0,"schema_version":0,"trip_id":0,"source_file":0,"ingest_mode":0,"ingest_timestamp":0,"event_time":0,"trip_date":0,"vendor_id":0,"pickup_datetime":0,"passenger_count":0,"pulocation_id":0,"dolocation_id":0}},null,null,None,None,None), AddFile(part-00002-3b8de384-5e1a-428a-8ca1-d65f16283a11-c000.snappy.parquet,Map(),5325,1779118964000,false,{"numRecords":1,"minValues":{"event_id":"44fb76f3cf2c68976837b514cd9e5b06","event_type":"trip_started","schema_version":"2.0","trip_id":"7e2ce3bdf357ffda0236e3d816e277f1","source_file":"yellow_tripdata_2024-09.parquet","ingest_mode":"streaming","ingest_timestamp":"2026-05-18T15:42:39.980Z","event_time":"2024-08-31T23:57:57.000Z","trip_date":"2024-08-31","vendor_id":2,"pickup_datetime":"2024-08-31T23:57:57.000Z","passenger_count":5,"pulocation_id":132,"dolocation_id":42},"maxValues":{"event_id":"44fb76f3cf2c68976837b514cd9e5b06","event_type":"trip_started","schema_version":"2.0","trip_id":"7e2ce3bdf357ffda0236e3d816e277f1","source_file":"yellow_tripdata_2024-09.parquet","ingest_mode":"streaming","ingest_timestamp":"2026-05-18T15:42:39.980Z","event_time":"2024-08-31T23:57:57.000Z","trip_date":"2024-08-31","vendor_id":2,"pickup_datetime":"2024-08-31T23:57:57.000Z","passenger_count":5,"pulocation_id":132,"dolocation_id":42},"nullCount":{"event_id":0,"event_type":0,"schema_version":0,"trip_id":0,"source_file":0,"ingest_mode":0,"ingest_timestamp":0,"event_time":0,"trip_date":0,"vendor_id":0,"pickup_datetime":0,"passenger_count":0,"pulocation_id":0,"dolocation_id":0}},null,null,None,None,None), AddFile(part-00001-15e62d34-1cb7-4e48-afd5-30601fa3f01e-c000.snappy.parquet,Map(),5325,1779118940000,false,{"numRecords":1,"minValues":{"event_id":"b395c7a81f12a58f58489f623d958178","event_type":"trip_started","schema_version":"2.0","trip_id":"133e7d3180d10215019a7d0e6e3cc052","source_file":"yellow_tripdata_2024-09.parquet","ingest_mode":"streaming","ingest_timestamp":"2026-05-18T15:41:59.575Z","event_time":"2024-08-31T23:49:47.000Z","trip_date":"2024-08-31","vendor_id":2,"pickup_datetime":"2024-08-31T23:49:47.000Z","passenger_count":1,"pulocation_id":79,"dolocation_id":211},"maxValues":{"event_id":"b395c7a81f12a58f58489f623d958178","event_type":"trip_started","schema_version":"2.0","trip_id":"133e7d3180d10215019a7d0e6e3cc052","source_file":"yellow_tripdata_2024-09.parquet","ingest_mode":"streaming","ingest_timestamp":"2026-05-18T15:41:59.575Z","event_time":"2024-08-31T23:49:47.000Z","trip_date":"2024-08-31","vendor_id":2,"pickup_datetime":"2024-08-31T23:49:47.000Z","passenger_count":1,"pulocation_id":79,"dolocation_id":211},"nullCount":{"event_id":0,"event_type":0,"schema_version":0,"trip_id":0,"source_file":0,"ingest_mode":0,"ingest_timestamp":0,"event_time":0,"trip_date":0,"vendor_id":0,"pickup_datetime":0,"passenger_count":0,"pulocation_id":0,"dolocation_id":0}},null,null,None,None,None), AddFile(part-00001-4e446a00-ef77-4c3a-a4c9-f0ace7d031ca-c000.snappy.parquet,Map(),5323,1779118974000,false,{"numRecords":1,"minValues":{"event_id":"e186b6a8000447b2ed7dd63912cf76fc","event_type":"trip_started","schema_version":"2.0","trip_id":"9cbf69af6806f615864c3a61a7d01ec8","source_file":"yellow_tripdata_2024-09.parquet","ingest_mode":"streaming","ingest_timestamp":"2026-05-18T15:42:48.381Z","event_time":"2024-08-31T23:58:45.000Z","trip_date":"2024-08-31","vendor_id":2,"pickup_datetime":"2024-08-31T23:58:45.000Z","passenger_count":1,"pulocation_id":230,"dolocation_id":68},"maxValues":{"event_id":"e186b6a8000447b2ed7dd63912cf76fc","event_type":"trip_started","schema_version":"2.0","trip_id":"9cbf69af6806f615864c3a61a7d01ec8","source_file":"yellow_tripdata_2024-09.parquet","ingest_mode":"streaming","ingest_timestamp":"2026-05-18T15:42:48.381Z","event_time":"2024-08-31T23:58:45.000Z","trip_date":"2024-08-31","vendor_id":2,"pickup_datetime":"2024-08-31T23:58:45.000Z","passenger_count":1,"pulocation_id":230,"dolocation_id":68},"nullCount":{"event_id":0,"event_type":0,"schema_version":0,"trip_id":0,"source_file":0,"ingest_mode":0,"ingest_timestamp":0,"event_time":0,"trip_date":0,"vendor_id":0,"pickup_datetime":0,"passenger_count":0,"pulocation_id":0,"dolocation_id":0}},null,null,None,None,None), AddFile(part-00002-01e21c50-1503-4e9a-908e-ba94f9612d80-c000.snappy.parquet,Map(),5653,1779118974000,false,{"numRecords":4,"minValues":{"event_id":"0bb0ad573093e4becf13d07904ea4e15","event_type":"trip_started","schema_version":"2.0","trip_id":"0120e476f55aa6883a3e15a7e9ddafa4","source_file":"yellow_tripdata_2024-09.parquet","ingest_mode":"streaming","ingest_timestamp":"2026-05-18T15:42:40.780Z","event_time":"2024-08-31T23:58:01.000Z","trip_date":"2024-08-31","vendor_id":2,"pickup_datetime":"2024-08-31T23:58:01.000Z","passenger_count":1,"pulocation_id":132,"dolocation_id":79},"maxValues":{"event_id":"e5bb34fae112d2e936f244b4c17cfccd","event_type":"trip_started","schema_version":"2.0","trip_id":"dd31cf4442f4da47b9947196d4e69fbe","source_file":"yellow_tripdata_2024-09.parquet","ingest_mode":"streaming","ingest_timestamp":"2026-05-18T15:42:49.982Z","event_time":"2024-08-31T23:58:53.000Z","trip_date":"2024-08-31","vendor_id":2,"pickup_datetime":"2024-08-31T23:58:53.000Z","passenger_count":1,"pulocation_id":229,"dolocation_id":235},"nullCount":{"event_id":0,"event_type":0,"schema_version":0,"trip_id":0,"source_file":0,"ingest_mode":0,"ingest_timestamp":0,"event_time":0,"trip_date":0,"vendor_id":0,"pickup_datetime":0,"passenger_count":0,"pulocation_id":0,"dolocation_id":0}},null,null,None,None,None), AddFile(part-00001-722cc79d-c36b-4e05-9f21-8ae8f9088985-c000.snappy.parquet,Map(),5323,1779118964000,false,{"numRecords":1,"minValues":{"event_id":"fc777a5f3c65c6d093b9336703c5e846","event_type":"trip_started","schema_version":"2.0","trip_id":"05e3ef49c6dc890678d47a49711febe6","source_file":"yellow_tripdata_2024-09.parquet","ingest_mode":"streaming","ingest_timestamp":"2026-05-18T15:42:30.578Z","event_time":"2024-08-31T23:57:10.000Z","trip_date":"2024-08-31","vendor_id":2,"pickup_datetime":"2024-08-31T23:57:10.000Z","passenger_count":1,"pulocation_id":141,"dolocation_id":239},"maxValues":{"event_id":"fc777a5f3c65c6d093b9336703c5e846","event_type":"trip_started","schema_version":"2.0","trip_id":"05e3ef49c6dc890678d47a49711febe6","source_file":"yellow_tripdata_2024-09.parquet","ingest_mode":"streaming","ingest_timestamp":"2026-05-18T15:42:30.578Z","event_time":"2024-08-31T23:57:10.000Z","trip_date":"2024-08-31","vendor_id":2,"pickup_datetime":"2024-08-31T23:57:10.000Z","passenger_count":1,"pulocation_id":141,"dolocation_id":239},"nullCount":{"event_id":0,"event_type":0,"schema_version":0,"trip_id":0,"source_file":0,"ingest_mode":0,"ingest_timestamp":0,"event_time":0,"trip_date":0,"vendor_id":0,"pickup_datetime":0,"passenger_count":0,"pulocation_id":0,"dolocation_id":0}},null,null,None,None,None), AddFile(part-00005-56447017-32c5-4b7e-b9ab-d59860935c92-c000.snappy.parquet,Map(),13745,1779118908000,false,{"numRecords":58,"minValues":{"event_id":"1455410b53ba26496dd8268d814efb0d","event_type":"trip_started","schema_version":"2.0","trip_id":"055d4dc21a238c32a1173721d4ca04f8","source_file":"yellow_tripdata_2024-09.parquet","ingest_mode":"streaming","ingest_timestamp":"2026-05-18T15:30:33.344Z","event_time":"2024-08-31T23:41:24.000Z","trip_date":"2024-08-31","vendor_id":1,"pickup_datetime":"2024-08-31T23:41:24.000Z","passenger_count":1,"pulocation_id":4,"dolocation_id":13},"maxValues":{"event_id":"fc33a45f23b40ebd214e1bfc68a49bcb","event_type":"trip_started","schema_version":"2.0","trip_id":"fe2349c4e6416804cff94b8f71437d80","source_file":"yellow_tripdata_2024-09.parquet","ingest_mode":"streaming","ingest_timestamp":"2026-05-18T15:39:01.111Z","event_time":"2024-09-01T00:03:38.000Z","trip_date":"2024-09-01","vendor_id":2,"pickup_datetime":"2024-09-01T00:03:38.000Z","passenger_count":5,"pulocation_id":263,"dolocation_id":261},"nullCount":{"event_id":0,"event_type":0,"schema_version":0,"trip_id":0,"source_file":0,"ingest_mode":0,"ingest_timestamp":0,"event_time":0,"trip_date":0,"vendor_id":0,"pickup_datetime":0,"passenger_count":7,"pulocation_id":0,"dolocation_id":0}},null,null,None,None,None), AddFile(part-00000-04a2f022-e88e-4fb8-842d-03ac20cee535-c000.snappy.parquet,Map(),5324,1779118947000,false,{"numRecords":1,"minValues":{"event_id":"52352c98a72028429aa0529967846b38","event_type":"trip_started","schema_version":"2.0","trip_id":"d5f457d09a3953154558bb47240e0cb4","source_file":"yellow_tripdata_2024-09.parquet","ingest_mode":"streaming","ingest_timestamp":"2026-05-18T15:42:17.777Z","event_time":"2024-08-31T23:55:17.000Z","trip_date":"2024-08-31","vendor_id":2,"pickup_datetime":"2024-08-31T23:55:17.000Z","passenger_count":5,"pulocation_id":93,"dolocation_id":141},"maxValues":{"event_id":"52352c98a72028429aa0529967846b38","event_type":"trip_started","schema_version":"2.0","trip_id":"d5f457d09a3953154558bb47240e0cb4","source_file":"yellow_tripdata_2024-09.parquet","ingest_mode":"streaming","ingest_timestamp":"2026-05-18T15:42:17.777Z","event_time":"2024-08-31T23:55:17.000Z","trip_date":"2024-08-31","vendor_id":2,"pickup_datetime":"2024-08-31T23:55:17.000Z","passenger_count":5,"pulocation_id":93,"dolocation_id":141},"nullCount":{"event_id":0,"event_type":0,"schema_version":0,"trip_id":0,"source_file":0,"ingest_mode":0,"ingest_timestamp":0,"event_time":0,"trip_date":0,"vendor_id":0,"pickup_datetime":0,"passenger_count":0,"pulocation_id":0,"dolocation_id":0}},null,null,None,None,None), AddFile(part-00000-004a8b18-df32-4f9d-bb39-82367f410cff-c000.snappy.parquet,Map(),5324,1779118963000,false,{"numRecords":1,"minValues":{"event_id":"6b665828c688b1ad5db23bad056be6f6","event_type":"trip_started","schema_version":"2.0","trip_id":"295e6648f1a483a7ce32bdd362f4fff8","source_file":"yellow_tripdata_2024-09.parquet","ingest_mode":"streaming","ingest_timestamp":"2026-05-18T15:42:37.579Z","event_time":"2024-08-31T23:57:45.000Z","trip_date":"2024-08-31","vendor_id":2,"pickup_datetime":"2024-08-31T23:57:45.000Z","passenger_count":1,"pulocation_id":239,"dolocation_id":151},"maxValues":{"event_id":"6b665828c688b1ad5db23bad056be6f6","event_type":"trip_started","schema_version":"2.0","trip_id":"295e6648f1a483a7ce32bdd362f4fff8","source_file":"yellow_tripdata_2024-09.parquet","ingest_mode":"streaming","ingest_timestamp":"2026-05-18T15:42:37.579Z","event_time":"2024-08-31T23:57:45.000Z","trip_date":"2024-08-31","vendor_id":2,"pickup_datetime":"2024-08-31T23:57:45.000Z","passenger_count":1,"pulocation_id":239,"dolocation_id":151},"nullCount":{"event_id":0,"event_type":0,"schema_version":0,"trip_id":0,"source_file":0,"ingest_mode":0,"ingest_timestamp":0,"event_time":0,"trip_date":0,"vendor_id":0,"pickup_datetime":0,"passenger_count":0,"pulocation_id":0,"dolocation_id":0}},null,null,None,None,None), AddFile(part-00003-0a291636-3d7f-4d43-9267-ff3d77a5fa70-c000.snappy.parquet,Map(),5325,1779118965000,false,{"numRecords":1,"minValues":{"event_id":"564163f7865a9c548a07bfdfe6922441","event_type":"trip_started","schema_version":"2.0","trip_id":"c07b4c728c34e12d73873c5b97478810","source_file":"yellow_tripdata_2024-09.parquet","ingest_mode":"streaming","ingest_timestamp":"2026-05-18T15:42:32.978Z","event_time":"2024-08-31T23:57:22.000Z","trip_date":"2024-08-31","vendor_id":2,"pickup_datetime":"2024-08-31T23:57:22.000Z","passenger_count":1,"pulocation_id":79,"dolocation_id":142},"maxValues":{"event_id":"564163f7865a9c548a07bfdfe6922441","event_type":"trip_started","schema_version":"2.0","trip_id":"c07b4c728c34e12d73873c5b97478810","source_file":"yellow_tripdata_2024-09.parquet","ingest_mode":"streaming","ingest_timestamp":"2026-05-18T15:42:32.978Z","event_time":"2024-08-31T23:57:22.000Z","trip_date":"2024-08-31","vendor_id":2,"pickup_datetime":"2024-08-31T23:57:22.000Z","passenger_count":1,"pulocation_id":79,"dolocation_id":142},"nullCount":{"event_id":0,"event_type":0,"schema_version":0,"trip_id":0,"source_file":0,"ingest_mode":0,"ingest_timestamp":0,"event_time":0,"trip_date":0,"vendor_id":0,"pickup_datetime":0,"passenger_count":0,"pulocation_id":0,"dolocation_id":0}},null,null,None,None,None), AddFile(part-00005-6fdc4404-90d1-4684-aef0-1e0957ea57b7-c000.snappy.parquet,Map(),5325,1779118966000,false,{"numRecords":1,"minValues":{"event_id":"d49ab84f6c7fe5e07947fcae3153c1f8","event_type":"trip_started","schema_version":"2.0","trip_id":"ef253bac2c5b9360c747b8ca1b7d7ab7","source_file":"yellow_tripdata_2024-09.parquet","ingest_mode":"streaming","ingest_timestamp":"2026-05-18T15:42:34.979Z","event_time":"2024-08-31T23:57:32.000Z","trip_date":"2024-08-31","vendor_id":2,"pickup_datetime":"2024-08-31T23:57:32.000Z","passenger_count":5,"pulocation_id":161,"dolocation_id":230},"maxValues":{"event_id":"d49ab84f6c7fe5e07947fcae3153c1f8","event_type":"trip_started","schema_version":"2.0","trip_id":"ef253bac2c5b9360c747b8ca1b7d7ab7","source_file":"yellow_tripdata_2024-09.parquet","ingest_mode":"streaming","ingest_timestamp":"2026-05-18T15:42:34.979Z","event_time":"2024-08-31T23:57:32.000Z","trip_date":"2024-08-31","vendor_id":2,"pickup_datetime":"2024-08-31T23:57:32.000Z","passenger_count":5,"pulocation_id":161,"dolocation_id":230},"nullCount":{"event_id":0,"event_type":0,"schema_version":0,"trip_id":0,"source_file":0,"ingest_mode":0,"ingest_timestamp":0,"event_time":0,"trip_date":0,"vendor_id":0,"pickup_datetime":0,"passenger_count":0,"pulocation_id":0,"dolocation_id":0}},null,null,None,None,None), AddFile(part-00000-beaa7485-6c72-4622-b407-4ad4b6e10b2e-c000.snappy.parquet,Map(),5325,1779118954000,false,{"numRecords":1,"minValues":{"event_id":"654539c39ceb4cbe902edee99605921c","event_type":"trip_started","schema_version":"2.0","trip_id":"696e7f1d0beb89f1c18c5da6c65ad872","source_file":"yellow_tripdata_2024-09.parquet","ingest_mode":"streaming","ingest_timestamp":"2026-05-18T15:42:22.777Z","event_time":"2024-08-31T23:56:31.000Z","trip_date":"2024-08-31","vendor_id":2,"pickup_datetime":"2024-08-31T23:56:31.000Z","passenger_count":2,"pulocation_id":170,"dolocation_id":7},"maxValues":{"event_id":"654539c39ceb4cbe902edee99605921c","event_type":"trip_started","schema_version":"2.0","trip_id":"696e7f1d0beb89f1c18c5da6c65ad872","source_file":"yellow_tripdata_2024-09.parquet","ingest_mode":"streaming","ingest_timestamp":"2026-05-18T15:42:22.777Z","event_time":"2024-08-31T23:56:31.000Z","trip_date":"2024-08-31","vendor_id":2,"pickup_datetime":"2024-08-31T23:56:31.000Z","passenger_count":2,"pulocation_id":170,"dolocation_id":7},"nullCount":{"event_id":0,"event_type":0,"schema_version":0,"trip_id":0,"source_file":0,"ingest_mode":0,"ingest_timestamp":0,"event_time":0,"trip_date":0,"vendor_id":0,"pickup_datetime":0,"passenger_count":0,"pulocation_id":0,"dolocation_id":0}},null,null,None,None,None), AddFile(part-00000-ac8a9b1d-58d7-4719-9e76-5f8fbe428c56-c000.snappy.parquet,Map(),5289,1779118932000,false,{"numRecords":2,"minValues":{"event_id":"0e42e0a8ff68c0593e5f62fe564cc867","event_type":"trip_started","schema_version":"2.0","trip_id":"74cc4dc0356999a5051ffc06fe590ba0","source_file":"yellow_tripdata_2024-09.parquet","ingest_mode":"streaming","ingest_timestamp":"2026-05-18T15:41:32.373Z","event_time":"2024-08-31T23:45:56.000Z","trip_date":"2024-08-31","vendor_id":2,"pickup_datetime":"2024-08-31T23:45:56.000Z","passenger_count":1,"pulocation_id":24,"dolocation_id":24},"maxValues":{"event_id":"20f272b57abcb77396229a1f4f79d2a6","event_type":"trip_started","schema_version":"2.0","trip_id":"7e4582c034b9714ccbb8b7972ee7452a","source_file":"yellow_tripdata_2024-09.parquet","ingest_mode":"streaming","ingest_timestamp":"2026-05-18T15:41:40.774Z","event_time":"2024-08-31T23:47:06.000Z","trip_date":"2024-08-31","vendor_id":2,"pickup_datetime":"2024-08-31T23:47:06.000Z","passenger_count":6,"pulocation_id":142,"dolocation_id":162},"nullCount":{"event_id":0,"event_type":0,"schema_version":0,"trip_id":0,"source_file":0,"ingest_mode":0,"ingest_timestamp":0,"event_time":0,"trip_date":0,"vendor_id":0,"pickup_datetime":0,"passenger_count":0,"pulocation_id":0,"dolocation_id":0}},null,null,None,None,None), AddFile(part-00002-d9b3fdfd-9a1c-4ba7-bce8-809853fb9b08-c000.snappy.parquet,Map(),5325,1779118933000,false,{"numRecords":1,"minValues":{"event_id":"c2b354f6093db075096dd7d6cd094124","event_type":"trip_started","schema_version":"2.0","trip_id":"2e493edb13c1adcaf6af648c66c05d11","source_file":"yellow_tripdata_2024-09.parquet","ingest_mode":"streaming","ingest_timestamp":"2026-05-18T15:41:49.575Z","event_time":"2024-08-31T23:48:15.000Z","trip_date":"2024-08-31","vendor_id":2,"pickup_datetime":"2024-08-31T23:48:15.000Z","passenger_count":1,"pulocation_id":87,"dolocation_id":232},"maxValues":{"event_id":"c2b354f6093db075096dd7d6cd094124","event_type":"trip_started","schema_version":"2.0","trip_id":"2e493edb13c1adcaf6af648c66c05d11","source_file":"yellow_tripdata_2024-09.parquet","ingest_mode":"streaming","ingest_timestamp":"2026-05-18T15:41:49.575Z","event_time":"2024-08-31T23:48:15.000Z","trip_date":"2024-08-31","vendor_id":2,"pickup_datetime":"2024-08-31T23:48:15.000Z","passenger_count":1,"pulocation_id":87,"dolocation_id":232},"nullCount":{"event_id":0,"event_type":0,"schema_version":0,"trip_id":0,"source_file":0,"ingest_mode":0,"ingest_timestamp":0,"event_time":0,"trip_date":0,"vendor_id":0,"pickup_datetime":0,"passenger_count":0,"pulocation_id":0,"dolocation_id":0}},null,null,None,None,None), AddFile(part-00001-25597aa3-37ba-4ada-a57e-d65085251b3f-c000.snappy.parquet,Map(),10884,1779118904000,false,{"numRecords":36,"minValues":{"event_id":"00bb01354109838b627c857eebe80dc2","event_type":"trip_started","schema_version":"2.0","trip_id":"0151b1434bda3c8918caec4e7800368d","source_file":"yellow_tripdata_2024-09.parquet","ingest_mode":"streaming","ingest_timestamp":"2026-05-18T15:31:05.546Z","event_time":"2024-08-31T23:49:47.000Z","trip_date":"2024-08-31","vendor_id":1,"pickup_datetime":"2024-08-31T23:49:47.000Z","passenger_count":0,"pulocation_id":68,"dolocation_id":45},"maxValues":{"event_id":"fc777a5f3c65c6d093b9336703c5e846","event_type":"trip_started","schema_version":"2.0","trip_id":"febc1b1d83b45aebc128b44d8bf1e48d","source_file":"yellow_tripdata_2024-09.parquet","ingest_mode":"streaming","ingest_timestamp":"2026-05-18T15:38:55.109Z","event_time":"2024-09-01T00:03:32.000Z","trip_date":"2024-09-01","vendor_id":2,"pickup_datetime":"2024-09-01T00:03:32.000Z","passenger_count":5,"pulocation_id":263,"dolocation_id":265},"nullCount":{"event_id":0,"event_type":0,"schema_version":0,"trip_id":0,"source_file":0,"ingest_mode":0,"ingest_timestamp":0,"event_time":0,"trip_date":0,"vendor_id":0,"pickup_datetime":0,"passenger_count":3,"pulocation_id":0,"dolocation_id":0}},null,null,None,None,None), AddFile(part-00000-354a8d2e-7fe2-4583-a46c-fa6563c44f3f-c000.snappy.parquet,Map(),5314,1779118940000,false,{"numRecords":2,"minValues":{"event_id":"14702b58b8c37db8b2b50034899fc9c7","event_type":"trip_started","schema_version":"2.0","trip_id":"2c7293107d5369aafe0b0f664a64c1e4","source_file":"yellow_tripdata_2024-09.parquet","ingest_mode":"streaming","ingest_timestamp":"2026-05-18T15:42:04.576Z","event_time":"2024-08-31T23:53:06.000Z","trip_date":"2024-08-31","vendor_id":2,"pickup_datetime":"2024-08-31T23:53:06.000Z","passenger_count":1,"pulocation_id":48,"dolocation_id":48},"maxValues":{"event_id":"53de4f6d29a18ae8c5ee21ff0b51e6dd","event_type":"trip_started","schema_version":"2.0","trip_id":"2c83a9caa91b8b0fc7bb449a3e93bc05","source_file":"yellow_tripdata_2024-09.parquet","ingest_mode":"streaming","ingest_timestamp":"2026-05-18T15:42:12.777Z","event_time":"2024-08-31T23:54:44.000Z","trip_date":"2024-08-31","vendor_id":2,"pickup_datetime":"2024-08-31T23:54:44.000Z","passenger_count":1,"pulocation_id":231,"dolocation_id":231},"nullCount":{"event_id":0,"event_type":0,"schema_version":0,"trip_id":0,"source_file":0,"ingest_mode":0,"ingest_timestamp":0,"event_time":0,"trip_date":0,"vendor_id":0,"pickup_datetime":0,"passenger_count":0,"pulocation_id":0,"dolocation_id":0}},null,null,None,None,None), AddFile(part-00004-bf95d00f-7224-4d19-8506-bb804d74ba69-c000.snappy.parquet,Map(),16203,1779118907000,false,{"numRecords":67,"minValues":{"event_id":"00f4412c4abb87a7edb991f16b8e3872","event_type":"trip_started","schema_version":"2.0","trip_id":"0106a3fdc6d124355ddbc3170eb7fa9d","source_file":"yellow_tripdata_2024-09.parquet","ingest_mode":"streaming","ingest_timestamp":"2026-05-18T15:30:55.546Z","event_time":"2024-08-31T23:48:15.000Z","trip_date":"2024-08-31","vendor_id":1,"pickup_datetime":"2024-08-31T23:48:15.000Z","passenger_count":0,"pulocation_id":41,"dolocation_id":4},"maxValues":{"event_id":"ffa973e5c6626d9b56f1d9367abd3987","event_type":"trip_started","schema_version":"2.0","trip_id":"fc82163fbf256ca3108569d8f7fa673b","source_file":"yellow_tripdata_2024-09.parquet","ingest_mode":"streaming","ingest_timestamp":"2026-05-18T15:39:10.112Z","event_time":"2024-09-01T00:03:47.000Z","trip_date":"2024-09-01","vendor_id":2,"pickup_datetime":"2024-09-01T00:03:47.000Z","passenger_count":5,"pulocation_id":255,"dolocation_id":263},"nullCount":{"event_id":0,"event_type":0,"schema_version":0,"trip_id":0,"source_file":0,"ingest_mode":0,"ingest_timestamp":0,"event_time":0,"trip_date":0,"vendor_id":0,"pickup_datetime":0,"passenger_count":12,"pulocation_id":0,"dolocation_id":0}},null,null,None,None,None), AddFile(part-00003-b1b9f1d7-6ad3-4d3d-9129-31eff2c0ca88-c000.snappy.parquet,Map(),12843,1779118906000,false,{"numRecords":51,"minValues":{"event_id":"033a945818d220fae8d0f5ea06aade55","event_type":"trip_started","schema_version":"2.0","trip_id":"007211974f070e6081d820f78a892116","source_file":"yellow_tripdata_2024-09.parquet","ingest_mode":"streaming","ingest_timestamp":"2026-05-18T15:30:08.336Z","event_time":"2024-08-31T22:27:55.000Z","trip_date":"2024-08-31","vendor_id":1,"pickup_datetime":"2024-08-31T22:27:55.000Z","passenger_count":0,"pulocation_id":24,"dolocation_id":7},"maxValues":{"event_id":"f914c4bf2487bb514676e80f0e515e30","event_type":"trip_started","schema_version":"2.0","trip_id":"fd8556cf3a0c0a61eb48a4f6e35a55b5","source_file":"yellow_tripdata_2024-09.parquet","ingest_mode":"streaming","ingest_timestamp":"2026-05-18T15:41:02.366Z","event_time":"2024-09-01T00:03:39.000Z","trip_date":"2024-09-01","vendor_id":2,"pickup_datetime":"2024-09-01T00:03:39.000Z","passenger_count":5,"pulocation_id":249,"dolocation_id":265},"nullCount":{"event_id":0,"event_type":0,"schema_version":0,"trip_id":0,"source_file":0,"ingest_mode":0,"ingest_timestamp":0,"event_time":0,"trip_date":0,"vendor_id":0,"pickup_datetime":0,"passenger_count":11,"pulocation_id":0,"dolocation_id":0}},null,null,None,None,None), AddFile(part-00000-2629bf8d-9be1-4e8c-ac42-807d3fb84277-c000.snappy.parquet,Map(),5325,1779118973000,false,{"numRecords":1,"minValues":{"event_id":"e398c455d213a6dd4cae00ea9b39ff12","event_type":"trip_started","schema_version":"2.0","trip_id":"35987be219c5affe5a6dafbf37ace57a","source_file":"yellow_tripdata_2024-09.parquet","ingest_mode":"streaming","ingest_timestamp":"2026-05-18T15:42:46.381Z","event_time":"2024-08-31T23:58:35.000Z","trip_date":"2024-08-31","vendor_id":2,"pickup_datetime":"2024-08-31T23:58:35.000Z","passenger_count":1,"pulocation_id":164,"dolocation_id":148},"maxValues":{"event_id":"e398c455d213a6dd4cae00ea9b39ff12","event_type":"trip_started","schema_version":"2.0","trip_id":"35987be219c5affe5a6dafbf37ace57a","source_file":"yellow_tripdata_2024-09.parquet","ingest_mode":"streaming","ingest_timestamp":"2026-05-18T15:42:46.381Z","event_time":"2024-08-31T23:58:35.000Z","trip_date":"2024-08-31","vendor_id":2,"pickup_datetime":"2024-08-31T23:58:35.000Z","passenger_count":1,"pulocation_id":164,"dolocation_id":148},"nullCount":{"event_id":0,"event_type":0,"schema_version":0,"trip_id":0,"source_file":0,"ingest_mode":0,"ingest_timestamp":0,"event_time":0,"trip_date":0,"vendor_id":0,"pickup_datetime":0,"passenger_count":0,"pulocation_id":0,"dolocation_id":0}},null,null,None,None,None))))))
26/05/18 15:42:54 INFO MapPartitionsRDD: Removing RDD 117 from persistence list
26/05/18 15:42:54 INFO BlockManager: Removing RDD 117
26/05/18 15:42:54 INFO DeltaLogFileIndex: Created DeltaLogFileIndex(JSON, numFilesInSegment: 7, totalFileSize: 41200)
26/05/18 15:42:54 INFO OptimisticTransaction: [tableId=e54c2914,txnId=d0d6b1e4] Committed delta #6 to s3a://lakehouse/benchmark/bronze/20260518T154052Z/low/started/_delta_log
26/05/18 15:42:54 INFO ChecksumHook: Writing checksum file for table path s3a://lakehouse/benchmark/bronze/20260518T154052Z/low/started/_delta_log version 6
26/05/18 15:42:54 INFO CheckpointFileManager: Writing atomically to s3a://lakehouse/benchmark/bronze/20260518T154052Z/low/started/_delta_log/00000000000000000006.crc using temp file s3a://lakehouse/benchmark/bronze/20260518T154052Z/low/started/_delta_log/.00000000000000000006.crc.437618cb-4a90-4e53-81c4-7d865005a3a8.tmp
26/05/18 15:42:55 INFO CheckpointFileManager: Renamed temp file s3a://lakehouse/benchmark/bronze/20260518T154052Z/low/started/_delta_log/.00000000000000000006.crc.437618cb-4a90-4e53-81c4-7d865005a3a8.tmp to s3a://lakehouse/benchmark/bronze/20260518T154052Z/low/started/_delta_log/00000000000000000006.crc
26/05/18 15:42:55 INFO DeltaSink: Committed transaction, batchId=6, duration=147 ms, added 3 files, removed 0 files.
26/05/18 15:42:55 INFO CheckpointFileManager: Writing atomically to s3a://lakehouse/_checkpoints/benchmark/20260518T154052Z/low/started/commits/6 using temp file s3a://lakehouse/_checkpoints/benchmark/20260518T154052Z/low/started/commits/.6.acd6944d-8c4a-4735-92da-6fd5064fe5fd.tmp
26/05/18 15:42:55 INFO CheckpointFileManager: Renamed temp file s3a://lakehouse/_checkpoints/benchmark/20260518T154052Z/low/started/commits/.6.acd6944d-8c4a-4735-92da-6fd5064fe5fd.tmp to s3a://lakehouse/_checkpoints/benchmark/20260518T154052Z/low/started/commits/6
26/05/18 15:42:55 INFO MicroBatchExecutionContext: Extracting source progress metrics for source=KafkaV2[Subscribe[nyc-taxi-trip-started]] took duration_ms=0
26/05/18 15:42:55 INFO MicroBatchExecutionContext: Extracting sink progress metrics for sink=DeltaSink[s3a://lakehouse/benchmark/bronze/20260518T154052Z/low/started] took duration_ms=0
26/05/18 15:42:55 INFO ProgressReporter: Streaming query made progress: {
  "id" : "4c71fffa-098f-430a-acdb-8cf33542b27e",
  "runId" : "115be754-ecb0-4808-843b-18c4b16f4924",
  "name" : null,
  "timestamp" : "2026-05-18T15:42:50.000Z",
  "batchId" : 6,
  "batchDuration" : 5200,
  "numInputRows" : 6,
  "inputRowsPerSecond" : 0.6,
  "processedRowsPerSecond" : 1.1538461538461537,
  "durationMs" : {
    "addBatch" : 4848,
    "commitOffsets" : 147,
    "getBatch" : 1,
    "latestOffset" : 7,
    "queryPlanning" : 67,
    "triggerExecution" : 5200,
    "walCommit" : 129
  },
  "stateOperators" : [ ],
  "sources" : [ {
    "description" : "KafkaV2[Subscribe[nyc-taxi-trip-started]]",
    "startOffset" : {
      "nyc-taxi-trip-started" : {
        "0" : 76,
        "1" : 38,
        "2" : 54,
        "3" : 63,
        "4" : 70,
        "5" : 71
      }
    },
    "endOffset" : {
      "nyc-taxi-trip-started" : {
        "0" : 77,
        "1" : 38,
        "2" : 54,
        "3" : 63,
        "4" : 74,
        "5" : 72
      }
    },
    "latestOffset" : {
      "nyc-taxi-trip-started" : {
        "0" : 77,
        "1" : 38,
        "2" : 54,
        "3" : 63,
        "4" : 74,
        "5" : 72
      }
    },
    "numInputRows" : 6,
    "inputRowsPerSecond" : 0.6,
    "processedRowsPerSecond" : 1.1538461538461537,
    "metrics" : {
      "avgOffsetsBehindLatest" : "0.0",
      "maxOffsetsBehindLatest" : "0",
      "minOffsetsBehindLatest" : "0"
    }
  } ],
  "sink" : {
    "description" : "DeltaSink[s3a://lakehouse/benchmark/bronze/20260518T154052Z/low/started]",
    "numOutputRows" : -1
  }
}
[benchmark][spark_progress] {"add_batch_ms": 4848, "batch_id": 6, "end_offset": {"nyc-taxi-trip-started": {"0": 77, "1": 38, "2": 54, "3": 63, "4": 74, "5": 72}}, "event_kind": "started", "get_batch_ms": 1, "input_rows_per_second": 0.6, "kafka_group_id": "nyc-taxi-bench-low-20260518T154052Z-started", "latest_offset": {"nyc-taxi-trip-started": {"0": 77, "1": 38, "2": 54, "3": 63, "4": 74, "5": 72}}, "metric_type": "spark_microbatch_progress", "num_input_rows": 6, "processed_rows_per_second": 1.1538461538461537, "start_offset": {"nyc-taxi-trip-started": {"0": 76, "1": 38, "2": 54, "3": 63, "4": 70, "5": 71}}, "timestamp": "2026-05-18T15:42:50.000Z", "topic": "nyc-taxi-trip-started", "trigger_execution_ms": 5200}
